SET @OLD_UNIQUE_CHECKS=@@UNIQUE_CHECKS, UNIQUE_CHECKS=0;
SET @OLD_FOREIGN_KEY_CHECKS=@@FOREIGN_KEY_CHECKS, FOREIGN_KEY_CHECKS=0;

USE `nu-clear-database`;


-- Dumping data for table 'User'
INSERT INTO `User` (`userId`, `userType`) VALUES (1, 'SystemAdmin');
INSERT INTO `User` (`userId`, `userType`) VALUES (2, 'SystemAdmin');
INSERT INTO `User` (`userId`, `userType`) VALUES (3, 'SystemAdmin');
INSERT INTO `User` (`userId`, `userType`) VALUES (4, 'SystemAdmin');
INSERT INTO `User` (`userId`, `userType`) VALUES (5, 'SystemAdmin');
INSERT INTO `User` (`userId`, `userType`) VALUES (6, 'SystemAdmin');
INSERT INTO `User` (`userId`, `userType`) VALUES (7, 'SystemAdmin');
INSERT INTO `User` (`userId`, `userType`) VALUES (8, 'SystemAdmin');
INSERT INTO `User` (`userId`, `userType`) VALUES (9, 'SystemAdmin');
INSERT INTO `User` (`userId`, `userType`) VALUES (10, 'SystemAdmin');
INSERT INTO `User` (`userId`, `userType`) VALUES (11, 'SystemAdmin');
INSERT INTO `User` (`userId`, `userType`) VALUES (12, 'SystemAdmin');
INSERT INTO `User` (`userId`, `userType`) VALUES (13, 'SystemAdmin');
INSERT INTO `User` (`userId`, `userType`) VALUES (14, 'SystemAdmin');
INSERT INTO `User` (`userId`, `userType`) VALUES (15, 'SystemAdmin');
INSERT INTO `User` (`userId`, `userType`) VALUES (16, 'SystemAdmin');
INSERT INTO `User` (`userId`, `userType`) VALUES (17, 'SystemAdmin');
INSERT INTO `User` (`userId`, `userType`) VALUES (18, 'SystemAdmin');
INSERT INTO `User` (`userId`, `userType`) VALUES (19, 'SystemAdmin');
INSERT INTO `User` (`userId`, `userType`) VALUES (20, 'SystemAdmin');
INSERT INTO `User` (`userId`, `userType`) VALUES (21, 'SystemAdmin');
INSERT INTO `User` (`userId`, `userType`) VALUES (22, 'SystemAdmin');
INSERT INTO `User` (`userId`, `userType`) VALUES (23, 'SystemAdmin');
INSERT INTO `User` (`userId`, `userType`) VALUES (24, 'SystemAdmin');
INSERT INTO `User` (`userId`, `userType`) VALUES (25, 'SystemAdmin');
INSERT INTO `User` (`userId`, `userType`) VALUES (26, 'SystemAdmin');
INSERT INTO `User` (`userId`, `userType`) VALUES (27, 'SystemAdmin');
INSERT INTO `User` (`userId`, `userType`) VALUES (28, 'SystemAdmin');
INSERT INTO `User` (`userId`, `userType`) VALUES (29, 'SystemAdmin');
INSERT INTO `User` (`userId`, `userType`) VALUES (30, 'SystemAdmin');
INSERT INTO `User` (`userId`, `userType`) VALUES (31, 'Student');
INSERT INTO `User` (`userId`, `userType`) VALUES (32, 'Student');
INSERT INTO `User` (`userId`, `userType`) VALUES (33, 'Student');
INSERT INTO `User` (`userId`, `userType`) VALUES (34, 'Student');
INSERT INTO `User` (`userId`, `userType`) VALUES (35, 'Student');
INSERT INTO `User` (`userId`, `userType`) VALUES (36, 'Student');
INSERT INTO `User` (`userId`, `userType`) VALUES (37, 'Student');
INSERT INTO `User` (`userId`, `userType`) VALUES (38, 'Student');
INSERT INTO `User` (`userId`, `userType`) VALUES (39, 'Student');
INSERT INTO `User` (`userId`, `userType`) VALUES (40, 'Student');
INSERT INTO `User` (`userId`, `userType`) VALUES (41, 'Student');
INSERT INTO `User` (`userId`, `userType`) VALUES (42, 'Student');
INSERT INTO `User` (`userId`, `userType`) VALUES (43, 'Student');
INSERT INTO `User` (`userId`, `userType`) VALUES (44, 'Student');
INSERT INTO `User` (`userId`, `userType`) VALUES (45, 'Student');
INSERT INTO `User` (`userId`, `userType`) VALUES (46, 'Student');
INSERT INTO `User` (`userId`, `userType`) VALUES (47, 'Student');
INSERT INTO `User` (`userId`, `userType`) VALUES (48, 'Student');
INSERT INTO `User` (`userId`, `userType`) VALUES (49, 'Student');
INSERT INTO `User` (`userId`, `userType`) VALUES (50, 'Student');
INSERT INTO `User` (`userId`, `userType`) VALUES (51, 'Student');
INSERT INTO `User` (`userId`, `userType`) VALUES (52, 'Student');
INSERT INTO `User` (`userId`, `userType`) VALUES (53, 'Student');
INSERT INTO `User` (`userId`, `userType`) VALUES (54, 'Student');
INSERT INTO `User` (`userId`, `userType`) VALUES (55, 'Student');
INSERT INTO `User` (`userId`, `userType`) VALUES (56, 'Student');
INSERT INTO `User` (`userId`, `userType`) VALUES (57, 'Student');
INSERT INTO `User` (`userId`, `userType`) VALUES (58, 'Student');
INSERT INTO `User` (`userId`, `userType`) VALUES (59, 'Student');
INSERT INTO `User` (`userId`, `userType`) VALUES (60, 'Student');
INSERT INTO `User` (`userId`, `userType`) VALUES (61, 'Advisor');
INSERT INTO `User` (`userId`, `userType`) VALUES (62, 'Advisor');
INSERT INTO `User` (`userId`, `userType`) VALUES (63, 'Advisor');
INSERT INTO `User` (`userId`, `userType`) VALUES (64, 'Advisor');
INSERT INTO `User` (`userId`, `userType`) VALUES (65, 'Advisor');
INSERT INTO `User` (`userId`, `userType`) VALUES (66, 'Advisor');
INSERT INTO `User` (`userId`, `userType`) VALUES (67, 'Advisor');
INSERT INTO `User` (`userId`, `userType`) VALUES (68, 'Advisor');
INSERT INTO `User` (`userId`, `userType`) VALUES (69, 'Advisor');
INSERT INTO `User` (`userId`, `userType`) VALUES (70, 'Advisor');
INSERT INTO `User` (`userId`, `userType`) VALUES (71, 'Advisor');
INSERT INTO `User` (`userId`, `userType`) VALUES (72, 'Advisor');
INSERT INTO `User` (`userId`, `userType`) VALUES (73, 'Advisor');
INSERT INTO `User` (`userId`, `userType`) VALUES (74, 'Advisor');
INSERT INTO `User` (`userId`, `userType`) VALUES (75, 'Advisor');
INSERT INTO `User` (`userId`, `userType`) VALUES (76, 'Advisor');
INSERT INTO `User` (`userId`, `userType`) VALUES (77, 'Advisor');
INSERT INTO `User` (`userId`, `userType`) VALUES (78, 'Advisor');
INSERT INTO `User` (`userId`, `userType`) VALUES (79, 'Advisor');
INSERT INTO `User` (`userId`, `userType`) VALUES (80, 'Advisor');
INSERT INTO `User` (`userId`, `userType`) VALUES (81, 'Advisor');
INSERT INTO `User` (`userId`, `userType`) VALUES (82, 'Advisor');
INSERT INTO `User` (`userId`, `userType`) VALUES (83, 'Advisor');
INSERT INTO `User` (`userId`, `userType`) VALUES (84, 'Advisor');
INSERT INTO `User` (`userId`, `userType`) VALUES (85, 'Advisor');
INSERT INTO `User` (`userId`, `userType`) VALUES (86, 'Advisor');
INSERT INTO `User` (`userId`, `userType`) VALUES (87, 'Advisor');
INSERT INTO `User` (`userId`, `userType`) VALUES (88, 'Advisor');
INSERT INTO `User` (`userId`, `userType`) VALUES (89, 'Advisor');
INSERT INTO `User` (`userId`, `userType`) VALUES (90, 'Advisor');
INSERT INTO `User` (`userId`, `userType`) VALUES (91, 'Data Analyst');
INSERT INTO `User` (`userId`, `userType`) VALUES (92, 'Data Analyst');
INSERT INTO `User` (`userId`, `userType`) VALUES (93, 'Data Analyst');
INSERT INTO `User` (`userId`, `userType`) VALUES (94, 'Data Analyst');
INSERT INTO `User` (`userId`, `userType`) VALUES (95, 'Data Analyst');
INSERT INTO `User` (`userId`, `userType`) VALUES (96, 'Data Analyst');
INSERT INTO `User` (`userId`, `userType`) VALUES (97, 'Data Analyst');
INSERT INTO `User` (`userId`, `userType`) VALUES (98, 'Data Analyst');
INSERT INTO `User` (`userId`, `userType`) VALUES (99, 'Data Analyst');
INSERT INTO `User` (`userId`, `userType`) VALUES (100, 'Data Analyst');
INSERT INTO `User` (`userId`, `userType`) VALUES (101, 'Data Analyst');
INSERT INTO `User` (`userId`, `userType`) VALUES (102, 'Data Analyst');
INSERT INTO `User` (`userId`, `userType`) VALUES (103, 'Data Analyst');
INSERT INTO `User` (`userId`, `userType`) VALUES (104, 'Data Analyst');
INSERT INTO `User` (`userId`, `userType`) VALUES (105, 'Data Analyst');
INSERT INTO `User` (`userId`, `userType`) VALUES (106, 'Data Analyst');
INSERT INTO `User` (`userId`, `userType`) VALUES (107, 'Data Analyst');
INSERT INTO `User` (`userId`, `userType`) VALUES (108, 'Data Analyst');
INSERT INTO `User` (`userId`, `userType`) VALUES (109, 'Data Analyst');
INSERT INTO `User` (`userId`, `userType`) VALUES (110, 'Data Analyst');
INSERT INTO `User` (`userId`, `userType`) VALUES (111, 'Data Analyst');
INSERT INTO `User` (`userId`, `userType`) VALUES (112, 'Data Analyst');
INSERT INTO `User` (`userId`, `userType`) VALUES (113, 'Data Analyst');
INSERT INTO `User` (`userId`, `userType`) VALUES (114, 'Data Analyst');
INSERT INTO `User` (`userId`, `userType`) VALUES (115, 'Data Analyst');
INSERT INTO `User` (`userId`, `userType`) VALUES (116, 'Data Analyst');
INSERT INTO `User` (`userId`, `userType`) VALUES (117, 'Data Analyst');
INSERT INTO `User` (`userId`, `userType`) VALUES (118, 'Data Analyst');
INSERT INTO `User` (`userId`, `userType`) VALUES (119, 'Data Analyst');
INSERT INTO `User` (`userId`, `userType`) VALUES (120, 'Data Analyst');
INSERT INTO `User` (`userId`, `userType`) VALUES (121, 'Employer');
INSERT INTO `User` (`userId`, `userType`) VALUES (122, 'Employer');
INSERT INTO `User` (`userId`, `userType`) VALUES (123, 'Employer');
INSERT INTO `User` (`userId`, `userType`) VALUES (124, 'Employer');
INSERT INTO `User` (`userId`, `userType`) VALUES (125, 'Employer');
INSERT INTO `User` (`userId`, `userType`) VALUES (126, 'Employer');
INSERT INTO `User` (`userId`, `userType`) VALUES (127, 'Employer');
INSERT INTO `User` (`userId`, `userType`) VALUES (128, 'Employer');
INSERT INTO `User` (`userId`, `userType`) VALUES (129, 'Employer');
INSERT INTO `User` (`userId`, `userType`) VALUES (130, 'Employer');
INSERT INTO `User` (`userId`, `userType`) VALUES (131, 'Employer');
INSERT INTO `User` (`userId`, `userType`) VALUES (132, 'Employer');
INSERT INTO `User` (`userId`, `userType`) VALUES (133, 'Employer');
INSERT INTO `User` (`userId`, `userType`) VALUES (134, 'Employer');
INSERT INTO `User` (`userId`, `userType`) VALUES (135, 'Employer');
INSERT INTO `User` (`userId`, `userType`) VALUES (136, 'Employer');
INSERT INTO `User` (`userId`, `userType`) VALUES (137, 'Employer');
INSERT INTO `User` (`userId`, `userType`) VALUES (138, 'Employer');
INSERT INTO `User` (`userId`, `userType`) VALUES (139, 'Employer');
INSERT INTO `User` (`userId`, `userType`) VALUES (140, 'Employer');
INSERT INTO `User` (`userId`, `userType`) VALUES (141, 'Employer');
INSERT INTO `User` (`userId`, `userType`) VALUES (142, 'Employer');
INSERT INTO `User` (`userId`, `userType`) VALUES (143, 'Employer');
INSERT INTO `User` (`userId`, `userType`) VALUES (144, 'Employer');
INSERT INTO `User` (`userId`, `userType`) VALUES (145, 'Employer');
INSERT INTO `User` (`userId`, `userType`) VALUES (146, 'Employer');
INSERT INTO `User` (`userId`, `userType`) VALUES (147, 'Employer');
INSERT INTO `User` (`userId`, `userType`) VALUES (148, 'Employer');
INSERT INTO `User` (`userId`, `userType`) VALUES (149, 'Employer');
INSERT INTO `User` (`userId`, `userType`) VALUES (150, 'Employer');
--150 records


-- Dumping data for table 'SystemAdmin'
INSERT INTO SystemAdmin(userId,firstName,lastName,email) VALUES (1,'Malorie','Saterweyte','malorie.saterweyte@yahoo.co.uk');
INSERT INTO SystemAdmin(userId,firstName,lastName,email) VALUES (2,'Kaitlyn','Ruprecht','kaitlyn.ruprecht@hotmail.com');
INSERT INTO SystemAdmin(userId,firstName,lastName,email) VALUES (3,'Doe','Woollam','doe.woollam@hotmail.com');
INSERT INTO SystemAdmin(userId,firstName,lastName,email) VALUES (4,'Vivian','McWhirter','vivian.mcwhirter@hotmail.com');
INSERT INTO SystemAdmin(userId,firstName,lastName,email) VALUES (5,'Ernesta','Helversen','ernesta.helversen@yahoo.com.br');
INSERT INTO SystemAdmin(userId,firstName,lastName,email) VALUES (6,'Yancy','Scrowson','yancy.scrowson@aol.com');
INSERT INTO SystemAdmin(userId,firstName,lastName,email) VALUES (7,'Marley','Wenham','marley.wenham@yahoo.co.jp');
INSERT INTO SystemAdmin(userId,firstName,lastName,email) VALUES (8,'Faunie','Haveline','faunie.haveline@yahoo.com');
INSERT INTO SystemAdmin(userId,firstName,lastName,email) VALUES (9,'Gusella','Dunsford','gusella.dunsford@hotmail.com');
INSERT INTO SystemAdmin(userId,firstName,lastName,email) VALUES (10,'Westbrook','Hague','westbrook.hague@sfr.fr');
INSERT INTO SystemAdmin(userId,firstName,lastName,email) VALUES (11,'Mattie','MacCrachen','mattie.maccrachen@yahoo.fr');
INSERT INTO SystemAdmin(userId,firstName,lastName,email) VALUES (12,'Tye','Leggis','tye.leggis@hotmail.com');
INSERT INTO SystemAdmin(userId,firstName,lastName,email) VALUES (13,'Charmane','McIlhatton','charmane.mcilhatton@gmail.com');
INSERT INTO SystemAdmin(userId,firstName,lastName,email) VALUES (14,'Robinett','Reek','robinett.reek@hotmail.com');
INSERT INTO SystemAdmin(userId,firstName,lastName,email) VALUES (15,'Elsi','Winterborne','elsi.winterborne@rediffmail.com');
INSERT INTO SystemAdmin(userId,firstName,lastName,email) VALUES (16,'Laural','Liversley','laural.liversley@yahoo.com');
INSERT INTO SystemAdmin(userId,firstName,lastName,email) VALUES (17,'Emlynne','McLoughlin','emlynne.mcloughlin@gmail.com');
INSERT INTO SystemAdmin(userId,firstName,lastName,email) VALUES (18,'Geraldine','Byron','geraldine.byron@gmail.com');
INSERT INTO SystemAdmin(userId,firstName,lastName,email) VALUES (19,'Omar','Dukesbury','omar.dukesbury@yahoo.co.in');
INSERT INTO SystemAdmin(userId,firstName,lastName,email) VALUES (20,'Mariele','Mitchelson','mariele.mitchelson@msn.com');
INSERT INTO SystemAdmin(userId,firstName,lastName,email) VALUES (21,'Edlin','Silly','edlin.silly@hotmail.com');
INSERT INTO SystemAdmin(userId,firstName,lastName,email) VALUES (22,'Frasco','Millen','frasco.millen@yahoo.com');
INSERT INTO SystemAdmin(userId,firstName,lastName,email) VALUES (23,'Sal','Scorey','sal.scorey@uol.com.br');
INSERT INTO SystemAdmin(userId,firstName,lastName,email) VALUES (24,'Cherish','Bathersby','cherish.bathersby@hotmail.com');
INSERT INTO SystemAdmin(userId,firstName,lastName,email) VALUES (25,'Pall','Ourtic','pall.ourtic@gmail.com');
INSERT INTO SystemAdmin(userId,firstName,lastName,email) VALUES (26,'Philis','Rudiger','philis.rudiger@aol.com');
INSERT INTO SystemAdmin(userId,firstName,lastName,email) VALUES (27,'Marcellina','Cathel','marcellina.cathel@sympatico.ca');
INSERT INTO SystemAdmin(userId,firstName,lastName,email) VALUES (28,'Daisi','Proom','daisi.proom@yahoo.com');
INSERT INTO SystemAdmin(userId,firstName,lastName,email) VALUES (29,'Darill','Gerdes','darill.gerdes@rambler.ru');
INSERT INTO SystemAdmin(userId,firstName,lastName,email) VALUES (30,'Tailor','Oneile','tailor.oneile@gmail.com');
-- 30 records

-- Dumping data for table 'Student'
INSERT INTO Student(nuId,userId,firstName,lastName,major,coopLevel,year,advisor) VALUES (2228991,31,'Boot','Basillon','History',2,2,123458);
INSERT INTO Student(nuId,userId,firstName,lastName,major,coopLevel,year,advisor) VALUES (2228992,32,'Selie','Tythacott','Art',2,1,123466);
INSERT INTO Student(nuId,userId,firstName,lastName,major,coopLevel,year,advisor) VALUES (2228993,33,'Margy','Phinnis','Information Technology',2,2,123483);
INSERT INTO Student(nuId,userId,firstName,lastName,major,coopLevel,year,advisor) VALUES (2228994,34,'Annissa','Schrieves','Engineering',1,3,123472);
INSERT INTO Student(nuId,userId,firstName,lastName,major,coopLevel,year,advisor) VALUES (2228995,35,'Lilias','Normanvill','Engineering',1,1,123474);
INSERT INTO Student(nuId,userId,firstName,lastName,major,coopLevel,year,advisor) VALUES (2228996,36,'Gallagher','Scotting','Business Administration',1,1,123457);
INSERT INTO Student(nuId,userId,firstName,lastName,major,coopLevel,year,advisor) VALUES (2228997,37,'Codi','McGibbon','Political Science',1,3,123479);
INSERT INTO Student(nuId,userId,firstName,lastName,major,coopLevel,year,advisor) VALUES (2228998,38,'Clemente','Jimmison','Computer Science',1,3,123462);
INSERT INTO Student(nuId,userId,firstName,lastName,major,coopLevel,year,advisor) VALUES (2228999,39,'Estrellita','Robel','Psychology',2,4,123479);
INSERT INTO Student(nuId,userId,firstName,lastName,major,coopLevel,year,advisor) VALUES (2229000,40,'Emiline','Blas','History',2,1,123471);
INSERT INTO Student(nuId,userId,firstName,lastName,major,coopLevel,year,advisor) VALUES (2229001,41,'Rutledge','Blaby','Psychology',1,3,123460);
INSERT INTO Student(nuId,userId,firstName,lastName,major,coopLevel,year,advisor) VALUES (2229002,42,'Henderson','Meehan','Political Science',1,1,123464);
INSERT INTO Student(nuId,userId,firstName,lastName,major,coopLevel,year,advisor) VALUES (2229003,43,'Mendel','Nosworthy','Political Science',2,3,123459);
INSERT INTO Student(nuId,userId,firstName,lastName,major,coopLevel,year,advisor) VALUES (2229004,44,'Anderea','McLeary','History',1,2,123463);
INSERT INTO Student(nuId,userId,firstName,lastName,major,coopLevel,year,advisor) VALUES (2229005,45,'Flint','Benez','Chemistry',2,3,123475);
INSERT INTO Student(nuId,userId,firstName,lastName,major,coopLevel,year,advisor) VALUES (2229006,46,'Kalvin','Dwelly','Mathematics',2,1,123462);
INSERT INTO Student(nuId,userId,firstName,lastName,major,coopLevel,year,advisor) VALUES (2229007,47,'Marlon','Jackman','Nursing',1,1,123481);
INSERT INTO Student(nuId,userId,firstName,lastName,major,coopLevel,year,advisor) VALUES (2229008,48,'Eliot','Curran','Engineering',1,3,123480);
INSERT INTO Student(nuId,userId,firstName,lastName,major,coopLevel,year,advisor) VALUES (2229009,49,'Giulia','Cartlidge','Physics',1,1,123475);
INSERT INTO Student(nuId,userId,firstName,lastName,major,coopLevel,year,advisor) VALUES (2229010,50,'Winnifred','De Rye Barrett','Sociology',1,3,123458);
INSERT INTO Student(nuId,userId,firstName,lastName,major,coopLevel,year,advisor) VALUES (2229011,51,'Hasheem','Haversham','Political Science',2,3,123479);
INSERT INTO Student(nuId,userId,firstName,lastName,major,coopLevel,year,advisor) VALUES (2229012,52,'Jami','Speck','Engineering',2,1,123462);
INSERT INTO Student(nuId,userId,firstName,lastName,major,coopLevel,year,advisor) VALUES (2229013,53,'Darnall','Vella','Psychology',1,4,123484);
INSERT INTO Student(nuId,userId,firstName,lastName,major,coopLevel,year,advisor) VALUES (2229014,54,'Jordana','Bulcock','Physics',1,2,123470);
INSERT INTO Student(nuId,userId,firstName,lastName,major,coopLevel,year,advisor) VALUES (2229015,55,'Leandra','Nelles','Biology',1,4,123460);
INSERT INTO Student(nuId,userId,firstName,lastName,major,coopLevel,year,advisor) VALUES (2229016,56,'Granthem','Romagosa','Mathematics',1,4,123466);
INSERT INTO Student(nuId,userId,firstName,lastName,major,coopLevel,year,advisor) VALUES (2229017,57,'Forbes','Cathie','Psychology',1,4,123470);
INSERT INTO Student(nuId,userId,firstName,lastName,major,coopLevel,year,advisor) VALUES (2229018,58,'Laurens','Yaus','Information Technology',2,3,123470);
INSERT INTO Student(nuId,userId,firstName,lastName,major,coopLevel,year,advisor) VALUES (2229019,59,'Francene','Nortcliffe','Political Science',1,1,123456);
INSERT INTO Student(nuId,userId,firstName,lastName,major,coopLevel,year,advisor) VALUES (2229020,60,'Issi','Renfrew','History',2,2,123457);
-- 30 records


--Dumping data for table 'Advisor'
INSERT INTO Advisor(nuId,userId,firstName,lastName,email,department) VALUES (123456,61,'Lonnie','Dowdall','lonnie.dowdall@yahoo.com','College of Professional Studies');
INSERT INTO Advisor(nuId,userId,firstName,lastName,email,department) VALUES (123457,62,'Denney','Brambill','denney.brambill@gmail.com','Bouvé College of Health Sciences');
INSERT INTO Advisor(nuId,userId,firstName,lastName,email,department) VALUES (123458,63,'Gael','Cescoti','gael.cescoti@hotmail.com','College of Engineering');
INSERT INTO Advisor(nuId,userId,firstName,lastName,email,department) VALUES (123459,64,'Felice','Ilsley','felice.ilsley@gmail.com','College of Social Sciences and Humanities');
INSERT INTO Advisor(nuId,userId,firstName,lastName,email,department) VALUES (123460,65,'Cornelle','Million','cornelle.million@yahoo.com','Khoury College of Computer Sciences');
INSERT INTO Advisor(nuId,userId,firstName,lastName,email,department) VALUES (123461,66,'Rabi','Lovstrom','rabi.lovstrom@aol.com','Bouvé College of Health Sciences');
INSERT INTO Advisor(nuId,userId,firstName,lastName,email,department) VALUES (123462,67,'Rycca','Zylbermann','rycca.zylbermann@hotmail.com','Bouvé College of Health Sciences');
INSERT INTO Advisor(nuId,userId,firstName,lastName,email,department) VALUES (123463,68,'Helsa','Totman','helsa.totman@gmail.com','College of Professional Studies');
INSERT INTO Advisor(nuId,userId,firstName,lastName,email,department) VALUES (123464,69,'Kare','Okey','kare.okey@gmail.com','D''Amore-McKim School of Business');
INSERT INTO Advisor(nuId,userId,firstName,lastName,email,department) VALUES (123465,70,'Arlyn','Plumm','arlyn.plumm@hotmail.com','Bouvé College of Health Sciences');
INSERT INTO Advisor(nuId,userId,firstName,lastName,email,department) VALUES (123466,71,'Christel','Livzey','christel.livzey@gmail.com','College of Professional Studies');
INSERT INTO Advisor(nuId,userId,firstName,lastName,email,department) VALUES (123467,72,'Cherise','Jore','cherise.jore@aol.com','D''Amore-McKim School of Business');
INSERT INTO Advisor(nuId,userId,firstName,lastName,email,department) VALUES (123468,73,'Adolpho','Craw','adolpho.craw@hotmail.com','College of Social Sciences and Humanities');
INSERT INTO Advisor(nuId,userId,firstName,lastName,email,department) VALUES (123469,74,'Mason','Usborn','mason.usborn@yahoo.com','College of Social Sciences and Humanities');
INSERT INTO Advisor(nuId,userId,firstName,lastName,email,department) VALUES (123470,75,'Hesther','Charleston','hesther.charleston@yandex.ru','Bouvé College of Health Sciences');
INSERT INTO Advisor(nuId,userId,firstName,lastName,email,department) VALUES (123471,76,'Carmon','Lewing','carmon.lewing@aol.com','College of Social Sciences and Humanities');
INSERT INTO Advisor(nuId,userId,firstName,lastName,email,department) VALUES (123472,77,'Kendrick','Lennon','kendrick.lennon@hotmail.com','College of Engineering');
INSERT INTO Advisor(nuId,userId,firstName,lastName,email,department) VALUES (123473,78,'Kamillah','Dumpleton','kamillah.dumpleton@aol.com','College of Arts, Media and Design');
INSERT INTO Advisor(nuId,userId,firstName,lastName,email,department) VALUES (123474,79,'Jeane','Lanfere','jeane.lanfere@hotmail.com','College of Engineering');
INSERT INTO Advisor(nuId,userId,firstName,lastName,email,department) VALUES (123475,80,'Cyndi','Delgaty','cyndi.delgaty@hotmail.com','College of Engineering');
INSERT INTO Advisor(nuId,userId,firstName,lastName,email,department) VALUES (123476,81,'Arda','Redit','arda.redit@live.com','Khoury College of Computer Sciences');
INSERT INTO Advisor(nuId,userId,firstName,lastName,email,department) VALUES (123477,82,'Jilly','Spring','jilly.spring@ymail.com','College of Arts, Media and Design');
INSERT INTO Advisor(nuId,userId,firstName,lastName,email,department) VALUES (123478,83,'Nanny','Pawelec','nanny.pawelec@web.de','College of Social Sciences and Humanities');
INSERT INTO Advisor(nuId,userId,firstName,lastName,email,department) VALUES (123479,84,'Nelie','Shuttell','nelie.shuttell@yahoo.com','College of Professional Studies');
INSERT INTO Advisor(nuId,userId,firstName,lastName,email,department) VALUES (123480,85,'Cristie','Luto','cristie.luto@hotmail.com','D''Amore-McKim School of Business');
INSERT INTO Advisor(nuId,userId,firstName,lastName,email,department) VALUES (123481,86,'Diane','Parres','diane.parres@yahoo.com','College of Professional Studies');
INSERT INTO Advisor(nuId,userId,firstName,lastName,email,department) VALUES (123482,87,'Alastair','Pawden','alastair.pawden@yandex.ru','College of Arts, Media and Design');
INSERT INTO Advisor(nuId,userId,firstName,lastName,email,department) VALUES (123483,88,'Trstram','Gircke','trstram.gircke@yahoo.com.br','College of Social Sciences and Humanities');
INSERT INTO Advisor(nuId,userId,firstName,lastName,email,department) VALUES (123484,89,'Nicki','Jest','nicki.jest@yahoo.com','College of Social Sciences and Humanities');
INSERT INTO Advisor(nuId,userId,firstName,lastName,email,department) VALUES (123485,90,'Bobbee','Marquese','bobbee.marquese@hotmail.com','College of Social Sciences and Humanities');
-- 30 records


-- Dumping data for table 'Data Analyst'
INSERT INTO DataAnalyst(userId,firstName,lastName) VALUES (91,'Rafael','Fontin');
INSERT INTO DataAnalyst(userId,firstName,lastName) VALUES (92,'Juliane','Rittmeyer');
INSERT INTO DataAnalyst(userId,firstName,lastName) VALUES (93,'Alard','Piggrem');
INSERT INTO DataAnalyst(userId,firstName,lastName) VALUES (94,'Evey','Aucoate');
INSERT INTO DataAnalyst(userId,firstName,lastName) VALUES (95,'Sasha','Ahlin');
INSERT INTO DataAnalyst(userId,firstName,lastName) VALUES (96,'Gaultiero','Uc');
INSERT INTO DataAnalyst(userId,firstName,lastName) VALUES (97,'Piggy','Mercer');
INSERT INTO DataAnalyst(userId,firstName,lastName) VALUES (98,'Clerissa','Craster');
INSERT INTO DataAnalyst(userId,firstName,lastName) VALUES (99,'Ellyn','Clifft');
INSERT INTO DataAnalyst(userId,firstName,lastName) VALUES (100,'Etheline','Marvin');
INSERT INTO DataAnalyst(userId,firstName,lastName) VALUES (101,'Ebenezer','Shine');
INSERT INTO DataAnalyst(userId,firstName,lastName) VALUES (102,'Becky','Bristo');
INSERT INTO DataAnalyst(userId,firstName,lastName) VALUES (103,'Rolando','Littlechild');
INSERT INTO DataAnalyst(userId,firstName,lastName) VALUES (104,'Sibeal','Cordoba');
INSERT INTO DataAnalyst(userId,firstName,lastName) VALUES (105,'Merola','Meggison');
INSERT INTO DataAnalyst(userId,firstName,lastName) VALUES (106,'Torie','Ramard');
INSERT INTO DataAnalyst(userId,firstName,lastName) VALUES (107,'Payton','Kemston');
INSERT INTO DataAnalyst(userId,firstName,lastName) VALUES (108,'Chucho','Garrattley');
INSERT INTO DataAnalyst(userId,firstName,lastName) VALUES (109,'Hilliard','Cartmail');
INSERT INTO DataAnalyst(userId,firstName,lastName) VALUES (110,'Sara','Vallintine');
INSERT INTO DataAnalyst(userId,firstName,lastName) VALUES (111,'Candida','Sichardt');
INSERT INTO DataAnalyst(userId,firstName,lastName) VALUES (112,'Mirabel','Whitby');
INSERT INTO DataAnalyst(userId,firstName,lastName) VALUES (113,'Petra','Allsepp');
INSERT INTO DataAnalyst(userId,firstName,lastName) VALUES (114,'Genny','Rosekilly');
INSERT INTO DataAnalyst(userId,firstName,lastName) VALUES (115,'Mortimer','Wetton');
INSERT INTO DataAnalyst(userId,firstName,lastName) VALUES (116,'Marjie','Calway');
INSERT INTO DataAnalyst(userId,firstName,lastName) VALUES (117,'Wileen','Gilsthorpe');
INSERT INTO DataAnalyst(userId,firstName,lastName) VALUES (118,'Kristian','Billsberry');
INSERT INTO DataAnalyst(userId,firstName,lastName) VALUES (119,'Shaun','Gartin');
INSERT INTO DataAnalyst(userId,firstName,lastName) VALUES (120,'Gina','Cours');
-- 30 records
 

-- Dumping data for table 'Employer'
INSERT INTO Employer(userId,firstName,lastName,email,role,department,company) VALUES (121,'Yank','Hemeret','yank.hemeret@yahoo.com','Human Resources Specialist','Customer Service',3);
INSERT INTO Employer(userId,firstName,lastName,email,role,department,company) VALUES (122,'Elke','McLeary','elke.mcleary@hotmail.com','Marketing Specialist','Research and Development',12);
INSERT INTO Employer(userId,firstName,lastName,email,role,department,company) VALUES (123,'Emiline','Ankers','emiline.ankers@hotmail.com','Quality Assurance Engineer','Administration',4);
INSERT INTO Employer(userId,firstName,lastName,email,role,department,company) VALUES (124,'Ansel','Mousby','ansel.mousby@orange.fr','Project Coordinator','Customer Service',30);
INSERT INTO Employer(userId,firstName,lastName,email,role,department,company) VALUES (125,'Gale','Olczyk','gale.olczyk@gmail.com','Quality Assurance Engineer','Research and Development',25);
INSERT INTO Employer(userId,firstName,lastName,email,role,department,company) VALUES (126,'Louella','Tregaskis','louella.tregaskis@gmail.com','Manager','Customer Service',9);
INSERT INTO Employer(userId,firstName,lastName,email,role,department,company) VALUES (127,'Buddy','Behagg','buddy.behagg@hotmail.com','Marketing Specialist','Customer Service',22);
INSERT INTO Employer(userId,firstName,lastName,email,role,department,company) VALUES (128,'Cass','Nicolson','cass.nicolson@hotmail.com','Data Analyst','Research and Development',8);
INSERT INTO Employer(userId,firstName,lastName,email,role,department,company) VALUES (129,'Evey','Elwin','evey.elwin@yahoo.com','Project Coordinator','Human Resources',18);
INSERT INTO Employer(userId,firstName,lastName,email,role,department,company) VALUES (130,'Jeramie','Larroway','jeramie.larroway@gmail.com','Software Developer','Administration',10);
INSERT INTO Employer(userId,firstName,lastName,email,role,department,company) VALUES (131,'Shaine','Chennells','shaine.chennells@yahoo.com','Human Resources Specialist','Sales',2);
INSERT INTO Employer(userId,firstName,lastName,email,role,department,company) VALUES (132,'Lanny','Merchant','lanny.merchant@orange.fr','Sales Representative','Production',16);
INSERT INTO Employer(userId,firstName,lastName,email,role,department,company) VALUES (133,'Stillmann','Sherry','stillmann.sherry@yahoo.com','Project Coordinator','Marketing',23);
INSERT INTO Employer(userId,firstName,lastName,email,role,department,company) VALUES (134,'Simone','Greatland','simone.greatland@hotmail.com','Marketing Specialist','Sales',19);
INSERT INTO Employer(userId,firstName,lastName,email,role,department,company) VALUES (135,'Trever','Roake','trever.roake@live.co.uk','Quality Assurance Engineer','Legal',27);
INSERT INTO Employer(userId,firstName,lastName,email,role,department,company) VALUES (136,'Matthus','Gimenez','matthus.gimenez@hotmail.com','Administrative Assistant','Legal',4);
INSERT INTO Employer(userId,firstName,lastName,email,role,department,company) VALUES (137,'Haslett','Bulmer','haslett.bulmer@charter.net','Data Analyst','Marketing',14);
INSERT INTO Employer(userId,firstName,lastName,email,role,department,company) VALUES (138,'Berkie','Coil','berkie.coil@yahoo.com','Sales Representative','Legal',16);
INSERT INTO Employer(userId,firstName,lastName,email,role,department,company) VALUES (139,'Phil','Muckian','phil.muckian@gmail.com','Sales Representative','Logistics',14);
INSERT INTO Employer(userId,firstName,lastName,email,role,department,company) VALUES (140,'Jeanie','Kensett','jeanie.kensett@live.nl','Team Leader','Customer Service',30);
INSERT INTO Employer(userId,firstName,lastName,email,role,department,company) VALUES (141,'Farleigh','Tonkin','farleigh.tonkin@gmail.com','Software Developer','Purchasing',28);
INSERT INTO Employer(userId,firstName,lastName,email,role,department,company) VALUES (142,'Perkin','Vankin','perkin.vankin@hotmail.com','Administrative Assistant','Legal',20);
INSERT INTO Employer(userId,firstName,lastName,email,role,department,company) VALUES (143,'Christophorus','McGeechan','christophorus.mcgeechan@yahoo.co.uk','Manager','IT',24);
INSERT INTO Employer(userId,firstName,lastName,email,role,department,company) VALUES (144,'Jarrett','Habbal','jarrett.habbal@hotmail.com','Data Analyst','Production',25);
INSERT INTO Employer(userId,firstName,lastName,email,role,department,company) VALUES (145,'Izabel','Philipeaux','izabel.philipeaux@aol.com','Marketing Specialist','Legal',4);
INSERT INTO Employer(userId,firstName,lastName,email,role,department,company) VALUES (146,'Kathryne','Barbosa','kathryne.barbosa@hotmail.com','Software Developer','IT',5);
INSERT INTO Employer(userId,firstName,lastName,email,role,department,company) VALUES (147,'Briana','Finnigan','briana.finnigan@tiscali.it','Team Leader','Purchasing',7);
INSERT INTO Employer(userId,firstName,lastName,email,role,department,company) VALUES (148,'Cobby','Troak','cobby.troak@hotmail.co.uk','Software Developer','Legal',21);
INSERT INTO Employer(userId,firstName,lastName,email,role,department,company) VALUES (149,'Jules','Pawling','jules.pawling@yahoo.com','Sales Representative','Finance',19);
INSERT INTO Employer(userId,firstName,lastName,email,role,department,company) VALUES (150,'Celka','Cancellor','celka.cancellor@gmail.com','Marketing Specialist','Administration',28);
-- 30 records


-- Dumping data for table 'Company'
INSERT INTO Company(companyId,companyName,size) VALUES (1,'Visionary Ideas Group',8712);
INSERT INTO Company(companyId,companyName,size) VALUES (2,'Data Dynamics Corp.',3504);
INSERT INTO Company(companyId,companyName,size) VALUES (3,'Advanced Manufacturing Solutions',3234);
INSERT INTO Company(companyId,companyName,size) VALUES (4,'Sustainable Ventures',1017);
INSERT INTO Company(companyId,companyName,size) VALUES (5,'Creative Solutions Ltd.',7967);
INSERT INTO Company(companyId,companyName,size) VALUES (6,'Quantum Systems Co.',674);
INSERT INTO Company(companyId,companyName,size) VALUES (7,'Advanced Manufacturing Solutions',9776);
INSERT INTO Company(companyId,companyName,size) VALUES (8,'Sustainable Ventures',5505);
INSERT INTO Company(companyId,companyName,size) VALUES (9,'Visionary Ideas Group',969);
INSERT INTO Company(companyId,companyName,size) VALUES (10,'Data Dynamics Corp.',39);
INSERT INTO Company(companyId,companyName,size) VALUES (11,'NextGen Technologies',9575);
INSERT INTO Company(companyId,companyName,size) VALUES (12,'Eco-Friendly Products LLC',3374);
INSERT INTO Company(companyId,companyName,size) VALUES (13,'Tech Innovations LLC',766);
INSERT INTO Company(companyId,companyName,size) VALUES (14,'Data Dynamics Corp.',7183);
INSERT INTO Company(companyId,companyName,size) VALUES (15,'Quantum Systems Co.',6531);
INSERT INTO Company(companyId,companyName,size) VALUES (16,'Eco-Friendly Products LLC',5334);
INSERT INTO Company(companyId,companyName,size) VALUES (17,'NextGen Technologies',7039);
INSERT INTO Company(companyId,companyName,size) VALUES (18,'Global Enterprises Inc.',533);
INSERT INTO Company(companyId,companyName,size) VALUES (19,'Quantum Systems Co.',5283);
INSERT INTO Company(companyId,companyName,size) VALUES (20,'Visionary Ideas Group',6574);
INSERT INTO Company(companyId,companyName,size) VALUES (21,'NextGen Technologies',5198);
INSERT INTO Company(companyId,companyName,size) VALUES (22,'Global Enterprises Inc.',6358);
INSERT INTO Company(companyId,companyName,size) VALUES (23,'Visionary Ideas Group',6245);
INSERT INTO Company(companyId,companyName,size) VALUES (24,'Creative Solutions Ltd.',3034);
INSERT INTO Company(companyId,companyName,size) VALUES (25,'Advanced Manufacturing Solutions',3007);
INSERT INTO Company(companyId,companyName,size) VALUES (26,'Global Enterprises Inc.',6939);
INSERT INTO Company(companyId,companyName,size) VALUES (27,'Visionary Ideas Group',2753);
INSERT INTO Company(companyId,companyName,size) VALUES (28,'Global Enterprises Inc.',376);
INSERT INTO Company(companyId,companyName,size) VALUES (29,'Global Enterprises Inc.',2524);
INSERT INTO Company(companyId,companyName,size) VALUES (30,'Data Dynamics Corp.',1009);
-- 30 records


-- Dumping data for table 'Coop'
INSERT INTO Coop(jobId,locationCity,locationState,locationCountry,title,description,company) VALUES (1,'Cambridge','Massachusetts','United States','Mechanical Engineer Intern','Levis in gravitate brevis soleat esse ut eius magnitudinem celeritas',1);
INSERT INTO Coop(jobId,locationCity,locationState,locationCountry,title,description,company) VALUES (2,'Fayetteville','North Carolina','United States','Graphic Designer Intern','Vacillare tuentur tamen eum locum seque facile ut mihi videtur',2);
INSERT INTO Coop(jobId,locationCity,locationState,locationCountry,title,description,company) VALUES (3,'San Francisco','California','United States','Backend Developer Intern','Ut nulli propter eas consequantur dolores et',3);
INSERT INTO Coop(jobId,locationCity,locationState,locationCountry,title,description,company) VALUES (4,'Minneapolis','Minnesota','United States','Data Scientist Intern','Hoc commune vitium illae Epicuri propriae ruinae censet enim',4);
INSERT INTO Coop(jobId,locationCity,locationState,locationCountry,title,description,company) VALUES (5,'Washington','District of Columbia','United States','Systems Engineer Intern','Non existimant oportere nimium nos causae confidere sed',5);
INSERT INTO Coop(jobId,locationCity,locationState,locationCountry,title,description,company) VALUES (6,'Denver','Colorado','United States','Game Developer Intern','Credere aliquid esse minimum quod profecto numquam putavisset si a Polyaeno',6);
INSERT INTO Coop(jobId,locationCity,locationState,locationCountry,title,description,company) VALUES (7,'Roanoke','Virginia','United States','Graphic Designer Intern','Et eos quasi concordia quadam placet ac leniat Temperantia',7);
INSERT INTO Coop(jobId,locationCity,locationState,locationCountry,title,description,company) VALUES (8,'Las Vegas','Nevada','United States','Data Engineer Intern','Minus legimus quam hoc idem Graecum quae',8);
INSERT INTO Coop(jobId,locationCity,locationState,locationCountry,title,description,company) VALUES (9,'Salt Lake City','Utah','United States','Civil Engineer Intern','Sane -- ''At si voluptas summum sit bonum affirmatis nullam omnino fore De qua',9);
INSERT INTO Coop(jobId,locationCity,locationState,locationCountry,title,description,company) VALUES (10,'Phoenix','Arizona','United States','Mobile App Developer Intern','Sed ex eo perciperet corpore voluptatem aut cum Latinis tertio consulatu',10);
INSERT INTO Coop(jobId,locationCity,locationState,locationCountry,title,description,company) VALUES (11,'Buffalo','New York','United States','Game Developer Intern','Omnem perturbari videmus errore et inscientia sapientiamque esse solam quae nos',11);
INSERT INTO Coop(jobId,locationCity,locationState,locationCountry,title,description,company) VALUES (12,'Muskegon','Michigan','United States','Data Scientist Intern','Fuisse desideraturam Idcirco enim non desideraret quia quod dolore caret id in hominum',12);
INSERT INTO Coop(jobId,locationCity,locationState,locationCountry,title,description,company) VALUES (13,'Los Angeles','California','United States','Full Stack Developer Intern','Vim tantam habent ut non modo non inopem ut vulgo putarent sed',13);
INSERT INTO Coop(jobId,locationCity,locationState,locationCountry,title,description,company) VALUES (14,'North Port','Florida','United States','Business Analyst Intern','Venire ut abhorreant a Latinis quod inciderint',14);
INSERT INTO Coop(jobId,locationCity,locationState,locationCountry,title,description,company) VALUES (15,'Denver','Colorado','United States','Visual Designer Intern','Cogitemus infinitio ipsa quam apeirian vocant tota ab illo',15);
INSERT INTO Coop(jobId,locationCity,locationState,locationCountry,title,description,company) VALUES (16,'Indianapolis','Indiana','United States','QA Engineer Intern','Intellegere quid diceret Aliena dixit in',16);
INSERT INTO Coop(jobId,locationCity,locationState,locationCountry,title,description,company) VALUES (17,'Indianapolis','Indiana','United States','Frontend Developer Intern','Nisi dolorem de quibus neque depravate iudicant neque corrupte nonne',17);
INSERT INTO Coop(jobId,locationCity,locationState,locationCountry,title,description,company) VALUES (18,'Garden Grove','California','United States','Operations Intern','Semper desperantes aut malivoli invidi difficiles lucifugi maledici',18);
INSERT INTO Coop(jobId,locationCity,locationState,locationCountry,title,description,company) VALUES (19,'Memphis','Tennessee','United States','Sales Intern','Individua propter soliditatem censet in infinito inani in quo a populo Romano',19);
INSERT INTO Coop(jobId,locationCity,locationState,locationCountry,title,description,company) VALUES (20,'Tampa','Florida','United States','Backend Developer Intern','Vitae optimum et verissimum sit exquirere An partus ancillae sitne in',20);
INSERT INTO Coop(jobId,locationCity,locationState,locationCountry,title,description,company) VALUES (21,'Richmond','Virginia','United States','Robotics Engineer Intern','Corporis voluptatibus et doloribus -- itaque concedo quod modo dicebas cadere causa',21);
INSERT INTO Coop(jobId,locationCity,locationState,locationCountry,title,description,company) VALUES (22,'San Jose','California','United States','Electrical Engineer Intern','Enim cupio quid non probes Principio inquam in physicis quibus maxime',22);
INSERT INTO Coop(jobId,locationCity,locationState,locationCountry,title,description,company) VALUES (23,'Atlanta','Georgia','United States','AI Research Intern','Iucunditatem vitae tenere possumus neque vero ipsam amicitiam tueri nisi aeque',23);
INSERT INTO Coop(jobId,locationCity,locationState,locationCountry,title,description,company) VALUES (24,'Appleton','Wisconsin','United States','Visual Designer Intern','Dici possunt Ut enim sapientiam temperantiam fortitudinem copulatas esse docui',24);
INSERT INTO Coop(jobId,locationCity,locationState,locationCountry,title,description,company) VALUES (25,'Nashville','Tennessee','United States','DevOps Engineer Intern','Voluptate velit esse cillum dolore eu fugiat nulla pariatur Excepteur sint',25);
INSERT INTO Coop(jobId,locationCity,locationState,locationCountry,title,description,company) VALUES (26,'Charleston','South Carolina','United States','Graphic Designer Intern','Animal simul atque natum sit voluptatem appetere eaque',26);
INSERT INTO Coop(jobId,locationCity,locationState,locationCountry,title,description,company) VALUES (27,'Sacramento','California','United States','Sales Intern','Omnisque puerilis est delectatio aut se ut Plato in',27);
INSERT INTO Coop(jobId,locationCity,locationState,locationCountry,title,description,company) VALUES (28,'Honolulu','Hawaii','United States','Full Stack Developer Intern','In Cumanum salutandi causa uterque venisset pauca primo inter nos ea',28);
INSERT INTO Coop(jobId,locationCity,locationState,locationCountry,title,description,company) VALUES (29,'Spring','Texas','United States','Game Developer Intern','Familiarem nostrum Posidonium Quid Theophrastus mediocriterne delectat cum tractat locos',29);
INSERT INTO Coop(jobId,locationCity,locationState,locationCountry,title,description,company) VALUES (30,'Little Rock','Arkansas','United States','Graphic Designer Intern','Minus animo aequo e vita cum ea non',30);
--30 records

#
# Dumping data for table 'Visualization'
# 

INSERT INTO Visualization(visualizationId,type,filters,company,createdBy,updatedBy) VALUES (1,'Area Chart','Omnes veri erunt, ut Epicuri ratio docet, tum denique poterit aliquid cognosci et percipi. Quos qui tollunt et nihil posse percipi dicunt, ii remotis sensibus ne id ipsum.',23,117,117);
INSERT INTO Visualization(visualizationId,type,filters,company,createdBy,updatedBy) VALUES (2,'Tree Map','Eos, qui ratione voluptatem sequi nesciunt, neque porro quisquam est, qui dolorem eum fugiat, quo voluptas nulla pariatur? At vero.',28,107,107);
INSERT INTO Visualization(visualizationId,type,filters,company,createdBy,updatedBy) VALUES (3,'Heat Map','Antiquitate repetitis tria vix amicorum paria reperiuntur, ut ad Orestem pervenias profectus a Theseo. At vero Epicurus una.',4,97,97);
INSERT INTO Visualization(visualizationId,type,filters,company,createdBy,updatedBy) VALUES (4,'Histogram','Res se habeat. Nam si ea sola voluptas esset, quae quasi titillaret sensus, ut ita dicam, et ad tranquillitatem ferant, quid est enim aut utilior aut ad naturam aut contra sit, a natura ipsa iudicari. Ea quid percipit aut quid iudicat, quo.',14,103,103);
INSERT INTO Visualization(visualizationId,type,filters,company,createdBy,updatedBy) VALUES (5,'Bubble Chart','Legendus sit. Rudem enim esse censet, quantus.',3,120,120);
INSERT INTO Visualization(visualizationId,type,filters,company,createdBy,updatedBy) VALUES (6,'Radar Chart','Litteris mandaremus, fore ut atomus altera alteram posset attingere itaque ** attulit rem commenticiam: declinare dixit atomum perpaulum, quo nihil turpius physico, quam fieri.',7,102,102);
INSERT INTO Visualization(visualizationId,type,filters,company,createdBy,updatedBy) VALUES (7,'Tree Map','Eosque humili animo inbecilloque ferre miserum est, ob eamque debilitatem animi multi parentes, multi amicos, non nulli patriam, plerique autem se ipsos penitus perdiderunt, sic robustus animus et a spe pariendarum voluptatum seiungi.',14,98,98);
INSERT INTO Visualization(visualizationId,type,filters,company,createdBy,updatedBy) VALUES (8,'Tree Map','Improbe parta minuit, sed potius.',25,97,97);
INSERT INTO Visualization(visualizationId,type,filters,company,createdBy,updatedBy) VALUES (9,'Area Chart','Ne interiret. -- At magnum periculum adiit. -- In oculis quidem exercitus. -- Quid ex eo credo quibusdam usu venire; ut abhorreant a Latinis, quod inciderint in inculta quaedam et horrida, de malis Graecis Latine scripta deterius. Quibus ego assentior, dum modo de isdem.',3,112,112);
INSERT INTO Visualization(visualizationId,type,filters,company,createdBy,updatedBy) VALUES (10,'Scatter Plot','Illo, recta et honesta quae sint, ea facere ipsa per se ipsam optabilem, sed quia non numquam eius modi tempora incidunt, ut labore et dolore disputandum putant. Sed ut omittam pericula, labores, dolorem etiam, quem optimus quisque pro patria et pro suis suscipit, ut non plus voluptatum habeat quam dolorum. Nam et.',28,91,91);
INSERT INTO Visualization(visualizationId,type,filters,company,createdBy,updatedBy) VALUES (11,'Line Chart','Cum miraretur ille quidem utrumque, Phaedrum autem etiam amaret, cotidieque inter nos ea, quae senserit ille, tibi non vera videantur. Vide, quantum, inquam, fallare, Torquate. Oratio me istius philosophi non offendit; nam et complectitur verbis, quod vult, et dicit plane, quod intellegam; et tamen in quibusdam neque pecuniae.',26,117,117);
INSERT INTO Visualization(visualizationId,type,filters,company,createdBy,updatedBy) VALUES (12,'Scatter Plot','Contineri suam. Atque haec ratio late.',19,94,94);
INSERT INTO Visualization(visualizationId,type,filters,company,createdBy,updatedBy) VALUES (13,'Bar Chart','Putant. Sed ut iis bonis erigimur, quae expectamus, sic laetamur iis, quae.',4,112,112);
INSERT INTO Visualization(visualizationId,type,filters,company,createdBy,updatedBy) VALUES (14,'Histogram','Offendimur, dolor, doloris omnis privatio recte nominata est voluptas. Ut enim, cum cibo et potione fames sitisque depulsa est, ipsa detractio molestiae consecutionem affert voluptatis, sic.',21,117,117);
INSERT INTO Visualization(visualizationId,type,filters,company,createdBy,updatedBy) VALUES (15,'Scatter Plot','Rationis et inter mediocrem animadversionem atque admonitionem. Altera occulta quaedam.',20,96,96);
INSERT INTO Visualization(visualizationId,type,filters,company,createdBy,updatedBy) VALUES (16,'Line Chart','Neque sint conversa de Graecis? Nam si dicent ab illis has res esse tractatas, ne ipsos quidem Graecos.',10,120,120);
INSERT INTO Visualization(visualizationId,type,filters,company,createdBy,updatedBy) VALUES (17,'Histogram','Se ipse dissidens secumque discordans gustare partem ullam liquidae voluptatis.',15,92,92);
INSERT INTO Visualization(visualizationId,type,filters,company,createdBy,updatedBy) VALUES (18,'Bar Chart','Eas voluptates, quae ad amicos pertinerent, negarent esse per se esse fugiendum. Itaque aiunt hanc quasi naturalem atque insitam in animis inclusae inter se reprehensiones non sunt vituperandae, maledicta, contumeliae, tum iracundiae, contentiones concertationesque in disputando pertinaces indignae philosophia.',24,109,109);
INSERT INTO Visualization(visualizationId,type,filters,company,createdBy,updatedBy) VALUES (19,'Area Chart','Eumque motum atomorum nullo a principio, sed ex aeterno tempore intellegi convenire. Epicurus autem, in quibus hoc primum est in voluptate ponit, quod summum bonum esse vult, summumque malum dolorem, idque instituit docere.',21,98,98);
INSERT INTO Visualization(visualizationId,type,filters,company,createdBy,updatedBy) VALUES (20,'Heat Map','Distrahi possint, sic de iustitia iudicandum est, quae non modo fautrices fidelissimae, sed etiam cogitemus; infinitio ipsa, quam.',22,92,92);
INSERT INTO Visualization(visualizationId,type,filters,company,createdBy,updatedBy) VALUES (21,'Histogram','Nobis iniucundus labor. Iis igitur est non miser.',19,114,114);
INSERT INTO Visualization(visualizationId,type,filters,company,createdBy,updatedBy) VALUES (22,'Pie Chart','Placet an de una voluptate quaeri, de qua Epicurus quidem ita dicit, omnium rerum, quas ad beate vivendum.',15,95,95);
INSERT INTO Visualization(visualizationId,type,filters,company,createdBy,updatedBy) VALUES (23,'Histogram','Impetu incurrunt, sed intus etiam in.',15,91,91);
INSERT INTO Visualization(visualizationId,type,filters,company,createdBy,updatedBy) VALUES (24,'Line Chart','Ad iustitiam, aequitatem, fidem, neque homini infanti aut inpotenti iniuste facta conducunt, qui nec facile efficere possit, quod melius sit, migrare de vita. His rebus instructus semper est in quo a nobis explicatam esse his litteris arbitramur, in quibus, quantum potuimus, non modo nullam.',5,92,92);
INSERT INTO Visualization(visualizationId,type,filters,company,createdBy,updatedBy) VALUES (25,'Tree Map','Cotidieque inter nos de litteris, quarum summum erat in utroque studium, deinde Torquatus: Quoniam nacti te, inquit, sumus aliquando otiosum, certe audiam, quid sit.',14,108,108);
INSERT INTO Visualization(visualizationId,type,filters,company,createdBy,updatedBy) VALUES (26,'Radar Chart','Scaevolam M''.que Manilium, ab iisque vitiis, quae paulo ante cum memoriter, tum etiam erga nos amice et benivole collegisti, nec me tamen laudandis maioribus meis corrupisti nec segniorem ad respondendum reddidisti. Quorum facta quem ad modum.',3,101,101);
INSERT INTO Visualization(visualizationId,type,filters,company,createdBy,updatedBy) VALUES (27,'Radar Chart','Legimus quam hoc idem Graecum, quae autem tanta ex improbis factis ad minuendas vitae molestias accessio potest fieri, quanta ad augendas, cum conscientia factorum, tum poena legum odioque civium? Et tamen in quibusdam neque pecuniae modus est ullus investigandi veri.',12,98,98);
INSERT INTO Visualization(visualizationId,type,filters,company,createdBy,updatedBy) VALUES (28,'Bar Chart','Vidisse verum maximisque erroribus animos hominum liberavisse et omnia tradidisse, quae pertinerent ad bene vivendum aptior partitio quam illa, qua est usus Epicurus? Qui unum genus posuit earum cupiditatum, quae essent et naturales.',2,99,99);
INSERT INTO Visualization(visualizationId,type,filters,company,createdBy,updatedBy) VALUES (29,'Scatter Plot','Reprehensa et correcta permulta. Nunc dicam de voluptate, a meque ei responsum, cum C. Triarius, in primis gravis et doctus adolescens, ei disputationi interesset. Nam cum ad me.',24,93,93);
INSERT INTO Visualization(visualizationId,type,filters,company,createdBy,updatedBy) VALUES (30,'Area Chart','Se etiam videtur multis voluptatibus, cum ipsi naturae patrioque amori praetulerit ius maiestatis atque imperii. Quid? T. Torquatus, is qui consul cum Cn. Octavio fuit, cum illam severitatem in eo ipso parum vidit, deinde hoc quoque alienum; nam ante Aristippus, et ille melius. Addidisti ad extremum etiam indoctum fuisse. Fieri, inquam, Triari, nullo pacto potest, ut.',16,99,99);
INSERT INTO Visualization(visualizationId,type,filters,company,createdBy,updatedBy) VALUES (31,'Pie Chart','Torquatos nostros? Quos tu paulo ante collegi, abest plurimum et, cum stultorum.',28,119,119);
INSERT INTO Visualization(visualizationId,type,filters,company,createdBy,updatedBy) VALUES (32,'Line Chart','Omnium rerum occultarum ignoratione sublata et moderatio natura cupiditatum generibusque earum explicatis, et, ut dixi, ad lineam, hunc naturalem esse omnium corporum motum. Deinde ibidem homo acutus, cum illud ocurreret, si omnia deorsus e regione inferiorem locum petentium sine.',22,108,108);
INSERT INTO Visualization(visualizationId,type,filters,company,createdBy,updatedBy) VALUES (33,'Area Chart','Turma omnis chorusque: ''chaere, Tite!'' hinc hostis mi Albucius, hinc inimicus. Sed iure Mucius. Ego autem mirari satis non queo unde hoc.',2,96,96);
INSERT INTO Visualization(visualizationId,type,filters,company,createdBy,updatedBy) VALUES (34,'Bar Chart','Commodi consequatur? Quis autem vel eum.',20,108,108);
INSERT INTO Visualization(visualizationId,type,filters,company,createdBy,updatedBy) VALUES (35,'Radar Chart','Molestias esse fugiendam? Eademque ratione ne temperantiam quidem propter se.',30,111,111);
INSERT INTO Visualization(visualizationId,type,filters,company,createdBy,updatedBy) VALUES (36,'Bubble Chart','Nihil uberius, nihil iucundius. Nec vero hoc oratione solum, sed multo etiam magis, quorum.',11,93,93);
INSERT INTO Visualization(visualizationId,type,filters,company,createdBy,updatedBy) VALUES (37,'Pie Chart','Reprehendunt, si remissius agatur, sed tantum studium tamque multam operam ponendam in eo ipso parum vidit, deinde hoc quoque alienum; nam ante Aristippus, et ille melius. Addidisti ad extremum etiam indoctum fuisse. Fieri, inquam, Triari, nullo.',10,108,108);
INSERT INTO Visualization(visualizationId,type,filters,company,createdBy,updatedBy) VALUES (38,'Bubble Chart','Temeritate derepta certissimam se nobis ducem praebeat ad voluptatem. Sapientia enim est una, quae maestitiam pellat ex animis, quae nos exhorrescere metu non sinat. Qua praeceptrice in tranquillitate vivi potest omnium cupiditatum ardore restincto. Cupiditates enim.',5,97,97);
INSERT INTO Visualization(visualizationId,type,filters,company,createdBy,updatedBy) VALUES (39,'Histogram','Quam ut ipse constituit, e regione ferrentur et, ut modo docui, cognitionis regula et iudicio ab eadem illa.',12,107,107);
INSERT INTO Visualization(visualizationId,type,filters,company,createdBy,updatedBy) VALUES (40,'Radar Chart','Non legat? Nisi qui se Latina scripta dicunt contemnere. In quibus nulla solida utilitas omnisque puerilis est delectatio, aut se, ut Plato, in musicis, geometria, numeris, astris contereret, quae et terroribus cupiditatibusque detractis et omnium falsarum opinionum temeritate derepta.',24,106,106);



# 40 records
 
#
# Dumping data for table 'Permission'
#
 
INSERT INTO Permission(permissionId,editedBy,canEditPerms,canEditModule,canEditAccSettings,canCreateReview,canCreateCoopListing,canCreateModule,canViewReview,canViewCoopListing,canViewModule,canDeleteReview,canDeleteCoopListing,canDeleteModule) VALUES (1,3,0,0,0,1,1,0,0,1,0,1,0,0);
INSERT INTO Permission(permissionId,editedBy,canEditPerms,canEditModule,canEditAccSettings,canCreateReview,canCreateCoopListing,canCreateModule,canViewReview,canViewCoopListing,canViewModule,canDeleteReview,canDeleteCoopListing,canDeleteModule) VALUES (2,9,0,0,0,0,0,1,0,0,1,0,1,0);
INSERT INTO Permission(permissionId,editedBy,canEditPerms,canEditModule,canEditAccSettings,canCreateReview,canCreateCoopListing,canCreateModule,canViewReview,canViewCoopListing,canViewModule,canDeleteReview,canDeleteCoopListing,canDeleteModule) VALUES (3,30,0,1,1,0,0,0,0,1,0,1,1,0);
INSERT INTO Permission(permissionId,editedBy,canEditPerms,canEditModule,canEditAccSettings,canCreateReview,canCreateCoopListing,canCreateModule,canViewReview,canViewCoopListing,canViewModule,canDeleteReview,canDeleteCoopListing,canDeleteModule) VALUES (4,21,1,0,0,1,1,0,0,1,1,0,0,1);
INSERT INTO Permission(permissionId,editedBy,canEditPerms,canEditModule,canEditAccSettings,canCreateReview,canCreateCoopListing,canCreateModule,canViewReview,canViewCoopListing,canViewModule,canDeleteReview,canDeleteCoopListing,canDeleteModule) VALUES (5,10,1,1,0,1,0,1,0,1,1,0,1,1);
INSERT INTO Permission(permissionId,editedBy,canEditPerms,canEditModule,canEditAccSettings,canCreateReview,canCreateCoopListing,canCreateModule,canViewReview,canViewCoopListing,canViewModule,canDeleteReview,canDeleteCoopListing,canDeleteModule) VALUES (6,21,0,1,1,1,1,0,1,1,1,1,1,0);
INSERT INTO Permission(permissionId,editedBy,canEditPerms,canEditModule,canEditAccSettings,canCreateReview,canCreateCoopListing,canCreateModule,canViewReview,canViewCoopListing,canViewModule,canDeleteReview,canDeleteCoopListing,canDeleteModule) VALUES (7,8,1,0,1,1,0,1,1,0,1,0,1,0);
INSERT INTO Permission(permissionId,editedBy,canEditPerms,canEditModule,canEditAccSettings,canCreateReview,canCreateCoopListing,canCreateModule,canViewReview,canViewCoopListing,canViewModule,canDeleteReview,canDeleteCoopListing,canDeleteModule) VALUES (8,28,1,0,1,1,1,0,0,0,1,0,0,1);
INSERT INTO Permission(permissionId,editedBy,canEditPerms,canEditModule,canEditAccSettings,canCreateReview,canCreateCoopListing,canCreateModule,canViewReview,canViewCoopListing,canViewModule,canDeleteReview,canDeleteCoopListing,canDeleteModule) VALUES (9,23,0,0,0,0,0,1,0,0,0,0,1,1);
INSERT INTO Permission(permissionId,editedBy,canEditPerms,canEditModule,canEditAccSettings,canCreateReview,canCreateCoopListing,canCreateModule,canViewReview,canViewCoopListing,canViewModule,canDeleteReview,canDeleteCoopListing,canDeleteModule) VALUES (10,17,0,0,0,1,0,1,0,1,1,1,0,0);
INSERT INTO Permission(permissionId,editedBy,canEditPerms,canEditModule,canEditAccSettings,canCreateReview,canCreateCoopListing,canCreateModule,canViewReview,canViewCoopListing,canViewModule,canDeleteReview,canDeleteCoopListing,canDeleteModule) VALUES (11,25,0,1,1,0,0,0,1,0,1,1,0,0);
INSERT INTO Permission(permissionId,editedBy,canEditPerms,canEditModule,canEditAccSettings,canCreateReview,canCreateCoopListing,canCreateModule,canViewReview,canViewCoopListing,canViewModule,canDeleteReview,canDeleteCoopListing,canDeleteModule) VALUES (12,3,0,0,1,0,1,1,0,1,1,1,0,0);
INSERT INTO Permission(permissionId,editedBy,canEditPerms,canEditModule,canEditAccSettings,canCreateReview,canCreateCoopListing,canCreateModule,canViewReview,canViewCoopListing,canViewModule,canDeleteReview,canDeleteCoopListing,canDeleteModule) VALUES (13,12,0,1,0,1,0,1,1,0,0,1,1,1);
INSERT INTO Permission(permissionId,editedBy,canEditPerms,canEditModule,canEditAccSettings,canCreateReview,canCreateCoopListing,canCreateModule,canViewReview,canViewCoopListing,canViewModule,canDeleteReview,canDeleteCoopListing,canDeleteModule) VALUES (14,11,1,1,1,1,0,1,0,0,1,0,0,0);
INSERT INTO Permission(permissionId,editedBy,canEditPerms,canEditModule,canEditAccSettings,canCreateReview,canCreateCoopListing,canCreateModule,canViewReview,canViewCoopListing,canViewModule,canDeleteReview,canDeleteCoopListing,canDeleteModule) VALUES (15,13,1,1,0,1,0,1,0,1,0,0,1,1);
INSERT INTO Permission(permissionId,editedBy,canEditPerms,canEditModule,canEditAccSettings,canCreateReview,canCreateCoopListing,canCreateModule,canViewReview,canViewCoopListing,canViewModule,canDeleteReview,canDeleteCoopListing,canDeleteModule) VALUES (16,16,1,1,1,0,0,0,1,1,1,1,1,1);
INSERT INTO Permission(permissionId,editedBy,canEditPerms,canEditModule,canEditAccSettings,canCreateReview,canCreateCoopListing,canCreateModule,canViewReview,canViewCoopListing,canViewModule,canDeleteReview,canDeleteCoopListing,canDeleteModule) VALUES (17,21,0,0,0,0,1,0,1,1,0,1,1,1);
INSERT INTO Permission(permissionId,editedBy,canEditPerms,canEditModule,canEditAccSettings,canCreateReview,canCreateCoopListing,canCreateModule,canViewReview,canViewCoopListing,canViewModule,canDeleteReview,canDeleteCoopListing,canDeleteModule) VALUES (18,14,0,1,0,1,1,1,0,0,0,1,1,1);
INSERT INTO Permission(permissionId,editedBy,canEditPerms,canEditModule,canEditAccSettings,canCreateReview,canCreateCoopListing,canCreateModule,canViewReview,canViewCoopListing,canViewModule,canDeleteReview,canDeleteCoopListing,canDeleteModule) VALUES (19,5,1,0,1,1,1,0,1,1,1,1,1,1);
INSERT INTO Permission(permissionId,editedBy,canEditPerms,canEditModule,canEditAccSettings,canCreateReview,canCreateCoopListing,canCreateModule,canViewReview,canViewCoopListing,canViewModule,canDeleteReview,canDeleteCoopListing,canDeleteModule) VALUES (20,14,0,1,0,1,0,1,1,0,1,0,1,0);
INSERT INTO Permission(permissionId,editedBy,canEditPerms,canEditModule,canEditAccSettings,canCreateReview,canCreateCoopListing,canCreateModule,canViewReview,canViewCoopListing,canViewModule,canDeleteReview,canDeleteCoopListing,canDeleteModule) VALUES (21,11,1,0,0,0,1,1,0,1,0,1,1,1);
INSERT INTO Permission(permissionId,editedBy,canEditPerms,canEditModule,canEditAccSettings,canCreateReview,canCreateCoopListing,canCreateModule,canViewReview,canViewCoopListing,canViewModule,canDeleteReview,canDeleteCoopListing,canDeleteModule) VALUES (22,7,1,1,0,0,0,1,0,1,0,1,0,0);
INSERT INTO Permission(permissionId,editedBy,canEditPerms,canEditModule,canEditAccSettings,canCreateReview,canCreateCoopListing,canCreateModule,canViewReview,canViewCoopListing,canViewModule,canDeleteReview,canDeleteCoopListing,canDeleteModule) VALUES (23,3,0,0,0,0,0,0,1,0,1,1,1,0);
INSERT INTO Permission(permissionId,editedBy,canEditPerms,canEditModule,canEditAccSettings,canCreateReview,canCreateCoopListing,canCreateModule,canViewReview,canViewCoopListing,canViewModule,canDeleteReview,canDeleteCoopListing,canDeleteModule) VALUES (24,16,0,0,0,1,1,0,1,1,0,0,1,1);
INSERT INTO Permission(permissionId,editedBy,canEditPerms,canEditModule,canEditAccSettings,canCreateReview,canCreateCoopListing,canCreateModule,canViewReview,canViewCoopListing,canViewModule,canDeleteReview,canDeleteCoopListing,canDeleteModule) VALUES (25,14,0,0,1,1,0,0,0,0,1,0,0,1);
INSERT INTO Permission(permissionId,editedBy,canEditPerms,canEditModule,canEditAccSettings,canCreateReview,canCreateCoopListing,canCreateModule,canViewReview,canViewCoopListing,canViewModule,canDeleteReview,canDeleteCoopListing,canDeleteModule) VALUES (26,11,0,1,1,1,0,1,0,1,0,0,0,1);
INSERT INTO Permission(permissionId,editedBy,canEditPerms,canEditModule,canEditAccSettings,canCreateReview,canCreateCoopListing,canCreateModule,canViewReview,canViewCoopListing,canViewModule,canDeleteReview,canDeleteCoopListing,canDeleteModule) VALUES (27,5,0,1,0,0,1,1,1,1,1,1,0,1);
INSERT INTO Permission(permissionId,editedBy,canEditPerms,canEditModule,canEditAccSettings,canCreateReview,canCreateCoopListing,canCreateModule,canViewReview,canViewCoopListing,canViewModule,canDeleteReview,canDeleteCoopListing,canDeleteModule) VALUES (28,26,1,0,0,1,1,1,0,1,1,1,0,0);
INSERT INTO Permission(permissionId,editedBy,canEditPerms,canEditModule,canEditAccSettings,canCreateReview,canCreateCoopListing,canCreateModule,canViewReview,canViewCoopListing,canViewModule,canDeleteReview,canDeleteCoopListing,canDeleteModule) VALUES (29,13,1,1,0,1,1,0,1,0,0,0,1,1);
INSERT INTO Permission(permissionId,editedBy,canEditPerms,canEditModule,canEditAccSettings,canCreateReview,canCreateCoopListing,canCreateModule,canViewReview,canViewCoopListing,canViewModule,canDeleteReview,canDeleteCoopListing,canDeleteModule) VALUES (30,12,0,1,1,0,0,1,0,0,0,1,1,0);
INSERT INTO Permission(permissionId,editedBy,canEditPerms,canEditModule,canEditAccSettings,canCreateReview,canCreateCoopListing,canCreateModule,canViewReview,canViewCoopListing,canViewModule,canDeleteReview,canDeleteCoopListing,canDeleteModule) VALUES (31,13,1,1,1,0,1,1,1,1,1,0,1,1);
INSERT INTO Permission(permissionId,editedBy,canEditPerms,canEditModule,canEditAccSettings,canCreateReview,canCreateCoopListing,canCreateModule,canViewReview,canViewCoopListing,canViewModule,canDeleteReview,canDeleteCoopListing,canDeleteModule) VALUES (32,26,1,0,0,0,0,1,0,0,0,0,0,1);
INSERT INTO Permission(permissionId,editedBy,canEditPerms,canEditModule,canEditAccSettings,canCreateReview,canCreateCoopListing,canCreateModule,canViewReview,canViewCoopListing,canViewModule,canDeleteReview,canDeleteCoopListing,canDeleteModule) VALUES (33,5,1,0,0,0,1,0,1,0,0,1,1,0);
INSERT INTO Permission(permissionId,editedBy,canEditPerms,canEditModule,canEditAccSettings,canCreateReview,canCreateCoopListing,canCreateModule,canViewReview,canViewCoopListing,canViewModule,canDeleteReview,canDeleteCoopListing,canDeleteModule) VALUES (34,16,1,0,0,0,1,1,1,1,0,0,0,0);
INSERT INTO Permission(permissionId,editedBy,canEditPerms,canEditModule,canEditAccSettings,canCreateReview,canCreateCoopListing,canCreateModule,canViewReview,canViewCoopListing,canViewModule,canDeleteReview,canDeleteCoopListing,canDeleteModule) VALUES (35,30,1,1,1,1,0,0,0,0,1,1,1,1);
INSERT INTO Permission(permissionId,editedBy,canEditPerms,canEditModule,canEditAccSettings,canCreateReview,canCreateCoopListing,canCreateModule,canViewReview,canViewCoopListing,canViewModule,canDeleteReview,canDeleteCoopListing,canDeleteModule) VALUES (36,19,1,1,1,0,0,0,1,0,0,1,0,1);
INSERT INTO Permission(permissionId,editedBy,canEditPerms,canEditModule,canEditAccSettings,canCreateReview,canCreateCoopListing,canCreateModule,canViewReview,canViewCoopListing,canViewModule,canDeleteReview,canDeleteCoopListing,canDeleteModule) VALUES (37,30,0,1,1,1,0,0,1,0,1,1,1,0);
INSERT INTO Permission(permissionId,editedBy,canEditPerms,canEditModule,canEditAccSettings,canCreateReview,canCreateCoopListing,canCreateModule,canViewReview,canViewCoopListing,canViewModule,canDeleteReview,canDeleteCoopListing,canDeleteModule) VALUES (38,2,1,1,1,0,1,1,1,1,0,1,0,0);
INSERT INTO Permission(permissionId,editedBy,canEditPerms,canEditModule,canEditAccSettings,canCreateReview,canCreateCoopListing,canCreateModule,canViewReview,canViewCoopListing,canViewModule,canDeleteReview,canDeleteCoopListing,canDeleteModule) VALUES (39,23,1,1,1,1,0,0,0,1,0,0,0,1);
INSERT INTO Permission(permissionId,editedBy,canEditPerms,canEditModule,canEditAccSettings,canCreateReview,canCreateCoopListing,canCreateModule,canViewReview,canViewCoopListing,canViewModule,canDeleteReview,canDeleteCoopListing,canDeleteModule) VALUES (40,3,0,1,0,1,1,1,0,1,0,0,0,0);


# 40 records

#
# Dumping data for table 'SummaryReport'
# 

INSERT INTO SummaryReport(summaryReportId,averageRating,generatedSummary,company,generatedBy,updatedBy) VALUES (1,4.0,'Contenta sit, et parabilis et terminatas habet.',6,117,117);
INSERT INTO SummaryReport(summaryReportId,averageRating,generatedSummary,company,generatedBy,updatedBy) VALUES (2,4.8,'Bonorum voluptatem ex infinito tempore aetatis percipi posse, quam ex.',2,110,110);
INSERT INTO SummaryReport(summaryReportId,averageRating,generatedSummary,company,generatedBy,updatedBy) VALUES (3,4.0,'Se dissident atque discordant, ex quo efficeretur mundus omnesque partes mundi, quaeque in eo essent. Quae cum dixissem, magis ut illum provocarem quam ut ipse constituit, e regione inferiorem locum petentium sine causa dicere, -- et.',21,116,116);
INSERT INTO SummaryReport(summaryReportId,averageRating,generatedSummary,company,generatedBy,updatedBy) VALUES (4,4.3,'Horrida, de malis Graecis Latine scripta deterius. Quibus ego assentior, cum a philosophis compluribus permulta dicantur, cur nec voluptas in bonis sit numeranda nec.',24,105,105);
INSERT INTO SummaryReport(summaryReportId,averageRating,generatedSummary,company,generatedBy,updatedBy) VALUES (5,3.7,'Quod omnium philosophorum sententia tale debet esse, ut eius magnitudinem celeritas, diuturnitatem allevatio consoletur. Ad ea cum accedit, ut neque divinum numen horreat nec praeteritas voluptates effluere patiatur earumque assidua recordatione laetetur, quid est, quod nullam eruditionem esse duxit, nisi.',9,113,113);
INSERT INTO SummaryReport(summaryReportId,averageRating,generatedSummary,company,generatedBy,updatedBy) VALUES (6,4.0,'Tamen id confidet fore semper occultum. Plerumque improborum.',30,96,96);
INSERT INTO SummaryReport(summaryReportId,averageRating,generatedSummary,company,generatedBy,updatedBy) VALUES (7,1.2,'Summum bonorum vel ultimum vel extremum .',1,119,119);
INSERT INTO SummaryReport(summaryReportId,averageRating,generatedSummary,company,generatedBy,updatedBy) VALUES (8,1.5,'Libidinibus constringendos nec quid eventurum sit provident ob eamque debilitatem animi multi parentes, multi amicos, non nulli patriam, plerique autem se ipsos diligant. Quod.',15,104,104);
INSERT INTO SummaryReport(summaryReportId,averageRating,generatedSummary,company,generatedBy,updatedBy) VALUES (9,3.2,'Sit bonum, affirmatis nullam omnino fore. De qua.',19,115,115);
INSERT INTO SummaryReport(summaryReportId,averageRating,generatedSummary,company,generatedBy,updatedBy) VALUES (10,3.7,'Etiam dolorem saepe perpetiuntur, ne, si id non faciant, incidant in maiorem.',12,109,109);
INSERT INTO SummaryReport(summaryReportId,averageRating,generatedSummary,company,generatedBy,updatedBy) VALUES (11,1.0,'Qui tollunt et nihil posse percipi dicunt, ii remotis sensibus ne id ipsum quidem expedire possunt, quod disserunt. Praeterea sublata cognitione et scientia tollitur omnis ratio et vitae degendae et rerum gerendarum. Sic e physicis et fortitudo sumitur contra mortis timorem et.',28,99,99);
INSERT INTO SummaryReport(summaryReportId,averageRating,generatedSummary,company,generatedBy,updatedBy) VALUES (12,1.4,'Videtur. Ac fieri potest, ut errem, sed ita sentio et saepe etiam videmus, et perspicuum est omnis rectas res atque laudabilis eo referri, ut cum voluptate conectitur. Nam et laetamur amicorum laetitia aeque.',26,103,103);
INSERT INTO SummaryReport(summaryReportId,averageRating,generatedSummary,company,generatedBy,updatedBy) VALUES (13,4.3,'Ferae quidem faciunt, ut ita dicam, et ad usus civium non inutile, nosque ea scripta reliquaque eiusdem generis.',14,117,117);
INSERT INTO SummaryReport(summaryReportId,averageRating,generatedSummary,company,generatedBy,updatedBy) VALUES (14,2.0,'Sequi nesciunt, neque porro quisquam est, qui Ennii Medeam aut Antiopam Pacuvii spernat aut.',25,98,98);
INSERT INTO SummaryReport(summaryReportId,averageRating,generatedSummary,company,generatedBy,updatedBy) VALUES (15,4.6,'Videtur, vel paulo aut maiorem aut minorem. Ita, quae mutat, ea corrumpit, quae sequitur sunt tota Democriti, atomi, inane, imagines, quae eidola nominant, quorum incursione non solum praesentibus fruuntur, sed etiam praetereat omnes voluptates, dolores denique.',14,115,115);
INSERT INTO SummaryReport(summaryReportId,averageRating,generatedSummary,company,generatedBy,updatedBy) VALUES (16,2.9,'Et omnino rerum gerendarum initia proficiscuntur aut a dolore. Quod cum.',30,101,101);
INSERT INTO SummaryReport(summaryReportId,averageRating,generatedSummary,company,generatedBy,updatedBy) VALUES (17,1.4,'Animi aut voluptatem aut molestiam plus aut ad beatam aut ad beatam aut ad bene beateque vivendo a.',15,99,99);
INSERT INTO SummaryReport(summaryReportId,averageRating,generatedSummary,company,generatedBy,updatedBy) VALUES (18,3.6,'Intereant cotidie. Quae etsi mihi nullo modo nec divelli nec.',5,118,118);
INSERT INTO SummaryReport(summaryReportId,averageRating,generatedSummary,company,generatedBy,updatedBy) VALUES (19,4.8,'Nec ultimum nec extremum sit, ita ferri, ut concursionibus inter se cohaerescant, ex quo vitam amarissimam necesse est.',3,111,111);
INSERT INTO SummaryReport(summaryReportId,averageRating,generatedSummary,company,generatedBy,updatedBy) VALUES (20,4.2,'Ille iudicium reformidans Tarentinis ait se et alliciat.',27,119,119);
INSERT INTO SummaryReport(summaryReportId,averageRating,generatedSummary,company,generatedBy,updatedBy) VALUES (21,4.1,'Dirigentur, numquam ullius oratione victi sententia desistemus. Nisi autem rerum natura duo quaerenda sint, unum, quae materia sit, ex qua quaeque res efficiatur, alterum, quae naturales essent nec tamen necessariae, tertium, quae.',30,108,108);
INSERT INTO SummaryReport(summaryReportId,averageRating,generatedSummary,company,generatedBy,updatedBy) VALUES (22,1.7,'Incurrunt, numquam vim tantam habent, ut non plus habeat sapiens, quod gaudeat, quam quod angatur. Optime vero Epicurus, quod exiguam dixit fortunam intervenire sapienti maximasque ab eo et gravissimas res consilio ipsius et ratione administrari neque maiorem voluptatem ex infinito tempore aetatis percipi posse, quam ex hoc percipiatur, quod videamus esse finitum.',28,111,111);
INSERT INTO SummaryReport(summaryReportId,averageRating,generatedSummary,company,generatedBy,updatedBy) VALUES (23,4.3,'Sequimur, ut sine cura metuque vivamus animumque et corpus, quantum efficere possimus, molestia liberemus. Ut enim virtutes, de quibus ante dictum est, sic amicitiam negant posse a voluptate discedere. Nam cum ignoratione.',4,114,114);
INSERT INTO SummaryReport(summaryReportId,averageRating,generatedSummary,company,generatedBy,updatedBy) VALUES (24,3.1,'Fatendum est summum esse bonum iucunde vivere. Id qui in una virtute ponunt et splendore nominis capti quid natura postulet non intellegunt.',13,119,119);
INSERT INTO SummaryReport(summaryReportId,averageRating,generatedSummary,company,generatedBy,updatedBy) VALUES (25,2.5,'Est? Inquit; audire enim cupio, quid non probes. Principio, inquam, in physicis, quibus maxime gloriatur, primum totus est alienus. Democritea dicit perpauca mutans, sed ita, ut ea, quae sensum moveat.',9,119,119);
INSERT INTO SummaryReport(summaryReportId,averageRating,generatedSummary,company,generatedBy,updatedBy) VALUES (26,2.8,'Rem tandem, inquit, non satisfacit? Te enim iudicem aequum puto, modo quae dicat ille bene noris. Nisi mihi Phaedrum, inquam, tu mentitum.',23,104,104);
INSERT INTO SummaryReport(summaryReportId,averageRating,generatedSummary,company,generatedBy,updatedBy) VALUES (27,4.4,'Fruentem et animo et attento intuemur, tum fit ut aegritudo sequatur, si illa mala sint, laetitia, si bona. O praeclaram beate vivendi et apertam.',16,97,97);
INSERT INTO SummaryReport(summaryReportId,averageRating,generatedSummary,company,generatedBy,updatedBy) VALUES (28,2.7,'Ut cognoscerem, quoniam mihi ea facultas, ut id.',27,108,108);
INSERT INTO SummaryReport(summaryReportId,averageRating,generatedSummary,company,generatedBy,updatedBy) VALUES (29,2.9,'Aut sollicitare possit aut angere. Praeterea et appetendi et refugiendi et omnino rerum gerendarum initia proficiscuntur aut a voluptate aut in dolore. Omnis autem privatione doloris putat Epicurus terminari summam voluptatem, ut postea variari voluptas distinguique possit, augeri amplificarique non.',10,116,116);
INSERT INTO SummaryReport(summaryReportId,averageRating,generatedSummary,company,generatedBy,updatedBy) VALUES (30,3.6,'--, quod ipsum nullam ad aliam rem, ad id omnia referri oporteat, ipsum autem nusquam. Hoc Epicurus in voluptate aut in armatum.',24,102,102);
INSERT INTO SummaryReport(summaryReportId,averageRating,generatedSummary,company,generatedBy,updatedBy) VALUES (31,2.8,'Nominata est voluptas. Ut enim, cum cibo et potione fames sitisque depulsa est, ipsa detractio molestiae.',30,102,102);
INSERT INTO SummaryReport(summaryReportId,averageRating,generatedSummary,company,generatedBy,updatedBy) VALUES (32,4.4,'Illud enim ipsum, quod quibusdam medium videretur, cum omni dolore detracto, nam quoniam, cum privamur dolore, ipsa liberatione et vacuitate omnis molestiae gaudemus, omne autem id, quo gaudemus, voluptas est, ut necessariae nec opera multa nec impensa expleantur; ne naturales quidem multa desiderant, propterea.',3,115,115);
INSERT INTO SummaryReport(summaryReportId,averageRating,generatedSummary,company,generatedBy,updatedBy) VALUES (33,4.6,'Dixi hausta e fonte naturae, si.',5,102,102);
INSERT INTO SummaryReport(summaryReportId,averageRating,generatedSummary,company,generatedBy,updatedBy) VALUES (34,4.2,'Ferantur, deinde eadem illa atomorum, in quo admirer, cur in gravissimis rebus non delectet eos sermo patrius, cum idem fabellas Latinas ad verbum e Graecis expressas non inviti.',1,105,105);
INSERT INTO SummaryReport(summaryReportId,averageRating,generatedSummary,company,generatedBy,updatedBy) VALUES (35,4.8,'Iam videtis, ne invidia verbi labefactetur oratio mea --. Nam cum ignoratione rerum bonarum.',2,109,109);
INSERT INTO SummaryReport(summaryReportId,averageRating,generatedSummary,company,generatedBy,updatedBy) VALUES (36,4.6,'Tantum in alios caeco impetu incurrunt, sed intus etiam in animis nostris inesse notionem, ut alterum esse appetendum, alterum aspernandum sentiamus. Alii autem, quibus ego assentior.',14,120,120);
INSERT INTO SummaryReport(summaryReportId,averageRating,generatedSummary,company,generatedBy,updatedBy) VALUES (37,3.2,'Verum, opinor, scriptorem tamen, ut legendus sit. Rudem enim esse omnino in nostris poetis aut inertissimae segnitiae est aut fastidii delicatissimi. Mihi quidem nulli satis eruditi videntur, quibus nostra ignota sunt. An ''Utinam ne in nemore . . .'' nihilo minus legimus quam hoc.',3,110,110);
INSERT INTO SummaryReport(summaryReportId,averageRating,generatedSummary,company,generatedBy,updatedBy) VALUES (38,3.4,'Conversam Atilii mihi legendam putem, de quo.',9,98,98);
INSERT INTO SummaryReport(summaryReportId,averageRating,generatedSummary,company,generatedBy,updatedBy) VALUES (39,3.1,'Et accurate disserendum et rationibus conquisitis de voluptate et dolore.',27,104,104);
INSERT INTO SummaryReport(summaryReportId,averageRating,generatedSummary,company,generatedBy,updatedBy) VALUES (40,4.7,'Legendi sunt. Quid enim est una, quae maestitiam pellat ex.',12,111,111);

 
#  40 records

#
# Dumping data for table 'Review'
#

INSERT INTO Review(reviewId,createdAt,createdBy,role,salary,rating,summary,bestPart,worstPart,isAnonymous,wouldRecommend) VALUES (1,'2024-06-12 05:36:18',46,10,609.97,3,'Soleat accuratius explicari; verum enim invenire volumus, non tamquam adversarium aliquem convincere. Accurate autem quondam a L. Torquato, homine omni doctrina erudito, defensa est Epicuri sententia de voluptate, nihil scilicet novi, ea tamen, quae te ipsum.','Amicis quam sibi, quibus non solum praesentibus fruuntur.','Legendum his esse potiora. Quid est cur dubitemus dicere et sapientiam propter voluptates expetendam et dolorem.',0,0);
INSERT INTO Review(reviewId,createdAt,createdBy,role,salary,rating,summary,bestPart,worstPart,isAnonymous,wouldRecommend) VALUES (2,'2024-06-18 09:26:26',59,4,604.96,1,'Quid a singulis philosophiae disciplinis diceretur, persecuti sumus. Ut autem a facillimis ordiamur, prima veniat in medium Epicuri ratio, quae plerisque notissima est. Quam a nobis explicatam.','Etiam videmus, et perspicuum est nihil desiderare manum, cum ita esset affecta, secundum non recte, si voluptas esset.','Beate vivendum se ipsa allicit nec patientia nec assiduitas nec vigiliae nec ea.',1,0);
INSERT INTO Review(reviewId,createdAt,createdBy,role,salary,rating,summary,bestPart,worstPart,isAnonymous,wouldRecommend) VALUES (3,'2024-07-26 05:46:48',39,3,476.55,3,'Molestia liberemus. Ut enim medicorum scientiam non ipsius artis, sed bonae valetudinis causa probamus, et gubernatoris ars, quia bene navigandi rationem habet, utilitate, non arte laudatur, sic sapientia, quae ars vivendi putanda est, non satis politus iis artibus, quas qui tenent, eruditi appellantur -- aut ne deterruisset alios.','Legendum his esse potiora. Quid est cur tam multos legant, quam legendi sunt.','Enim sentit, quem ad me accedis, saluto: ''chaere,'' inquam, ''Tite!'' lictores, turma omnis chorusque: ''chaere, Tite!'' hinc hostis.',1,1);
INSERT INTO Review(reviewId,createdAt,createdBy,role,salary,rating,summary,bestPart,worstPart,isAnonymous,wouldRecommend) VALUES (4,'2024-05-11 11:36:21',45,24,427.72,5,'Graviter ornateque dictas quis non legat? Nisi qui se plane Graecum dici velit, ut a Scaevola est praetore salutatus Athenis Albucius. Quem quidem locum comit multa venustate et omni sale idem Lucilius, apud quem praeclare Scaevola: Graecum te, Albuci, quam Romanum atque Sabinum, municipem Ponti, Tritani, centurionum, praeclarorum hominum ac primorum signiferumque, maluisti dici. Graece ergo.','Laboramus, quis est, qui dolorem ipsum, quia dolor sit, amet, consectetur.','Libro, quo a nobis sic intelleges eitam, ut ab Homero Ennius, Afranius a Menandro solet.',0,1);
INSERT INTO Review(reviewId,createdAt,createdBy,role,salary,rating,summary,bestPart,worstPart,isAnonymous,wouldRecommend) VALUES (5,'2024-04-04 14:43:25',40,19,408.59,2,'Agam, ut ipsi auctori huius disciplinae placet: constituam, quid.','Dixi, constituto, ut aut reiciendis voluptatibus maiores alias consequatur aut perferendis doloribus asperiores repellat. Hanc ego cum teneam sententiam, quid est cur tam multi sint Epicurei, sunt aliae quoque causae, sed multitudinem haec.','Cum dixissem, magis ut illum provocarem quam ut ipse loquerer, tum Triarius.',1,0);
INSERT INTO Review(reviewId,createdAt,createdBy,role,salary,rating,summary,bestPart,worstPart,isAnonymous,wouldRecommend) VALUES (6,'2024-11-05 21:08:37',45,26,513.87,4,'Liberemus. Ut enim aeque doleamus.','Quae non modo non repugnantibus, verum etiam approbantibus nobis. Sic enim ab Epicuro reprehensa et correcta permulta. Nunc dicam de voluptate, a meque ei.','Mediocriterne delectat, cum tractat locos ab Aristotele ante tractatos? Quid? Epicurei num desistunt de isdem, de quibus neque depravate iudicant neque corrupte, nonne ei maximam gratiam habere debemus, qui hac exaudita quasi voce.',0,1);
INSERT INTO Review(reviewId,createdAt,createdBy,role,salary,rating,summary,bestPart,worstPart,isAnonymous,wouldRecommend) VALUES (7,'2024-02-05 07:55:53',43,10,470.34,2,'Disserendi locus. Nunc autem explicabo.','Si illa mala sint, laetitia, si bona. O praeclaram beate vivendi et apertam et simplicem et directam viam! Cum enim certe nihil homini possit melius esse quam Graecam. Quando enim nobis, vel dicam aut oratoribus bonis.','Constituam, quid et quale sit id, de quo quaerimus, non quo ignorare vos arbitrer, sed ut ratione et via procedat oratio. Quaerimus igitur, quid sit extremum et ultimum bonorum, quod.',1,1);
INSERT INTO Review(reviewId,createdAt,createdBy,role,salary,rating,summary,bestPart,worstPart,isAnonymous,wouldRecommend) VALUES (8,'2024-01-07 13:33:16',38,9,378.52,3,'Molestiam plus aut ad miseram vitam afferre momenti quam eorum utrumvis, si aeque diu sit in.','Praetermittatur quod vitam adiuvet, quo facilius id, quod quaeritur, sit pulcherrimum.','Non nulli patriam, plerique autem se ipsos amentur. Etenim si delectamur, cum scribimus, quis est tam invidus, qui ab eo et gravissimas res consilio ipsius et ratione administrari neque maiorem voluptatem ex hoc facillime perspici potest.',0,0);
INSERT INTO Review(reviewId,createdAt,createdBy,role,salary,rating,summary,bestPart,worstPart,isAnonymous,wouldRecommend) VALUES (9,'2024-04-09 22:31:18',37,20,563.93,3,'Physicis et fortitudo sumitur contra.','Salutandi causa uterque venisset, pauca primo inter nos de litteris, quarum summum erat in utroque studium, deinde Torquatus: Quoniam nacti te, inquit, sumus aliquando otiosum, certe audiam, quid sit, quod Epicurum nostrum non tu quidem oderis, ut fere faciunt, qui ab eo ortum, tam inportuno tamque crudeli; sin, ut dolore suo sanciret militaris imperii disciplinam exercitumque.','Est usus Epicurus? Qui unum genus posuit earum cupiditatum, quae essent et naturales et necessariae, alterum, quae naturales essent nec.',0,0);
INSERT INTO Review(reviewId,createdAt,createdBy,role,salary,rating,summary,bestPart,worstPart,isAnonymous,wouldRecommend) VALUES (10,'2024-03-14 10:07:10',58,26,512.03,2,'Faciam igitur, inquit: unam rem explicabo, eamque maximam, de.','Quae percipitur omni dolore careret, non modo non inopem, ut vulgo putarent, sed locupletiorem etiam esse quam Graecam. Quando enim nobis, vel dicam aut oratoribus bonis aut poetis, postea quidem quam fuit quem imitarentur, ullus orationis vel copiosae vel elegantis ornatus defuit? Ego vero, quoniam forensibus operis, laboribus, periculis non deseruisse mihi videor praesidium, in quo.','Perdiderunt, sic robustus animus et a spe pariendarum voluptatum seiungi non potest. Atque ut odia, invidiae, despicationes adversantur voluptatibus, sic amicitiae.',1,1);
INSERT INTO Review(reviewId,createdAt,createdBy,role,salary,rating,summary,bestPart,worstPart,isAnonymous,wouldRecommend) VALUES (11,'2024-04-13 21:21:06',53,25,463.67,4,'Modo efficiatur concludaturque ratio tradit, non qua via captiosa solvantur ambigua distinguantur ostendit; iudicia rerum in sensibus ponit.','Ad commodius disserendum viam. In physicis plurimum posuit.','Et nostrum scribendi ordinem adiungimus, quid habent, cur Graeca anteponant iis, quae et a spe pariendarum voluptatum seiungi non potest. Atque ut odia, invidiae.',1,1);
INSERT INTO Review(reviewId,createdAt,createdBy,role,salary,rating,summary,bestPart,worstPart,isAnonymous,wouldRecommend) VALUES (12,'2024-01-08 23:10:06',34,19,400.72,4,'Torquatos nostros? Quos tu paulo ante collegi, abest plurimum et, cum stultorum.','Esse e corpore et ad tranquillitatem ferant, quid est cur verear, ne ad.','Animo inbecilloque ferre miserum est, ob eamque debilitatem animi multi parentes, multi.',1,0);
INSERT INTO Review(reviewId,createdAt,createdBy,role,salary,rating,summary,bestPart,worstPart,isAnonymous,wouldRecommend) VALUES (13,'2024-11-11 19:13:15',47,20,547.32,1,'Discordiae, seditiones, bella nascuntur, nec eae se foris solum iactant nec tantum in alios caeco impetu incurrunt, sed intus etiam in animis.','Ut ab ea nullo modo probantur, tamen Democritum laudatum a ceteris ab hoc, qui eum unum secutus esset, nollem vituperatum. Iam in altera philosophiae parte. Quae est quaerendi.','Mihi quidem videtur. Ac fieri potest, ut non modo numquam nocet cuiquam, sed contra semper afficit cum vi sua atque natura, quod tranquillat animos, tum spe nihil earum rerum defuturum, quas natura non.',0,0);
INSERT INTO Review(reviewId,createdAt,createdBy,role,salary,rating,summary,bestPart,worstPart,isAnonymous,wouldRecommend) VALUES (14,'2024-08-07 03:10:53',45,24,384.21,1,'Quo offendimur, dolor, doloris omnis privatio recte nominata est voluptas. Ut enim, cum cibo et potione fames sitisque depulsa est, ipsa detractio molestiae consecutionem.','Si vero molita quippiam est, quamvis occulte fecerit, numquam tamen id volunt fieri, difficilem quandam temperantiam postulant in eo, quod semel admissum coerceri reprimique non potest, ut propemodum.','Sapientium non beatus. Multoque hoc melius nos veriusque quam Stoici. Illi enim negant esse bonum iucunde vivere. Id qui in.',0,0);
INSERT INTO Review(reviewId,createdAt,createdBy,role,salary,rating,summary,bestPart,worstPart,isAnonymous,wouldRecommend) VALUES (15,'2023-12-04 17:31:27',59,23,406.70,5,'Multa sunt, sic inprobitas si cuius in animo versatur, numquam sinit eum respirare, numquam adquiescere. Quodsi ne ipsarum quidem virtutum laus, in qua maxime ceterorum philosophorum exultat oratio, reperire exitum potest, nisi derigatur ad voluptatem, voluptas autem est sola, quae.','Si probarem, quae ille diceret? Cum praesertim illa perdiscere ludus esset. Quam ob rem voluptas expetenda, fugiendus dolor sit. Sentiri haec putat, ut calere ignem, nivem esse albam, dulce mel. Quorum nihil oportere exquisitis rationibus confirmare.','Dictum sit. Erit enim iam de omnium virtutum cursu ad voluptatem proprius disserendi locus. Nunc autem explicabo, voluptas.',1,0);
INSERT INTO Review(reviewId,createdAt,createdBy,role,salary,rating,summary,bestPart,worstPart,isAnonymous,wouldRecommend) VALUES (16,'2024-07-04 14:31:11',47,28,450.48,4,'Quae autem inanes sunt, iis parendum non est. Nihil enim desiderabile concupiscunt, plusque in ipsa iniuria detrimenti est quam in.','Dolores suscipiantur maiorum dolorum effugiendorum gratia. Sed de clarorum hominum factis illustribus et gloriosis satis hoc loco dictum sit. Erit enim iam de omnium virtutum cursu ad voluptatem proprius disserendi locus. Nunc autem explicabo, voluptas ipsa quae qualisque sit, ut tollatur error omnis imperitorum intellegaturque ea, quae dixi.','Animum excruciant et semper sollicitant turbulentaeque sunt.',1,0);
INSERT INTO Review(reviewId,createdAt,createdBy,role,salary,rating,summary,bestPart,worstPart,isAnonymous,wouldRecommend) VALUES (17,'2023-12-27 16:21:47',33,28,592.11,5,'Copulationes et adhaesiones atomorum inter se, ex quo vitam amarissimam necesse est in voluptate est. Extremum autem esse bonorum eum voluptate vivere. Huic certae stabilique sententiae quae sint quaeque cernantur, omnia, eumque motum atomorum nullo a.','Morbos gravis, tum in morbos gravis, tum in dedecora incurrunt, saepe etiam.','Moveat, nulla successerit, eoque intellegi potest quanta voluptas sit non dolere. Sed ut perspiciatis, unde omnis iste natus error sit voluptatem accusantium doloremque laudantium, totam rem aperiam eaque ipsa, quae ab illo inventore veritatis et quasi architecto beatae vitae disciplinam.',1,0);
INSERT INTO Review(reviewId,createdAt,createdBy,role,salary,rating,summary,bestPart,worstPart,isAnonymous,wouldRecommend) VALUES (18,'2024-10-08 21:10:07',47,3,443.60,4,'Et harum quidem rerum facilis est et ad usus civium non inutile.','Maximam, de physicis alias, et quidem.','Molestias accessio potest fieri, quanta ad augendas, cum conscientia factorum, tum poena legum odioque civium? Et tamen in quibusdam neque pecuniae modus est ullus investigandi veri, nisi inveneris, et quaerendi defatigatio turpis est, cum id, quod maxime placeat, facere possimus, omnis voluptas.',0,1);
INSERT INTO Review(reviewId,createdAt,createdBy,role,salary,rating,summary,bestPart,worstPart,isAnonymous,wouldRecommend) VALUES (19,'2024-05-06 13:58:02',56,24,600.84,1,'Certe non probes, eum quem ego arbitror unum vidisse verum maximisque erroribus animos hominum liberavisse et omnia tradidisse, quae pertinerent ad bene beateque vivendo.','Adest, turbulenta est; si vero molita quippiam est, quamvis occulte fecerit, numquam tamen id volunt fieri, difficilem quandam temperantiam postulant in eo, quod sit a dolore corporis praesenti futurove seiunctum. Nec vero quisquam stultus non horum morborum aliquo laborat, nemo igitur est.','Male, credo, mererer de meis civibus, si ad eorum cognitionem divina illa ingenia transferrem. Sed id neque feci adhuc nec mihi tamen, ne faciam, interdictum puto. Locos quidem quosdam, si videbitur, transferam.',0,1);
INSERT INTO Review(reviewId,createdAt,createdBy,role,salary,rating,summary,bestPart,worstPart,isAnonymous,wouldRecommend) VALUES (20,'2023-12-28 07:53:22',50,6,621.78,5,'Ante collegi, abest plurimum et, cum stultorum vitam cum sua comparat, magna afficitur voluptate. Dolores autem si qui incurrunt, numquam vim tantam.','Generibusque earum explicatis, et, ut modo docui, cognitionis regula et iudicio ab eadem illa.','Accessio potest, si aliquod aeternum et infinitum impendere malum nobis opinemur. Quod idem licet transferre in voluptatem, ut ea maior sit, mediocritatem desiderent. Sive enim ad minima veniam, quis nostrud exercitation ullamco laboris nisi ut aliquid ex ea commodo consequat. Duis aute.',0,1);
INSERT INTO Review(reviewId,createdAt,createdBy,role,salary,rating,summary,bestPart,worstPart,isAnonymous,wouldRecommend) VALUES (21,'2023-12-04 12:47:43',54,6,614.43,4,'Inferiorem locum petentium sine causa eripuit atomis nec tamen id, cuius causa haec finxerat, assecutus est. Nam si omnes atomi declinabunt, nullae umquam cohaerescent, sive aliae declinabunt, aliae suo nutu recte ferentur, primum erit hoc quasi, provincias atomis dare, quae.','De amicitia, quam, si voluptas esset bonum, desideraret.'' -- Ita credo. -- ''Non est.','Confirmavit animum, ne quod aut sempiternum aut diuturnum timeret malum, quae.',1,0);
INSERT INTO Review(reviewId,createdAt,createdBy,role,salary,rating,summary,bestPart,worstPart,isAnonymous,wouldRecommend) VALUES (22,'2024-04-01 01:40:27',55,10,410.37,3,'Naturales essent nec tamen necessariae, tertium, quae nec naturales nec necessariae. Quarum ea ratio est, ut Epicuro placet, nihil dolere, primum tibi recte, Chrysippe, concessum est nihil ad.','Utuntur, benivolentiam sibi conciliant et, quod aptissimum est ad cognitionem omnium, regula, ad quam omnia iudicia rerum in sensibus ponit, quibus si.','Locis pluribus. Sed quot homines, tot sententiae; falli igitur possumus. Quam ob rem dissentientium inter se dissident atque discordant, ex quo.',1,1);
INSERT INTO Review(reviewId,createdAt,createdBy,role,salary,rating,summary,bestPart,worstPart,isAnonymous,wouldRecommend) VALUES (23,'2024-04-26 16:57:29',57,26,511.90,3,'Efficere possimus, molestia liberemus. Ut enim medicorum scientiam non ipsius artis, sed bonae valetudinis causa probamus, et gubernatoris ars, quia bene navigandi rationem habet, utilitate, non arte laudatur, sic sapientia, quae ars vivendi putanda est, non satis politus iis artibus, quas qui tenent, eruditi.','Requietis, mediocrium nos esse dominos, ut, si tolerabiles sint, feramus, si minus, animo aequo e vita, cum ea non placeat, tamquam e theatro exeamus. Quibus rebus intellegitur nec.','Ad lineam, hunc naturalem esse omnium corporum motum. Deinde ibidem homo acutus, cum illud ocurreret, si omnia dixi hausta e fonte naturae, si tota oratio nostra omnem sibi fidem sensibus confirmat, id est corpora individua propter soliditatem, censet in infinito inani, in quo etiam.',0,1);
INSERT INTO Review(reviewId,createdAt,createdBy,role,salary,rating,summary,bestPart,worstPart,isAnonymous,wouldRecommend) VALUES (24,'2024-11-14 08:29:28',43,5,458.16,5,'Amorem efflorescere tantum, ut, etiamsi nulla sit utilitas ex amicitia, tamen ipsi amici propter se expetendam esse dicemus, sed quia consequuntur magni dolores eos.','Nobis, aequi esse debent, quod et posse fieri intellegimus et saepe etiam videmus, et perspicuum est nihil ad Epicurum. Nam si dicent ab illis has res esse.','In ipsa iniuria detrimenti est quam in iis corrigere voluit, deteriora fecit. Disserendi artem nullam habuit. Voluptatem cum summum bonum diceret, primum in eo.',1,0);
INSERT INTO Review(reviewId,createdAt,createdBy,role,salary,rating,summary,bestPart,worstPart,isAnonymous,wouldRecommend) VALUES (25,'2024-01-26 00:44:48',33,30,546.27,5,'Complexiones et copulationes et adhaesiones atomorum inter se, ex quo efficeretur mundus omnesque.','Pro suis suscipit, ut non modo singulos homines, sed universas familias evertunt, totam etiam labefactant saepe rem publicam. Ex cupiditatibus odia, discidia, discordiae, seditiones, bella nascuntur, nec eae se foris solum iactant.','Antiopam Pacuvii spernat aut reiciat, quod se isdem Euripidis fabulis delectari dicat, Latinas litteras oderit? Synephebos ego, inquit, potius Caecilii aut Andriam.',0,0);
INSERT INTO Review(reviewId,createdAt,createdBy,role,salary,rating,summary,bestPart,worstPart,isAnonymous,wouldRecommend) VALUES (26,'2023-12-10 06:19:57',50,15,519.15,3,'Nam neque laborum perfunctio neque perpessio dolorum per se ipsam optabilem, sed quia non.','Et quidem tibi et declinationem istam atomorum et magnitudinem solis.','Ego autem mirari satis non queo unde hoc sit tam insolens domesticarum rerum fastidium. Non est omnino hic docendi locus; sed ita prorsus existimo, neque eum Torquatum, qui hoc primus cognomen invenerit, aut torquem illum hosti detraxisse, ut aliquam ex eo credo quibusdam usu venire; ut abhorreant a Latinis, quod inciderint in.',1,1);
INSERT INTO Review(reviewId,createdAt,createdBy,role,salary,rating,summary,bestPart,worstPart,isAnonymous,wouldRecommend) VALUES (27,'2024-06-07 05:51:00',34,2,609.82,4,'Posse a voluptate aut a voluptate aut a dolore. Quod cum ita sit, perspicuum est omnis rectas res atque laudabilis.','Et natura orationis et consequentium repugnantiumve ratio potest perspici. Omnium autem rerum natura duo quaerenda sint.','Investigandi veri, nisi inveneris, et quaerendi defatigatio turpis est, cum esset accusata et vituperata ab Hortensio. Qui liber cum et tibi probatus videretur et iis, quos ego posse.',0,1);
INSERT INTO Review(reviewId,createdAt,createdBy,role,salary,rating,summary,bestPart,worstPart,isAnonymous,wouldRecommend) VALUES (28,'2024-05-02 12:46:42',45,29,547.61,5,'Cum teneam sententiam, quid est cur verear, ne ad eam non possim accommodare Torquatos nostros? Quos tu paulo ante collegi, abest plurimum et, cum.','Quidem consilio, tuum iudicium ut cognoscerem, quoniam mihi ea facultas, ut id apte fieri possit, ut ab ea nullo modo poterimus sensuum iudicia defendere. Quicquid porro animo cernimus, id omne oritur a sensibus; qui si omnes.','Fugienda est, summum profecto malum est vivere cum dolore, cui sententiae consentaneum est ultimum.',0,1);
INSERT INTO Review(reviewId,createdAt,createdBy,role,salary,rating,summary,bestPart,worstPart,isAnonymous,wouldRecommend) VALUES (29,'2024-01-25 15:01:23',32,15,548.27,4,'Sola voluptas esset, quae quasi delapsa de caelo est ad quiete vivendum, caritatem, praesertim cum omnino nulla sit causa peccandi. Quae.','Soliditatem, censet in infinito inani, in quo etiam Democritus haeret, turbulenta concursio hunc mundi ornatum.','Placeat, tamquam e theatro exeamus. Quibus rebus intellegitur nec intemperantiam propter se ipsos amentur. Etenim si loca, si fana, si urbes, si gymnasia, si campum, si canes, si equos, si ludicra exercendi aut.',0,0);
INSERT INTO Review(reviewId,createdAt,createdBy,role,salary,rating,summary,bestPart,worstPart,isAnonymous,wouldRecommend) VALUES (30,'2024-08-26 06:27:09',33,27,399.24,3,'Dolor sit. Sentiri haec putat, ut calere ignem, nivem esse albam, dulce mel. Quorum nihil oportere exquisitis rationibus confirmare, tantum satis esse admonere. Interesse.','Numquam ullius oratione victi sententia desistemus. Nisi autem rerum natura perspecta erit, nullo modo nec divelli nec distrahi possint, sic de iustitia iudicandum est, quae non modo non inopem, ut.','Consumeret, in quibus sequitur Democritum, non fere labitur. Quamquam utriusque cum multa non probo, inquam. De cetero vellem equidem aut ipse doctrinis fuisset instructior -- est enim, quod.',0,0);
INSERT INTO Review(reviewId,createdAt,createdBy,role,salary,rating,summary,bestPart,worstPart,isAnonymous,wouldRecommend) VALUES (31,'2024-07-26 22:11:47',60,19,414.39,5,'Esse omnino in nostris poetis aut inertissimae segnitiae est aut fastidii delicatissimi. Mihi quidem videtur.','Omnisque puerilis est delectatio, aut se, ut.','Et gubernatoris ars, quia bene navigandi rationem habet, utilitate, non arte laudatur, sic sapientia, quae ars vivendi putanda est, non satis.',0,0);
INSERT INTO Review(reviewId,createdAt,createdBy,role,salary,rating,summary,bestPart,worstPart,isAnonymous,wouldRecommend) VALUES (32,'2024-06-25 17:57:57',33,23,382.12,4,'Veri, nisi inveneris, et quaerendi defatigatio turpis est, cum id, quod sentiant non esse faciendum, ii voluptatem maximam adipiscuntur praetermittenda voluptate. Idem etiam dolorem saepe perpetiuntur, ne.','Compositis, quid est, cur nostri a nostris de amicitia dicenda sunt. Praeclare enim Epicurus his paene verbis: ''Eadem'', inquit, ''scientia confirmavit animum, ne quod aut sempiternum aut.','Itaque negat opus esse ratione neque.',1,0);
INSERT INTO Review(reviewId,createdAt,createdBy,role,salary,rating,summary,bestPart,worstPart,isAnonymous,wouldRecommend) VALUES (33,'2024-02-13 17:05:03',46,10,549.95,4,'Arbitror unum vidisse verum maximisque erroribus animos hominum liberavisse et.','Ut aliquid ex ea commodo.','Vero, quoniam forensibus operis, laboribus, periculis non deseruisse.',0,0);
INSERT INTO Review(reviewId,createdAt,createdBy,role,salary,rating,summary,bestPart,worstPart,isAnonymous,wouldRecommend) VALUES (34,'2024-09-24 13:59:11',55,29,432.99,4,'Tam expetendas, quam nostras expeteremus, quo loco videtur quibusdam.','Vult ''fodere aut arare aut aliquid ferre denique'' -- non enim illum.','Intellegunt totam rationem everti, si ita res.',1,0);
INSERT INTO Review(reviewId,createdAt,createdBy,role,salary,rating,summary,bestPart,worstPart,isAnonymous,wouldRecommend) VALUES (35,'2024-02-08 14:10:46',39,15,605.61,4,'Mutans, sed ita, ut ea, quae corrigere vult, mihi quidem depravare videatur. Ille atomos quas appellat, id est laborum et dolorum fuga. Et harum quidem rerum facilis est et expedita distinctio. Nam libero tempore, cum soluta nobis est eligendi optio, cumque nihil impedit, quo minus animus a se repellere, idque facere nondum.','Locus huic disputationi vel maxime necessarius de amicitia, quam, si voluptas summum sit bonum, affirmatis nullam omnino fore. De qua omne certamen est? Tuo vero id quidem, inquam, arbitratu. Sic faciam igitur, inquit.','Et quaerendi defatigatio turpis est, cum esset accusata et vituperata ab Hortensio. Qui liber cum et mortem contemnit, qua qui est imbutus quietus esse numquam potest. Praeterea.',0,1);
INSERT INTO Review(reviewId,createdAt,createdBy,role,salary,rating,summary,bestPart,worstPart,isAnonymous,wouldRecommend) VALUES (36,'2023-12-16 20:49:04',58,30,609.98,4,'Chremes non inhumanus, qui novum vicinum non vult ''fodere aut arare aut aliquid ferre denique'' -- non enim illum ab industria, sed ab inliberali labore deterret.','De quo quaerimus, non quo ignorare vos.','Nos abducat? Sin laboramus, quis est, qui alienae modum statuat industriae? Nam ut Terentianus Chremes non inhumanus, qui novum vicinum non vult ''fodere aut arare aut aliquid ferre denique'' -- non enim illum ab industria, sed ab inliberali labore deterret --, sic isti curiosi, quos offendit noster minime nobis iniucundus labor. Iis igitur est difficilius satis.',0,1);
INSERT INTO Review(reviewId,createdAt,createdBy,role,salary,rating,summary,bestPart,worstPart,isAnonymous,wouldRecommend) VALUES (37,'2024-01-07 15:10:27',43,27,573.12,2,'Excepteur sint occaecat cupidatat non proident, sunt in culpa qui.','Quem quidem locum comit multa venustate et omni sale idem Lucilius, apud quem praeclare Scaevola: Graecum te, Albuci, quam Romanum atque Sabinum, municipem Ponti, Tritani, centurionum, praeclarorum hominum ac primorum signiferumque, maluisti dici. Graece ergo praetor Athenis, id quod maluisti, te, cum.','Atilii mihi legendam putem, de quo Lucilius.',1,0);
INSERT INTO Review(reviewId,createdAt,createdBy,role,salary,rating,summary,bestPart,worstPart,isAnonymous,wouldRecommend) VALUES (38,'2024-04-21 08:36:34',47,12,603.89,2,'Omnis chorusque: ''chaere, Tite!'' hinc hostis mi Albucius, hinc inimicus. Sed iure Mucius. Ego autem mirari satis non queo unde hoc sit tam insolens domesticarum rerum fastidium. Non est omnino hic docendi locus; sed ita sentio et saepe disserui, Latinam linguam non modo non.','Voluptate discedere. Nam cum solitudo et vita sine amicis insidiarum et metus plena sit, ratio ipsa monet amicitias.','Vituperandae, maledicta, contumeliae, tum iracundiae, contentiones concertationesque in disputando pertinaces indignae philosophia mihi videri solent. Tum Torquatus: Prorsus, inquit, assentior; neque enim tempus est ullum, quo non plus voluptatum habeat quam dolorum. Nam et ipsa declinatio.',0,0);
INSERT INTO Review(reviewId,createdAt,createdBy,role,salary,rating,summary,bestPart,worstPart,isAnonymous,wouldRecommend) VALUES (39,'2023-12-12 11:59:08',42,9,586.85,2,'Successerit, at contra gaudere nosmet omittendis doloribus.','Levis, in gravitate brevis soleat esse, ut eius magnitudinem celeritas, diuturnitatem allevatio consoletur. Ad ea cum accedit, ut neque divinum numen horreat nec praeteritas voluptates effluere patiatur earumque assidua recordatione laetetur, quid est, quod huc possit, quod melius sit.','Et ab Epicuro reprehensa et.',0,1);
INSERT INTO Review(reviewId,createdAt,createdBy,role,salary,rating,summary,bestPart,worstPart,isAnonymous,wouldRecommend) VALUES (40,'2024-11-08 22:20:51',51,15,448.29,2,'Atque haec ratio late patet. In quo enim maxime consuevit iactare vestra se oratio, tua praesertim, qui studiose antiqua persequeris, claris et fortibus viris commemorandis eorumque factis non emolumento aliquo, sed ipsius honestatis decore laudandis, id.','In physicis, quibus maxime gloriatur, primum totus.','Enim aut utilior aut ad beatam aut ad beatam aut ad beatam aut ad miseram vitam afferre momenti quam eorum utrumvis.',1,0);

# 40 records

#
# Dumping data for table ''
# 

# _ records

#
# Dumping data for table ''
#



#
# Dumping data for table ''
#


# 4 records

#
# Dumping data for table ''
#


# _ records

#
# Dumping data for table ''
#


# _ records

#
# Dumping data for table ''
#


# _ records

#
# Dumping data for table ''
#


# _ records

#
# Dumping data for table 'suppliers'
#

# _ records

SET FOREIGN_KEY_CHECKS=@OLD_FOREIGN_KEY_CHECKS;
SET UNIQUE_CHECKS=@OLD_UNIQUE_CHECKS; 