SET @OLD_UNIQUE_CHECKS=@@UNIQUE_CHECKS, UNIQUE_CHECKS=0;
SET @OLD_FOREIGN_KEY_CHECKS=@@FOREIGN_KEY_CHECKS, FOREIGN_KEY_CHECKS=0;

USE `nu-clear-database`;

-- Dumping data for table 'UserType'
INSERT INTO UserType (userType)
    VALUES ('SystemAdmin'), ('Advisor'), ('Student'), ('Employer'), ('DataAnalyst');

-- 5 records

-- Dumping data for table 'User'
INSERT INTO `User` (`userId`, `userType`) VALUES (1, 'SystemAdmin');
INSERT INTO `User` (`userId`, `userType`) VALUES (2, 'SystemAdmin');
INSERT INTO `User` (`userId`, `userType`) VALUES (3, 'SystemAdmin');
INSERT INTO `User` (`userId`, `userType`) VALUES (4, 'SystemAdmin');
INSERT INTO `User` (`userId`, `userType`) VALUES (5, 'SystemAdmin');
INSERT INTO `User` (`userId`, `userType`) VALUES (6, 'SystemAdmin');
INSERT INTO `User` (`userId`, `userType`) VALUES (7, 'SystemAdmin');
INSERT INTO `User` (`userId`, `userType`) VALUES (8, 'SystemAdmin');
INSERT INTO `User` (`userId`, `userType`) VALUES (9, 'SystemAdmin');
INSERT INTO `User` (`userId`, `userType`) VALUES (10, 'SystemAdmin');
INSERT INTO `User` (`userId`, `userType`) VALUES (11, 'SystemAdmin');
INSERT INTO `User` (`userId`, `userType`) VALUES (12, 'SystemAdmin');
INSERT INTO `User` (`userId`, `userType`) VALUES (13, 'SystemAdmin');
INSERT INTO `User` (`userId`, `userType`) VALUES (14, 'SystemAdmin');
INSERT INTO `User` (`userId`, `userType`) VALUES (15, 'SystemAdmin');
INSERT INTO `User` (`userId`, `userType`) VALUES (16, 'SystemAdmin');
INSERT INTO `User` (`userId`, `userType`) VALUES (17, 'SystemAdmin');
INSERT INTO `User` (`userId`, `userType`) VALUES (18, 'SystemAdmin');
INSERT INTO `User` (`userId`, `userType`) VALUES (19, 'SystemAdmin');
INSERT INTO `User` (`userId`, `userType`) VALUES (20, 'SystemAdmin');
INSERT INTO `User` (`userId`, `userType`) VALUES (21, 'SystemAdmin');
INSERT INTO `User` (`userId`, `userType`) VALUES (22, 'SystemAdmin');
INSERT INTO `User` (`userId`, `userType`) VALUES (23, 'SystemAdmin');
INSERT INTO `User` (`userId`, `userType`) VALUES (24, 'SystemAdmin');
INSERT INTO `User` (`userId`, `userType`) VALUES (25, 'SystemAdmin');
INSERT INTO `User` (`userId`, `userType`) VALUES (26, 'SystemAdmin');
INSERT INTO `User` (`userId`, `userType`) VALUES (27, 'SystemAdmin');
INSERT INTO `User` (`userId`, `userType`) VALUES (28, 'SystemAdmin');
INSERT INTO `User` (`userId`, `userType`) VALUES (29, 'SystemAdmin');
INSERT INTO `User` (`userId`, `userType`) VALUES (30, 'SystemAdmin');
INSERT INTO `User` (`userId`, `userType`) VALUES (31, 'Student');
INSERT INTO `User` (`userId`, `userType`) VALUES (32, 'Student');
INSERT INTO `User` (`userId`, `userType`) VALUES (33, 'Student');
INSERT INTO `User` (`userId`, `userType`) VALUES (34, 'Student');
INSERT INTO `User` (`userId`, `userType`) VALUES (35, 'Student');
INSERT INTO `User` (`userId`, `userType`) VALUES (36, 'Student');
INSERT INTO `User` (`userId`, `userType`) VALUES (37, 'Student');
INSERT INTO `User` (`userId`, `userType`) VALUES (38, 'Student');
INSERT INTO `User` (`userId`, `userType`) VALUES (39, 'Student');
INSERT INTO `User` (`userId`, `userType`) VALUES (40, 'Student');
INSERT INTO `User` (`userId`, `userType`) VALUES (41, 'Student');
INSERT INTO `User` (`userId`, `userType`) VALUES (42, 'Student');
INSERT INTO `User` (`userId`, `userType`) VALUES (43, 'Student');
INSERT INTO `User` (`userId`, `userType`) VALUES (44, 'Student');
INSERT INTO `User` (`userId`, `userType`) VALUES (45, 'Student');
INSERT INTO `User` (`userId`, `userType`) VALUES (46, 'Student');
INSERT INTO `User` (`userId`, `userType`) VALUES (47, 'Student');
INSERT INTO `User` (`userId`, `userType`) VALUES (48, 'Student');
INSERT INTO `User` (`userId`, `userType`) VALUES (49, 'Student');
INSERT INTO `User` (`userId`, `userType`) VALUES (50, 'Student');
INSERT INTO `User` (`userId`, `userType`) VALUES (51, 'Student');
INSERT INTO `User` (`userId`, `userType`) VALUES (52, 'Student');
INSERT INTO `User` (`userId`, `userType`) VALUES (53, 'Student');
INSERT INTO `User` (`userId`, `userType`) VALUES (54, 'Student');
INSERT INTO `User` (`userId`, `userType`) VALUES (55, 'Student');
INSERT INTO `User` (`userId`, `userType`) VALUES (56, 'Student');
INSERT INTO `User` (`userId`, `userType`) VALUES (57, 'Student');
INSERT INTO `User` (`userId`, `userType`) VALUES (58, 'Student');
INSERT INTO `User` (`userId`, `userType`) VALUES (59, 'Student');
INSERT INTO `User` (`userId`, `userType`) VALUES (60, 'Student');
INSERT INTO `User` (`userId`, `userType`) VALUES (61, 'Advisor');
INSERT INTO `User` (`userId`, `userType`) VALUES (62, 'Advisor');
INSERT INTO `User` (`userId`, `userType`) VALUES (63, 'Advisor');
INSERT INTO `User` (`userId`, `userType`) VALUES (64, 'Advisor');
INSERT INTO `User` (`userId`, `userType`) VALUES (65, 'Advisor');
INSERT INTO `User` (`userId`, `userType`) VALUES (66, 'Advisor');
INSERT INTO `User` (`userId`, `userType`) VALUES (67, 'Advisor');
INSERT INTO `User` (`userId`, `userType`) VALUES (68, 'Advisor');
INSERT INTO `User` (`userId`, `userType`) VALUES (69, 'Advisor');
INSERT INTO `User` (`userId`, `userType`) VALUES (70, 'Advisor');
INSERT INTO `User` (`userId`, `userType`) VALUES (71, 'Advisor');
INSERT INTO `User` (`userId`, `userType`) VALUES (72, 'Advisor');
INSERT INTO `User` (`userId`, `userType`) VALUES (73, 'Advisor');
INSERT INTO `User` (`userId`, `userType`) VALUES (74, 'Advisor');
INSERT INTO `User` (`userId`, `userType`) VALUES (75, 'Advisor');
INSERT INTO `User` (`userId`, `userType`) VALUES (76, 'Advisor');
INSERT INTO `User` (`userId`, `userType`) VALUES (77, 'Advisor');
INSERT INTO `User` (`userId`, `userType`) VALUES (78, 'Advisor');
INSERT INTO `User` (`userId`, `userType`) VALUES (79, 'Advisor');
INSERT INTO `User` (`userId`, `userType`) VALUES (80, 'Advisor');
INSERT INTO `User` (`userId`, `userType`) VALUES (81, 'Advisor');
INSERT INTO `User` (`userId`, `userType`) VALUES (82, 'Advisor');
INSERT INTO `User` (`userId`, `userType`) VALUES (83, 'Advisor');
INSERT INTO `User` (`userId`, `userType`) VALUES (84, 'Advisor');
INSERT INTO `User` (`userId`, `userType`) VALUES (85, 'Advisor');
INSERT INTO `User` (`userId`, `userType`) VALUES (86, 'Advisor');
INSERT INTO `User` (`userId`, `userType`) VALUES (87, 'Advisor');
INSERT INTO `User` (`userId`, `userType`) VALUES (88, 'Advisor');
INSERT INTO `User` (`userId`, `userType`) VALUES (89, 'Advisor');
INSERT INTO `User` (`userId`, `userType`) VALUES (90, 'Advisor');
INSERT INTO `User` (`userId`, `userType`) VALUES (91, 'Data Analyst');
INSERT INTO `User` (`userId`, `userType`) VALUES (92, 'Data Analyst');
INSERT INTO `User` (`userId`, `userType`) VALUES (93, 'Data Analyst');
INSERT INTO `User` (`userId`, `userType`) VALUES (94, 'Data Analyst');
INSERT INTO `User` (`userId`, `userType`) VALUES (95, 'Data Analyst');
INSERT INTO `User` (`userId`, `userType`) VALUES (96, 'Data Analyst');
INSERT INTO `User` (`userId`, `userType`) VALUES (97, 'Data Analyst');
INSERT INTO `User` (`userId`, `userType`) VALUES (98, 'Data Analyst');
INSERT INTO `User` (`userId`, `userType`) VALUES (99, 'Data Analyst');
INSERT INTO `User` (`userId`, `userType`) VALUES (100, 'Data Analyst');
INSERT INTO `User` (`userId`, `userType`) VALUES (101, 'Data Analyst');
INSERT INTO `User` (`userId`, `userType`) VALUES (102, 'Data Analyst');
INSERT INTO `User` (`userId`, `userType`) VALUES (103, 'Data Analyst');
INSERT INTO `User` (`userId`, `userType`) VALUES (104, 'Data Analyst');
INSERT INTO `User` (`userId`, `userType`) VALUES (105, 'Data Analyst');
INSERT INTO `User` (`userId`, `userType`) VALUES (106, 'Data Analyst');
INSERT INTO `User` (`userId`, `userType`) VALUES (107, 'Data Analyst');
INSERT INTO `User` (`userId`, `userType`) VALUES (108, 'Data Analyst');
INSERT INTO `User` (`userId`, `userType`) VALUES (109, 'Data Analyst');
INSERT INTO `User` (`userId`, `userType`) VALUES (110, 'Data Analyst');
INSERT INTO `User` (`userId`, `userType`) VALUES (111, 'Data Analyst');
INSERT INTO `User` (`userId`, `userType`) VALUES (112, 'Data Analyst');
INSERT INTO `User` (`userId`, `userType`) VALUES (113, 'Data Analyst');
INSERT INTO `User` (`userId`, `userType`) VALUES (114, 'Data Analyst');
INSERT INTO `User` (`userId`, `userType`) VALUES (115, 'Data Analyst');
INSERT INTO `User` (`userId`, `userType`) VALUES (116, 'Data Analyst');
INSERT INTO `User` (`userId`, `userType`) VALUES (117, 'Data Analyst');
INSERT INTO `User` (`userId`, `userType`) VALUES (118, 'Data Analyst');
INSERT INTO `User` (`userId`, `userType`) VALUES (119, 'Data Analyst');
INSERT INTO `User` (`userId`, `userType`) VALUES (120, 'Data Analyst');
INSERT INTO `User` (`userId`, `userType`) VALUES (121, 'Employer');
INSERT INTO `User` (`userId`, `userType`) VALUES (122, 'Employer');
INSERT INTO `User` (`userId`, `userType`) VALUES (123, 'Employer');
INSERT INTO `User` (`userId`, `userType`) VALUES (124, 'Employer');
INSERT INTO `User` (`userId`, `userType`) VALUES (125, 'Employer');
INSERT INTO `User` (`userId`, `userType`) VALUES (126, 'Employer');
INSERT INTO `User` (`userId`, `userType`) VALUES (127, 'Employer');
INSERT INTO `User` (`userId`, `userType`) VALUES (128, 'Employer');
INSERT INTO `User` (`userId`, `userType`) VALUES (129, 'Employer');
INSERT INTO `User` (`userId`, `userType`) VALUES (130, 'Employer');
INSERT INTO `User` (`userId`, `userType`) VALUES (131, 'Employer');
INSERT INTO `User` (`userId`, `userType`) VALUES (132, 'Employer');
INSERT INTO `User` (`userId`, `userType`) VALUES (133, 'Employer');
INSERT INTO `User` (`userId`, `userType`) VALUES (134, 'Employer');
INSERT INTO `User` (`userId`, `userType`) VALUES (135, 'Employer');
INSERT INTO `User` (`userId`, `userType`) VALUES (136, 'Employer');
INSERT INTO `User` (`userId`, `userType`) VALUES (137, 'Employer');
INSERT INTO `User` (`userId`, `userType`) VALUES (138, 'Employer');
INSERT INTO `User` (`userId`, `userType`) VALUES (139, 'Employer');
INSERT INTO `User` (`userId`, `userType`) VALUES (140, 'Employer');
INSERT INTO `User` (`userId`, `userType`) VALUES (141, 'Employer');
INSERT INTO `User` (`userId`, `userType`) VALUES (142, 'Employer');
INSERT INTO `User` (`userId`, `userType`) VALUES (143, 'Employer');
INSERT INTO `User` (`userId`, `userType`) VALUES (144, 'Employer');
INSERT INTO `User` (`userId`, `userType`) VALUES (145, 'Employer');
INSERT INTO `User` (`userId`, `userType`) VALUES (146, 'Employer');
INSERT INTO `User` (`userId`, `userType`) VALUES (147, 'Employer');
INSERT INTO `User` (`userId`, `userType`) VALUES (148, 'Employer');
INSERT INTO `User` (`userId`, `userType`) VALUES (149, 'Employer');
INSERT INTO `User` (`userId`, `userType`) VALUES (150, 'Employer');
-- 150 records


-- Dumping data for table 'SystemAdmin'
INSERT INTO SystemAdmin(userId,firstName,lastName,email) VALUES (1,'Malorie','Saterweyte','malorie.saterweyte@yahoo.co.uk');
INSERT INTO SystemAdmin(userId,firstName,lastName,email) VALUES (2,'Kaitlyn','Ruprecht','kaitlyn.ruprecht@hotmail.com');
INSERT INTO SystemAdmin(userId,firstName,lastName,email) VALUES (3,'Doe','Woollam','doe.woollam@hotmail.com');
INSERT INTO SystemAdmin(userId,firstName,lastName,email) VALUES (4,'Vivian','McWhirter','vivian.mcwhirter@hotmail.com');
INSERT INTO SystemAdmin(userId,firstName,lastName,email) VALUES (5,'Ernesta','Helversen','ernesta.helversen@yahoo.com.br');
INSERT INTO SystemAdmin(userId,firstName,lastName,email) VALUES (6,'Yancy','Scrowson','yancy.scrowson@aol.com');
INSERT INTO SystemAdmin(userId,firstName,lastName,email) VALUES (7,'Marley','Wenham','marley.wenham@yahoo.co.jp');
INSERT INTO SystemAdmin(userId,firstName,lastName,email) VALUES (8,'Faunie','Haveline','faunie.haveline@yahoo.com');
INSERT INTO SystemAdmin(userId,firstName,lastName,email) VALUES (9,'Gusella','Dunsford','gusella.dunsford@hotmail.com');
INSERT INTO SystemAdmin(userId,firstName,lastName,email) VALUES (10,'Westbrook','Hague','westbrook.hague@sfr.fr');
INSERT INTO SystemAdmin(userId,firstName,lastName,email) VALUES (11,'Mattie','MacCrachen','mattie.maccrachen@yahoo.fr');
INSERT INTO SystemAdmin(userId,firstName,lastName,email) VALUES (12,'Tye','Leggis','tye.leggis@hotmail.com');
INSERT INTO SystemAdmin(userId,firstName,lastName,email) VALUES (13,'Charmane','McIlhatton','charmane.mcilhatton@gmail.com');
INSERT INTO SystemAdmin(userId,firstName,lastName,email) VALUES (14,'Robinett','Reek','robinett.reek@hotmail.com');
INSERT INTO SystemAdmin(userId,firstName,lastName,email) VALUES (15,'Elsi','Winterborne','elsi.winterborne@rediffmail.com');
INSERT INTO SystemAdmin(userId,firstName,lastName,email) VALUES (16,'Laural','Liversley','laural.liversley@yahoo.com');
INSERT INTO SystemAdmin(userId,firstName,lastName,email) VALUES (17,'Emlynne','McLoughlin','emlynne.mcloughlin@gmail.com');
INSERT INTO SystemAdmin(userId,firstName,lastName,email) VALUES (18,'Geraldine','Byron','geraldine.byron@gmail.com');
INSERT INTO SystemAdmin(userId,firstName,lastName,email) VALUES (19,'Omar','Dukesbury','omar.dukesbury@yahoo.co.in');
INSERT INTO SystemAdmin(userId,firstName,lastName,email) VALUES (20,'Mariele','Mitchelson','mariele.mitchelson@msn.com');
INSERT INTO SystemAdmin(userId,firstName,lastName,email) VALUES (21,'Edlin','Silly','edlin.silly@hotmail.com');
INSERT INTO SystemAdmin(userId,firstName,lastName,email) VALUES (22,'Frasco','Millen','frasco.millen@yahoo.com');
INSERT INTO SystemAdmin(userId,firstName,lastName,email) VALUES (23,'Sal','Scorey','sal.scorey@uol.com.br');
INSERT INTO SystemAdmin(userId,firstName,lastName,email) VALUES (24,'Cherish','Bathersby','cherish.bathersby@hotmail.com');
INSERT INTO SystemAdmin(userId,firstName,lastName,email) VALUES (25,'Pall','Ourtic','pall.ourtic@gmail.com');
INSERT INTO SystemAdmin(userId,firstName,lastName,email) VALUES (26,'Philis','Rudiger','philis.rudiger@aol.com');
INSERT INTO SystemAdmin(userId,firstName,lastName,email) VALUES (27,'Marcellina','Cathel','marcellina.cathel@sympatico.ca');
INSERT INTO SystemAdmin(userId,firstName,lastName,email) VALUES (28,'Daisi','Proom','daisi.proom@yahoo.com');
INSERT INTO SystemAdmin(userId,firstName,lastName,email) VALUES (29,'Darill','Gerdes','darill.gerdes@rambler.ru');
INSERT INTO SystemAdmin(userId,firstName,lastName,email) VALUES (30,'Tailor','Oneile','tailor.oneile@gmail.com');
-- 30 records 

-- Dumping data for table 'Student'
INSERT INTO Student(nuId,userId,firstName,lastName,major,coopLevel,year,advisor) VALUES (2228991,31,'Boot','Basillon','History',2,2,123458);
INSERT INTO Student(nuId,userId,firstName,lastName,major,coopLevel,year,advisor) VALUES (2228992,32,'Selie','Tythacott','Art',2,1,123466);
INSERT INTO Student(nuId,userId,firstName,lastName,major,coopLevel,year,advisor) VALUES (2228993,33,'Margy','Phinnis','Information Technology',2,2,123483);
INSERT INTO Student(nuId,userId,firstName,lastName,major,coopLevel,year,advisor) VALUES (2228994,34,'Annissa','Schrieves','Engineering',1,3,123472);
INSERT INTO Student(nuId,userId,firstName,lastName,major,coopLevel,year,advisor) VALUES (2228995,35,'Lilias','Normanvill','Engineering',1,1,123474);
INSERT INTO Student(nuId,userId,firstName,lastName,major,coopLevel,year,advisor) VALUES (2228996,36,'Gallagher','Scotting','Business Administration',1,1,123457);
INSERT INTO Student(nuId,userId,firstName,lastName,major,coopLevel,year,advisor) VALUES (2228997,37,'Codi','McGibbon','Political Science',1,3,123479);
INSERT INTO Student(nuId,userId,firstName,lastName,major,coopLevel,year,advisor) VALUES (2228998,38,'Clemente','Jimmison','Computer Science',1,3,123462);
INSERT INTO Student(nuId,userId,firstName,lastName,major,coopLevel,year,advisor) VALUES (2228999,39,'Estrellita','Robel','Psychology',2,4,123479);
INSERT INTO Student(nuId,userId,firstName,lastName,major,coopLevel,year,advisor) VALUES (2229000,40,'Emiline','Blas','History',2,1,123471);
INSERT INTO Student(nuId,userId,firstName,lastName,major,coopLevel,year,advisor) VALUES (2229001,41,'Rutledge','Blaby','Psychology',1,3,123460);
INSERT INTO Student(nuId,userId,firstName,lastName,major,coopLevel,year,advisor) VALUES (2229002,42,'Henderson','Meehan','Political Science',1,1,123464);
INSERT INTO Student(nuId,userId,firstName,lastName,major,coopLevel,year,advisor) VALUES (2229003,43,'Mendel','Nosworthy','Political Science',2,3,123459);
INSERT INTO Student(nuId,userId,firstName,lastName,major,coopLevel,year,advisor) VALUES (2229004,44,'Anderea','McLeary','History',1,2,123463);
INSERT INTO Student(nuId,userId,firstName,lastName,major,coopLevel,year,advisor) VALUES (2229005,45,'Flint','Benez','Chemistry',2,3,123475);
INSERT INTO Student(nuId,userId,firstName,lastName,major,coopLevel,year,advisor) VALUES (2229006,46,'Kalvin','Dwelly','Mathematics',2,1,123462);
INSERT INTO Student(nuId,userId,firstName,lastName,major,coopLevel,year,advisor) VALUES (2229007,47,'Marlon','Jackman','Nursing',1,1,123481);
INSERT INTO Student(nuId,userId,firstName,lastName,major,coopLevel,year,advisor) VALUES (2229008,48,'Eliot','Curran','Engineering',1,3,123480);
INSERT INTO Student(nuId,userId,firstName,lastName,major,coopLevel,year,advisor) VALUES (2229009,49,'Giulia','Cartlidge','Physics',1,1,123475);
INSERT INTO Student(nuId,userId,firstName,lastName,major,coopLevel,year,advisor) VALUES (2229010,50,'Winnifred','De Rye Barrett','Sociology',1,3,123458);
INSERT INTO Student(nuId,userId,firstName,lastName,major,coopLevel,year,advisor) VALUES (2229011,51,'Hasheem','Haversham','Political Science',2,3,123479);
INSERT INTO Student(nuId,userId,firstName,lastName,major,coopLevel,year,advisor) VALUES (2229012,52,'Jami','Speck','Engineering',2,1,123462);
INSERT INTO Student(nuId,userId,firstName,lastName,major,coopLevel,year,advisor) VALUES (2229013,53,'Darnall','Vella','Psychology',1,4,123484);
INSERT INTO Student(nuId,userId,firstName,lastName,major,coopLevel,year,advisor) VALUES (2229014,54,'Jordana','Bulcock','Physics',1,2,123470);
INSERT INTO Student(nuId,userId,firstName,lastName,major,coopLevel,year,advisor) VALUES (2229015,55,'Leandra','Nelles','Biology',1,4,123460);
INSERT INTO Student(nuId,userId,firstName,lastName,major,coopLevel,year,advisor) VALUES (2229016,56,'Granthem','Romagosa','Mathematics',1,4,123466);
INSERT INTO Student(nuId,userId,firstName,lastName,major,coopLevel,year,advisor) VALUES (2229017,57,'Forbes','Cathie','Psychology',1,4,123470);
INSERT INTO Student(nuId,userId,firstName,lastName,major,coopLevel,year,advisor) VALUES (2229018,58,'Laurens','Yaus','Information Technology',2,3,123470);
INSERT INTO Student(nuId,userId,firstName,lastName,major,coopLevel,year,advisor) VALUES (2229019,59,'Francene','Nortcliffe','Political Science',1,1,123456);
INSERT INTO Student(nuId,userId,firstName,lastName,major,coopLevel,year,advisor) VALUES (2229020,60,'Issi','Renfrew','History',2,2,123457);
-- 30 records


--Dumping data for table 'Advisor'
INSERT INTO Advisor(nuId,userId,firstName,lastName,email,department) VALUES (123456,61,'Lonnie','Dowdall','lonnie.dowdall@yahoo.com','College of Professional Studies');
INSERT INTO Advisor(nuId,userId,firstName,lastName,email,department) VALUES (123457,62,'Denney','Brambill','denney.brambill@gmail.com','Bouvé College of Health Sciences');
INSERT INTO Advisor(nuId,userId,firstName,lastName,email,department) VALUES (123458,63,'Gael','Cescoti','gael.cescoti@hotmail.com','College of Engineering');
INSERT INTO Advisor(nuId,userId,firstName,lastName,email,department) VALUES (123459,64,'Felice','Ilsley','felice.ilsley@gmail.com','College of Social Sciences and Humanities');
INSERT INTO Advisor(nuId,userId,firstName,lastName,email,department) VALUES (123460,65,'Cornelle','Million','cornelle.million@yahoo.com','Khoury College of Computer Sciences');
INSERT INTO Advisor(nuId,userId,firstName,lastName,email,department) VALUES (123461,66,'Rabi','Lovstrom','rabi.lovstrom@aol.com','Bouvé College of Health Sciences');
INSERT INTO Advisor(nuId,userId,firstName,lastName,email,department) VALUES (123462,67,'Rycca','Zylbermann','rycca.zylbermann@hotmail.com','Bouvé College of Health Sciences');
INSERT INTO Advisor(nuId,userId,firstName,lastName,email,department) VALUES (123463,68,'Helsa','Totman','helsa.totman@gmail.com','College of Professional Studies');
INSERT INTO Advisor(nuId,userId,firstName,lastName,email,department) VALUES (123464,69,'Kare','Okey','kare.okey@gmail.com','D''Amore-McKim School of Business');
INSERT INTO Advisor(nuId,userId,firstName,lastName,email,department) VALUES (123465,70,'Arlyn','Plumm','arlyn.plumm@hotmail.com','Bouvé College of Health Sciences');
INSERT INTO Advisor(nuId,userId,firstName,lastName,email,department) VALUES (123466,71,'Christel','Livzey','christel.livzey@gmail.com','College of Professional Studies');
INSERT INTO Advisor(nuId,userId,firstName,lastName,email,department) VALUES (123467,72,'Cherise','Jore','cherise.jore@aol.com','D''Amore-McKim School of Business');
INSERT INTO Advisor(nuId,userId,firstName,lastName,email,department) VALUES (123468,73,'Adolpho','Craw','adolpho.craw@hotmail.com','College of Social Sciences and Humanities');
INSERT INTO Advisor(nuId,userId,firstName,lastName,email,department) VALUES (123469,74,'Mason','Usborn','mason.usborn@yahoo.com','College of Social Sciences and Humanities');
INSERT INTO Advisor(nuId,userId,firstName,lastName,email,department) VALUES (123470,75,'Hesther','Charleston','hesther.charleston@yandex.ru','Bouvé College of Health Sciences');
INSERT INTO Advisor(nuId,userId,firstName,lastName,email,department) VALUES (123471,76,'Carmon','Lewing','carmon.lewing@aol.com','College of Social Sciences and Humanities');
INSERT INTO Advisor(nuId,userId,firstName,lastName,email,department) VALUES (123472,77,'Kendrick','Lennon','kendrick.lennon@hotmail.com','College of Engineering');
INSERT INTO Advisor(nuId,userId,firstName,lastName,email,department) VALUES (123473,78,'Kamillah','Dumpleton','kamillah.dumpleton@aol.com','College of Arts, Media and Design');
INSERT INTO Advisor(nuId,userId,firstName,lastName,email,department) VALUES (123474,79,'Jeane','Lanfere','jeane.lanfere@hotmail.com','College of Engineering');
INSERT INTO Advisor(nuId,userId,firstName,lastName,email,department) VALUES (123475,80,'Cyndi','Delgaty','cyndi.delgaty@hotmail.com','College of Engineering');
INSERT INTO Advisor(nuId,userId,firstName,lastName,email,department) VALUES (123476,81,'Arda','Redit','arda.redit@live.com','Khoury College of Computer Sciences');
INSERT INTO Advisor(nuId,userId,firstName,lastName,email,department) VALUES (123477,82,'Jilly','Spring','jilly.spring@ymail.com','College of Arts, Media and Design');
INSERT INTO Advisor(nuId,userId,firstName,lastName,email,department) VALUES (123478,83,'Nanny','Pawelec','nanny.pawelec@web.de','College of Social Sciences and Humanities');
INSERT INTO Advisor(nuId,userId,firstName,lastName,email,department) VALUES (123479,84,'Nelie','Shuttell','nelie.shuttell@yahoo.com','College of Professional Studies');
INSERT INTO Advisor(nuId,userId,firstName,lastName,email,department) VALUES (123480,85,'Cristie','Luto','cristie.luto@hotmail.com','D''Amore-McKim School of Business');
INSERT INTO Advisor(nuId,userId,firstName,lastName,email,department) VALUES (123481,86,'Diane','Parres','diane.parres@yahoo.com','College of Professional Studies');
INSERT INTO Advisor(nuId,userId,firstName,lastName,email,department) VALUES (123482,87,'Alastair','Pawden','alastair.pawden@yandex.ru','College of Arts, Media and Design');
INSERT INTO Advisor(nuId,userId,firstName,lastName,email,department) VALUES (123483,88,'Trstram','Gircke','trstram.gircke@yahoo.com.br','College of Social Sciences and Humanities');
INSERT INTO Advisor(nuId,userId,firstName,lastName,email,department) VALUES (123484,89,'Nicki','Jest','nicki.jest@yahoo.com','College of Social Sciences and Humanities');
INSERT INTO Advisor(nuId,userId,firstName,lastName,email,department) VALUES (123485,90,'Bobbee','Marquese','bobbee.marquese@hotmail.com','College of Social Sciences and Humanities');
-- 30 records


-- Dumping data for table 'Data Analyst'
INSERT INTO DataAnalyst(userId,firstName,lastName) VALUES (91,'Rafael','Fontin');
INSERT INTO DataAnalyst(userId,firstName,lastName) VALUES (92,'Juliane','Rittmeyer');
INSERT INTO DataAnalyst(userId,firstName,lastName) VALUES (93,'Alard','Piggrem');
INSERT INTO DataAnalyst(userId,firstName,lastName) VALUES (94,'Evey','Aucoate');
INSERT INTO DataAnalyst(userId,firstName,lastName) VALUES (95,'Sasha','Ahlin');
INSERT INTO DataAnalyst(userId,firstName,lastName) VALUES (96,'Gaultiero','Uc');
INSERT INTO DataAnalyst(userId,firstName,lastName) VALUES (97,'Piggy','Mercer');
INSERT INTO DataAnalyst(userId,firstName,lastName) VALUES (98,'Clerissa','Craster');
INSERT INTO DataAnalyst(userId,firstName,lastName) VALUES (99,'Ellyn','Clifft');
INSERT INTO DataAnalyst(userId,firstName,lastName) VALUES (100,'Etheline','Marvin');
INSERT INTO DataAnalyst(userId,firstName,lastName) VALUES (101,'Ebenezer','Shine');
INSERT INTO DataAnalyst(userId,firstName,lastName) VALUES (102,'Becky','Bristo');
INSERT INTO DataAnalyst(userId,firstName,lastName) VALUES (103,'Rolando','Littlechild');
INSERT INTO DataAnalyst(userId,firstName,lastName) VALUES (104,'Sibeal','Cordoba');
INSERT INTO DataAnalyst(userId,firstName,lastName) VALUES (105,'Merola','Meggison');
INSERT INTO DataAnalyst(userId,firstName,lastName) VALUES (106,'Torie','Ramard');
INSERT INTO DataAnalyst(userId,firstName,lastName) VALUES (107,'Payton','Kemston');
INSERT INTO DataAnalyst(userId,firstName,lastName) VALUES (108,'Chucho','Garrattley');
INSERT INTO DataAnalyst(userId,firstName,lastName) VALUES (109,'Hilliard','Cartmail');
INSERT INTO DataAnalyst(userId,firstName,lastName) VALUES (110,'Sara','Vallintine');
INSERT INTO DataAnalyst(userId,firstName,lastName) VALUES (111,'Candida','Sichardt');
INSERT INTO DataAnalyst(userId,firstName,lastName) VALUES (112,'Mirabel','Whitby');
INSERT INTO DataAnalyst(userId,firstName,lastName) VALUES (113,'Petra','Allsepp');
INSERT INTO DataAnalyst(userId,firstName,lastName) VALUES (114,'Genny','Rosekilly');
INSERT INTO DataAnalyst(userId,firstName,lastName) VALUES (115,'Mortimer','Wetton');
INSERT INTO DataAnalyst(userId,firstName,lastName) VALUES (116,'Marjie','Calway');
INSERT INTO DataAnalyst(userId,firstName,lastName) VALUES (117,'Wileen','Gilsthorpe');
INSERT INTO DataAnalyst(userId,firstName,lastName) VALUES (118,'Kristian','Billsberry');
INSERT INTO DataAnalyst(userId,firstName,lastName) VALUES (119,'Shaun','Gartin');
INSERT INTO DataAnalyst(userId,firstName,lastName) VALUES (120,'Gina','Cours');
-- 30 records
 

-- Dumping data for table 'Employer'
INSERT INTO Employer(userId,firstName,lastName,email,role,department,company) VALUES (121,'Yank','Hemeret','yank.hemeret@yahoo.com','Human Resources Specialist','Customer Service',3);
INSERT INTO Employer(userId,firstName,lastName,email,role,department,company) VALUES (122,'Elke','McLeary','elke.mcleary@hotmail.com','Marketing Specialist','Research and Development',12);
INSERT INTO Employer(userId,firstName,lastName,email,role,department,company) VALUES (123,'Emiline','Ankers','emiline.ankers@hotmail.com','Quality Assurance Engineer','Administration',4);
INSERT INTO Employer(userId,firstName,lastName,email,role,department,company) VALUES (124,'Ansel','Mousby','ansel.mousby@orange.fr','Project Coordinator','Customer Service',30);
INSERT INTO Employer(userId,firstName,lastName,email,role,department,company) VALUES (125,'Gale','Olczyk','gale.olczyk@gmail.com','Quality Assurance Engineer','Research and Development',25);
INSERT INTO Employer(userId,firstName,lastName,email,role,department,company) VALUES (126,'Louella','Tregaskis','louella.tregaskis@gmail.com','Manager','Customer Service',9);
INSERT INTO Employer(userId,firstName,lastName,email,role,department,company) VALUES (127,'Buddy','Behagg','buddy.behagg@hotmail.com','Marketing Specialist','Customer Service',22);
INSERT INTO Employer(userId,firstName,lastName,email,role,department,company) VALUES (128,'Cass','Nicolson','cass.nicolson@hotmail.com','Data Analyst','Research and Development',8);
INSERT INTO Employer(userId,firstName,lastName,email,role,department,company) VALUES (129,'Evey','Elwin','evey.elwin@yahoo.com','Project Coordinator','Human Resources',18);
INSERT INTO Employer(userId,firstName,lastName,email,role,department,company) VALUES (130,'Jeramie','Larroway','jeramie.larroway@gmail.com','Software Developer','Administration',10);
INSERT INTO Employer(userId,firstName,lastName,email,role,department,company) VALUES (131,'Shaine','Chennells','shaine.chennells@yahoo.com','Human Resources Specialist','Sales',2);
INSERT INTO Employer(userId,firstName,lastName,email,role,department,company) VALUES (132,'Lanny','Merchant','lanny.merchant@orange.fr','Sales Representative','Production',16);
INSERT INTO Employer(userId,firstName,lastName,email,role,department,company) VALUES (133,'Stillmann','Sherry','stillmann.sherry@yahoo.com','Project Coordinator','Marketing',23);
INSERT INTO Employer(userId,firstName,lastName,email,role,department,company) VALUES (134,'Simone','Greatland','simone.greatland@hotmail.com','Marketing Specialist','Sales',19);
INSERT INTO Employer(userId,firstName,lastName,email,role,department,company) VALUES (135,'Trever','Roake','trever.roake@live.co.uk','Quality Assurance Engineer','Legal',27);
INSERT INTO Employer(userId,firstName,lastName,email,role,department,company) VALUES (136,'Matthus','Gimenez','matthus.gimenez@hotmail.com','Administrative Assistant','Legal',4);
INSERT INTO Employer(userId,firstName,lastName,email,role,department,company) VALUES (137,'Haslett','Bulmer','haslett.bulmer@charter.net','Data Analyst','Marketing',14);
INSERT INTO Employer(userId,firstName,lastName,email,role,department,company) VALUES (138,'Berkie','Coil','berkie.coil@yahoo.com','Sales Representative','Legal',16);
INSERT INTO Employer(userId,firstName,lastName,email,role,department,company) VALUES (139,'Phil','Muckian','phil.muckian@gmail.com','Sales Representative','Logistics',14);
INSERT INTO Employer(userId,firstName,lastName,email,role,department,company) VALUES (140,'Jeanie','Kensett','jeanie.kensett@live.nl','Team Leader','Customer Service',30);
INSERT INTO Employer(userId,firstName,lastName,email,role,department,company) VALUES (141,'Farleigh','Tonkin','farleigh.tonkin@gmail.com','Software Developer','Purchasing',28);
INSERT INTO Employer(userId,firstName,lastName,email,role,department,company) VALUES (142,'Perkin','Vankin','perkin.vankin@hotmail.com','Administrative Assistant','Legal',20);
INSERT INTO Employer(userId,firstName,lastName,email,role,department,company) VALUES (143,'Christophorus','McGeechan','christophorus.mcgeechan@yahoo.co.uk','Manager','IT',24);
INSERT INTO Employer(userId,firstName,lastName,email,role,department,company) VALUES (144,'Jarrett','Habbal','jarrett.habbal@hotmail.com','Data Analyst','Production',25);
INSERT INTO Employer(userId,firstName,lastName,email,role,department,company) VALUES (145,'Izabel','Philipeaux','izabel.philipeaux@aol.com','Marketing Specialist','Legal',4);
INSERT INTO Employer(userId,firstName,lastName,email,role,department,company) VALUES (146,'Kathryne','Barbosa','kathryne.barbosa@hotmail.com','Software Developer','IT',5);
INSERT INTO Employer(userId,firstName,lastName,email,role,department,company) VALUES (147,'Briana','Finnigan','briana.finnigan@tiscali.it','Team Leader','Purchasing',7);
INSERT INTO Employer(userId,firstName,lastName,email,role,department,company) VALUES (148,'Cobby','Troak','cobby.troak@hotmail.co.uk','Software Developer','Legal',21);
INSERT INTO Employer(userId,firstName,lastName,email,role,department,company) VALUES (149,'Jules','Pawling','jules.pawling@yahoo.com','Sales Representative','Finance',19);
INSERT INTO Employer(userId,firstName,lastName,email,role,department,company) VALUES (150,'Celka','Cancellor','celka.cancellor@gmail.com','Marketing Specialist','Administration',28);
-- 30 records


-- Dumping data for table 'Company'
INSERT INTO Company(companyId,companyName,size) VALUES (1,'Visionary Ideas Group',8712);
INSERT INTO Company(companyId,companyName,size) VALUES (2,'Data Dynamics Corp.',3504);
INSERT INTO Company(companyId,companyName,size) VALUES (3,'Advanced Manufacturing Solutions',3234);
INSERT INTO Company(companyId,companyName,size) VALUES (4,'Sustainable Ventures',1017);
INSERT INTO Company(companyId,companyName,size) VALUES (5,'Creative Solutions Ltd.',7967);
INSERT INTO Company(companyId,companyName,size) VALUES (6,'Quantum Systems Co.',674);
INSERT INTO Company(companyId,companyName,size) VALUES (7,'Advanced Manufacturing Solutions',9776);
INSERT INTO Company(companyId,companyName,size) VALUES (8,'Sustainable Ventures',5505);
INSERT INTO Company(companyId,companyName,size) VALUES (9,'Visionary Ideas Group',969);
INSERT INTO Company(companyId,companyName,size) VALUES (10,'Data Dynamics Corp.',39);
INSERT INTO Company(companyId,companyName,size) VALUES (11,'NextGen Technologies',9575);
INSERT INTO Company(companyId,companyName,size) VALUES (12,'Eco-Friendly Products LLC',3374);
INSERT INTO Company(companyId,companyName,size) VALUES (13,'Tech Innovations LLC',766);
INSERT INTO Company(companyId,companyName,size) VALUES (14,'Data Dynamics Corp.',7183);
INSERT INTO Company(companyId,companyName,size) VALUES (15,'Quantum Systems Co.',6531);
INSERT INTO Company(companyId,companyName,size) VALUES (16,'Eco-Friendly Products LLC',5334);
INSERT INTO Company(companyId,companyName,size) VALUES (17,'NextGen Technologies',7039);
INSERT INTO Company(companyId,companyName,size) VALUES (18,'Global Enterprises Inc.',533);
INSERT INTO Company(companyId,companyName,size) VALUES (19,'Quantum Systems Co.',5283);
INSERT INTO Company(companyId,companyName,size) VALUES (20,'Visionary Ideas Group',6574);
INSERT INTO Company(companyId,companyName,size) VALUES (21,'NextGen Technologies',5198);
INSERT INTO Company(companyId,companyName,size) VALUES (22,'Global Enterprises Inc.',6358);
INSERT INTO Company(companyId,companyName,size) VALUES (23,'Visionary Ideas Group',6245);
INSERT INTO Company(companyId,companyName,size) VALUES (24,'Creative Solutions Ltd.',3034);
INSERT INTO Company(companyId,companyName,size) VALUES (25,'Advanced Manufacturing Solutions',3007);
INSERT INTO Company(companyId,companyName,size) VALUES (26,'Global Enterprises Inc.',6939);
INSERT INTO Company(companyId,companyName,size) VALUES (27,'Visionary Ideas Group',2753);
INSERT INTO Company(companyId,companyName,size) VALUES (28,'Global Enterprises Inc.',376);
INSERT INTO Company(companyId,companyName,size) VALUES (29,'Global Enterprises Inc.',2524);
INSERT INTO Company(companyId,companyName,size) VALUES (30,'Data Dynamics Corp.',1009);
-- 30 records
   

-- Dumping data for table 'Coop'
INSERT INTO Coop(jobId,locationCity,locationState,locationCountry,title,description,company) VALUES (1,'Cambridge','Massachusetts','United States','Mechanical Engineer Intern','Levis in gravitate brevis soleat esse ut eius magnitudinem celeritas',1);
INSERT INTO Coop(jobId,locationCity,locationState,locationCountry,title,description,company) VALUES (2,'Fayetteville','North Carolina','United States','Graphic Designer Intern','Vacillare tuentur tamen eum locum seque facile ut mihi videtur',2);
INSERT INTO Coop(jobId,locationCity,locationState,locationCountry,title,description,company) VALUES (3,'San Francisco','California','United States','Backend Developer Intern','Ut nulli propter eas consequantur dolores et',3);
INSERT INTO Coop(jobId,locationCity,locationState,locationCountry,title,description,company) VALUES (4,'Minneapolis','Minnesota','United States','Data Scientist Intern','Hoc commune vitium illae Epicuri propriae ruinae censet enim',4);
INSERT INTO Coop(jobId,locationCity,locationState,locationCountry,title,description,company) VALUES (5,'Washington','District of Columbia','United States','Systems Engineer Intern','Non existimant oportere nimium nos causae confidere sed',5);
INSERT INTO Coop(jobId,locationCity,locationState,locationCountry,title,description,company) VALUES (6,'Denver','Colorado','United States','Game Developer Intern','Credere aliquid esse minimum quod profecto numquam putavisset si a Polyaeno',6);
INSERT INTO Coop(jobId,locationCity,locationState,locationCountry,title,description,company) VALUES (7,'Roanoke','Virginia','United States','Graphic Designer Intern','Et eos quasi concordia quadam placet ac leniat Temperantia',7);
INSERT INTO Coop(jobId,locationCity,locationState,locationCountry,title,description,company) VALUES (8,'Las Vegas','Nevada','United States','Data Engineer Intern','Minus legimus quam hoc idem Graecum quae',8);
INSERT INTO Coop(jobId,locationCity,locationState,locationCountry,title,description,company) VALUES (9,'Salt Lake City','Utah','United States','Civil Engineer Intern','Sane -- ''At si voluptas summum sit bonum affirmatis nullam omnino fore De qua',9);
INSERT INTO Coop(jobId,locationCity,locationState,locationCountry,title,description,company) VALUES (10,'Phoenix','Arizona','United States','Mobile App Developer Intern','Sed ex eo perciperet corpore voluptatem aut cum Latinis tertio consulatu',10);
INSERT INTO Coop(jobId,locationCity,locationState,locationCountry,title,description,company) VALUES (11,'Buffalo','New York','United States','Game Developer Intern','Omnem perturbari videmus errore et inscientia sapientiamque esse solam quae nos',11);
INSERT INTO Coop(jobId,locationCity,locationState,locationCountry,title,description,company) VALUES (12,'Muskegon','Michigan','United States','Data Scientist Intern','Fuisse desideraturam Idcirco enim non desideraret quia quod dolore caret id in hominum',12);
INSERT INTO Coop(jobId,locationCity,locationState,locationCountry,title,description,company) VALUES (13,'Los Angeles','California','United States','Full Stack Developer Intern','Vim tantam habent ut non modo non inopem ut vulgo putarent sed',13);
INSERT INTO Coop(jobId,locationCity,locationState,locationCountry,title,description,company) VALUES (14,'North Port','Florida','United States','Business Analyst Intern','Venire ut abhorreant a Latinis quod inciderint',14);
INSERT INTO Coop(jobId,locationCity,locationState,locationCountry,title,description,company) VALUES (15,'Denver','Colorado','United States','Visual Designer Intern','Cogitemus infinitio ipsa quam apeirian vocant tota ab illo',15);
INSERT INTO Coop(jobId,locationCity,locationState,locationCountry,title,description,company) VALUES (16,'Indianapolis','Indiana','United States','QA Engineer Intern','Intellegere quid diceret Aliena dixit in',16);
INSERT INTO Coop(jobId,locationCity,locationState,locationCountry,title,description,company) VALUES (17,'Indianapolis','Indiana','United States','Frontend Developer Intern','Nisi dolorem de quibus neque depravate iudicant neque corrupte nonne',17);
INSERT INTO Coop(jobId,locationCity,locationState,locationCountry,title,description,company) VALUES (18,'Garden Grove','California','United States','Operations Intern','Semper desperantes aut malivoli invidi difficiles lucifugi maledici',18);
INSERT INTO Coop(jobId,locationCity,locationState,locationCountry,title,description,company) VALUES (19,'Memphis','Tennessee','United States','Sales Intern','Individua propter soliditatem censet in infinito inani in quo a populo Romano',19);
INSERT INTO Coop(jobId,locationCity,locationState,locationCountry,title,description,company) VALUES (20,'Tampa','Florida','United States','Backend Developer Intern','Vitae optimum et verissimum sit exquirere An partus ancillae sitne in',20);
INSERT INTO Coop(jobId,locationCity,locationState,locationCountry,title,description,company) VALUES (21,'Richmond','Virginia','United States','Robotics Engineer Intern','Corporis voluptatibus et doloribus -- itaque concedo quod modo dicebas cadere causa',21);
INSERT INTO Coop(jobId,locationCity,locationState,locationCountry,title,description,company) VALUES (22,'San Jose','California','United States','Electrical Engineer Intern','Enim cupio quid non probes Principio inquam in physicis quibus maxime',22);
INSERT INTO Coop(jobId,locationCity,locationState,locationCountry,title,description,company) VALUES (23,'Atlanta','Georgia','United States','AI Research Intern','Iucunditatem vitae tenere possumus neque vero ipsam amicitiam tueri nisi aeque',23);
INSERT INTO Coop(jobId,locationCity,locationState,locationCountry,title,description,company) VALUES (24,'Appleton','Wisconsin','United States','Visual Designer Intern','Dici possunt Ut enim sapientiam temperantiam fortitudinem copulatas esse docui',24);
INSERT INTO Coop(jobId,locationCity,locationState,locationCountry,title,description,company) VALUES (25,'Nashville','Tennessee','United States','DevOps Engineer Intern','Voluptate velit esse cillum dolore eu fugiat nulla pariatur Excepteur sint',25);
INSERT INTO Coop(jobId,locationCity,locationState,locationCountry,title,description,company) VALUES (26,'Charleston','South Carolina','United States','Graphic Designer Intern','Animal simul atque natum sit voluptatem appetere eaque',26);
INSERT INTO Coop(jobId,locationCity,locationState,locationCountry,title,description,company) VALUES (27,'Sacramento','California','United States','Sales Intern','Omnisque puerilis est delectatio aut se ut Plato in',27);
INSERT INTO Coop(jobId,locationCity,locationState,locationCountry,title,description,company) VALUES (28,'Honolulu','Hawaii','United States','Full Stack Developer Intern','In Cumanum salutandi causa uterque venisset pauca primo inter nos ea',28);
INSERT INTO Coop(jobId,locationCity,locationState,locationCountry,title,description,company) VALUES (29,'Spring','Texas','United States','Game Developer Intern','Familiarem nostrum Posidonium Quid Theophrastus mediocriterne delectat cum tractat locos',29);
INSERT INTO Coop(jobId,locationCity,locationState,locationCountry,title,description,company) VALUES (30,'Little Rock','Arkansas','United States','Graphic Designer Intern','Minus animo aequo e vita cum ea non',30);
-- 30 records

-- Dumping data for table 'Visualization'   
insert into Visualization (vizType, filters, company, createdBy, updatedBy) values ('Bar Chart', 'Nullam sit amet turpis elementum ligula vehicula consequat. Morbi a ipsum.', 24, 4, 3);
insert into Visualization (vizType, filters, company, createdBy, updatedBy) values ('Line Chart', 'Proin eu mi. Nulla ac enim.', 1, 17, 16);
insert into Visualization (vizType, filters, company, createdBy, updatedBy) values ('Pie Chart', 'Vestibulum ante ipsum primis in faucibus orci luctus et ultrices posuere cubilia Curae; Mauris viverra diam vitae quam. Suspendisse potenti.', 9, 15, 21);
insert into Visualization (vizType, filters, company, createdBy, updatedBy) values ('Histogram', 'Nulla tellus. In sagittis dui vel nisl.', 22, 8, 29);
insert into Visualization (vizType, filters, company, createdBy, updatedBy) values ('Scatter Plot', 'Nunc rhoncus dui vel sem. Sed sagittis.', 5, 5, 18);
insert into Visualization (vizType, filters, company, createdBy, updatedBy) values ('Box Plot', 'Praesent id massa id nisl venenatis lacinia.', 15, 19, 29);
insert into Visualization (vizType, filters, company, createdBy, updatedBy) values ('Heatmap', 'In sagittis dui vel nisl. Duis ac nibh.', 1, 16, 5);
insert into Visualization (vizType, filters, company, createdBy, updatedBy) values ('Treemap', 'Sed ante. Vivamus tortor.', 10, 12, 26);
insert into Visualization (vizType, filters, company, createdBy, updatedBy) values ('Bubble Chart', 'In hac habitasse platea dictumst.', 5, 21, 6);
insert into Visualization (vizType, filters, company, createdBy, updatedBy) values ('Area Chart', 'Integer pede justo, lacinia eget, tincidunt eget, tempus vel, pede. Morbi porttitor lorem id ligula.', 11, 26, 24);
insert into Visualization (vizType, filters, company, createdBy, updatedBy) values ('Radar Chart', 'Vestibulum quam sapien, varius ut, blandit non, interdum in, ante.', 16, 21, 21);
insert into Visualization (vizType, filters, company, createdBy, updatedBy) values ('Gantt Chart', 'Duis at velit eu est congue elementum. In hac habitasse platea dictumst.', 3, 23, 22);
insert into Visualization (vizType, filters, company, createdBy, updatedBy) values ('Waterfall Chart', 'Maecenas rhoncus aliquam lacus.', 24, 14, 19);
insert into Visualization (vizType, filters, company, createdBy, updatedBy) values ('Funnel Chart', 'In hac habitasse platea dictumst. Morbi vestibulum, velit id pretium iaculis, diam erat fermentum justo, nec condimentum neque sapien placerat ante.', 26, 13, 21);
insert into Visualization (vizType, filters, company, createdBy, updatedBy) values ('Sunburst Diagram', 'Praesent lectus. Vestibulum quam sapien, varius ut, blandit non, interdum in, ante.', 15, 26, 17);
insert into Visualization (vizType, filters, company, createdBy, updatedBy) values ('Sankey Diagram', 'Phasellus in felis.', 24, 17, 12);
insert into Visualization (vizType, filters, company, createdBy, updatedBy) values ('Parallel Coordinates', 'Curabitur at ipsum ac tellus semper interdum.', 22, 25, 19);
insert into Visualization (vizType, filters, company, createdBy, updatedBy) values ('Choropleth Map', 'Mauris sit amet eros. Suspendisse accumsan tortor quis turpis.', 22, 20, 15);
insert into Visualization (vizType, filters, company, createdBy, updatedBy) values ('Flow Map', 'Donec quis orci eget orci vehicula condimentum.', 1, 26, 8);
insert into Visualization (vizType, filters, company, createdBy, updatedBy) values ('Dot Map', 'In quis justo.', 4, 25, 1);
insert into Visualization (vizType, filters, company, createdBy, updatedBy) values ('Network Diagram', 'Maecenas ut massa quis augue luctus tincidunt.', 29, 2, 9);
insert into Visualization (vizType, filters, company, createdBy, updatedBy) values ('Matrix Chart', 'Proin leo odio, porttitor id, consequat in, consequat ut, nulla. Sed accumsan felis.', 16, 30, 26);
insert into Visualization (vizType, filters, company, createdBy, updatedBy) values ('Violin Plot', 'In hac habitasse platea dictumst.', 19, 27, 25);
insert into Visualization (vizType, filters, company, createdBy, updatedBy) values ('Strip Plot', 'Aenean auctor gravida sem. Praesent id massa id nisl venenatis lacinia.', 17, 13, 1);
insert into Visualization (vizType, filters, company, createdBy, updatedBy) values ('Ridgeline Plot', 'Fusce congue, diam id ornare imperdiet, sapien urna pretium nisl, ut volutpat sapien arcu sed augue.', 1, 17, 1);
insert into Visualization (vizType, filters, company, createdBy, updatedBy) values ('Word Cloud', 'Integer non velit.', 25, 8, 21);
insert into Visualization (vizType, filters, company, createdBy, updatedBy) values ('Timeline', 'Pellentesque eget nunc. Donec quis orci eget orci vehicula condimentum.', 13, 15, 9);
insert into Visualization (vizType, filters, company, createdBy, updatedBy) values ('Pyramid Chart', 'Sed vel enim sit amet nunc viverra dapibus.', 11, 15, 30);
insert into Visualization (vizType, filters, company, createdBy, updatedBy) values ('Contour Plot', 'Donec quis orci eget orci vehicula condimentum.', 28, 3, 13);
insert into Visualization (vizType, filters, company, createdBy, updatedBy) values ('Density Plot', 'In hac habitasse platea dictumst.', 18, 8, 30);
insert into Visualization (vizType, filters, company, createdBy, updatedBy) values ('Candlestick Chart', 'Morbi a ipsum.', 17, 29, 12);
insert into Visualization (vizType, filters, company, createdBy, updatedBy) values ('Bullet Chart', 'Donec ut mauris eget massa tempor convallis.', 17, 27, 29);
insert into Visualization (vizType, filters, company, createdBy, updatedBy) values ('Spider Plot', 'Suspendisse potenti.', 15, 4, 6);
insert into Visualization (vizType, filters, company, createdBy, updatedBy) values ('Force-Directed Graph', 'Nulla tempus. Vivamus in felis eu sapien cursus vestibulum.', 23, 15, 30);
insert into Visualization (vizType, filters, company, createdBy, updatedBy) values ('Bar Chart', 'Mauris lacinia sapien quis libero. Nullam sit amet turpis elementum ligula vehicula consequat.', 19, 6, 19);
insert into Visualization (vizType, filters, company, createdBy, updatedBy) values ('Line Chart', 'Integer pede justo, lacinia eget, tincidunt eget, tempus vel, pede.', 22, 12, 15);
insert into Visualization (vizType, filters, company, createdBy, updatedBy) values ('Pie Chart', 'Integer non velit.', 17, 12, 16);
insert into Visualization (vizType, filters, company, createdBy, updatedBy) values ('Histogram', 'Suspendisse potenti. In eleifend quam a odio.', 20, 9, 23);
insert into Visualization (vizType, filters, company, createdBy, updatedBy) values ('Scatter Plot', 'Vestibulum quam sapien, varius ut, blandit non, interdum in, ante. Vestibulum ante ipsum primis in faucibus orci luctus et ultrices posuere cubilia Curae; Duis faucibus accumsan odio.', 6, 24, 25);
insert into Visualization (vizType, filters, company, createdBy, updatedBy) values ('Box Plot', 'Suspendisse potenti. Cras in purus eu magna vulputate luctus.', 26, 26, 3);
-- 40 records
 

-- Dumping data for table 'Permission'



-- Dumping data for table 'SummaryReport'
insert into SummaryReport (averageRating, generatedSummary, company, generatedBy, updatedBy) values (2.1, 'Fusce posuere felis sed lacus.', 29, 107, 103);
insert into SummaryReport (averageRating, generatedSummary, company, generatedBy, updatedBy) values (4.0, 'Vivamus metus arcu, adipiscing molestie, hendrerit at, vulputate vitae, nisl. Aenean lectus.', 13, 111, 99);
insert into SummaryReport (averageRating, generatedSummary, company, generatedBy, updatedBy) values (4.1, 'In blandit ultrices enim. Lorem ipsum dolor sit amet, consectetuer adipiscing elit.', 8, 99, 110);
insert into SummaryReport (averageRating, generatedSummary, company, generatedBy, updatedBy) values (4.5, 'Suspendisse potenti.', 13, 93, 114);
insert into SummaryReport (averageRating, generatedSummary, company, generatedBy, updatedBy) values (4.6, 'Vivamus in felis eu sapien cursus vestibulum. Proin eu mi.', 22, 92, 115);
insert into SummaryReport (averageRating, generatedSummary, company, generatedBy, updatedBy) values (1.4, 'Proin eu mi.', 3, 100, 115);
insert into SummaryReport (averageRating, generatedSummary, company, generatedBy, updatedBy) values (1.8, 'Vivamus vel nulla eget eros elementum pellentesque. Quisque porta volutpat erat.', 22, 102, 104);
insert into SummaryReport (averageRating, generatedSummary, company, generatedBy, updatedBy) values (3.1, 'Vivamus vestibulum sagittis sapien. Cum sociis natoque penatibus et magnis dis parturient montes, nascetur ridiculus mus.', 27, 107, 106);
insert into SummaryReport (averageRating, generatedSummary, company, generatedBy, updatedBy) values (2.5, 'Curabitur gravida nisi at nibh. In hac habitasse platea dictumst.', 17, 104, 105);
insert into SummaryReport (averageRating, generatedSummary, company, generatedBy, updatedBy) values (4.7, 'Duis consequat dui nec nisi volutpat eleifend. Donec ut dolor.', 29, 112, 94);
insert into SummaryReport (averageRating, generatedSummary, company, generatedBy, updatedBy) values (3.5, 'Nunc nisl.', 28, 96, 120);
insert into SummaryReport (averageRating, generatedSummary, company, generatedBy, updatedBy) values (2.0, 'Donec odio justo, sollicitudin ut, suscipit a, feugiat et, eros. Vestibulum ac est lacinia nisi venenatis tristique.', 24, 113, 102);
insert into SummaryReport (averageRating, generatedSummary, company, generatedBy, updatedBy) values (1.2, 'Sed sagittis. Nam congue, risus semper porta volutpat, quam pede lobortis ligula, sit amet eleifend pede libero quis orci.', 17, 95, 99);
insert into SummaryReport (averageRating, generatedSummary, company, generatedBy, updatedBy) values (1.6, 'In blandit ultrices enim.', 20, 100, 118);
insert into SummaryReport (averageRating, generatedSummary, company, generatedBy, updatedBy) values (1.0, 'Nulla tellus.', 19, 93, 115);
insert into SummaryReport (averageRating, generatedSummary, company, generatedBy, updatedBy) values (1.9, 'Curabitur convallis. Duis consequat dui nec nisi volutpat eleifend.', 3, 113, 116);
insert into SummaryReport (averageRating, generatedSummary, company, generatedBy, updatedBy) values (2.8, 'Suspendisse potenti. Cras in purus eu magna vulputate luctus.', 30, 93, 92);
insert into SummaryReport (averageRating, generatedSummary, company, generatedBy, updatedBy) values (3.6, 'In quis justo.', 9, 95, 95);
insert into SummaryReport (averageRating, generatedSummary, company, generatedBy, updatedBy) values (1.9, 'Duis bibendum. Morbi non quam nec dui luctus rutrum.', 28, 104, 116);
insert into SummaryReport (averageRating, generatedSummary, company, generatedBy, updatedBy) values (3.9, 'Donec ut mauris eget massa tempor convallis.', 18, 100, 101);
insert into SummaryReport (averageRating, generatedSummary, company, generatedBy, updatedBy) values (4.6, 'Cum sociis natoque penatibus et magnis dis parturient montes, nascetur ridiculus mus.', 28, 103, 98);
insert into SummaryReport (averageRating, generatedSummary, company, generatedBy, updatedBy) values (3.0, 'Nam ultrices, libero non mattis pulvinar, nulla pede ullamcorper augue, a suscipit nulla elit ac nulla.', 13, 117, 103);
insert into SummaryReport (averageRating, generatedSummary, company, generatedBy, updatedBy) values (3.1, 'Vestibulum ac est lacinia nisi venenatis tristique.', 12, 113, 91);
insert into SummaryReport (averageRating, generatedSummary, company, generatedBy, updatedBy) values (4.9, 'Aliquam augue quam, sollicitudin vitae, consectetuer eget, rutrum at, lorem. Integer tincidunt ante vel ipsum.', 10, 107, 95);
insert into SummaryReport (averageRating, generatedSummary, company, generatedBy, updatedBy) values (1.5, 'Duis aliquam convallis nunc.', 18, 112, 92);
insert into SummaryReport (averageRating, generatedSummary, company, generatedBy, updatedBy) values (4.2, 'Cras non velit nec nisi vulputate nonummy.', 6, 95, 115);
insert into SummaryReport (averageRating, generatedSummary, company, generatedBy, updatedBy) values (3.2, 'Nam nulla. Integer pede justo, lacinia eget, tincidunt eget, tempus vel, pede.', 16, 95, 103);
insert into SummaryReport (averageRating, generatedSummary, company, generatedBy, updatedBy) values (4.3, 'Etiam justo.', 14, 107, 114);
insert into SummaryReport (averageRating, generatedSummary, company, generatedBy, updatedBy) values (3.0, 'Nam dui.', 11, 104, 105);
insert into SummaryReport (averageRating, generatedSummary, company, generatedBy, updatedBy) values (1.2, 'Cum sociis natoque penatibus et magnis dis parturient montes, nascetur ridiculus mus.', 24, 108, 96);
insert into SummaryReport (averageRating, generatedSummary, company, generatedBy, updatedBy) values (4.2, 'Proin at turpis a pede posuere nonummy.', 14, 101, 93);
insert into SummaryReport (averageRating, generatedSummary, company, generatedBy, updatedBy) values (2.5, 'Aliquam augue quam, sollicitudin vitae, consectetuer eget, rutrum at, lorem.', 19, 95, 95);
insert into SummaryReport (averageRating, generatedSummary, company, generatedBy, updatedBy) values (4.2, 'Morbi vel lectus in quam fringilla rhoncus. Mauris enim leo, rhoncus sed, vestibulum sit amet, cursus id, turpis.', 8, 109, 100);
insert into SummaryReport (averageRating, generatedSummary, company, generatedBy, updatedBy) values (4.4, 'Donec ut dolor. Morbi vel lectus in quam fringilla rhoncus.', 18, 120, 100);
insert into SummaryReport (averageRating, generatedSummary, company, generatedBy, updatedBy) values (4.8, 'Duis consequat dui nec nisi volutpat eleifend. Donec ut dolor.', 27, 96, 104);
insert into SummaryReport (averageRating, generatedSummary, company, generatedBy, updatedBy) values (1.7, 'In hac habitasse platea dictumst. Maecenas ut massa quis augue luctus tincidunt.', 16, 100, 92);
insert into SummaryReport (averageRating, generatedSummary, company, generatedBy, updatedBy) values (4.7, 'In hac habitasse platea dictumst.', 10, 95, 92);
insert into SummaryReport (averageRating, generatedSummary, company, generatedBy, updatedBy) values (2.8, 'Curabitur in libero ut massa volutpat convallis.', 22, 94, 98);
insert into SummaryReport (averageRating, generatedSummary, company, generatedBy, updatedBy) values (4.9, 'Fusce lacus purus, aliquet at, feugiat non, pretium quis, lectus. Suspendisse potenti.', 26, 97, 107);
insert into SummaryReport (averageRating, generatedSummary, company, generatedBy, updatedBy) values (2.8, 'Cras non velit nec nisi vulputate nonummy.', 18, 115, 116);
-- 40 records

-- Dumping data for table 'Review'
insert into Review (createdAt, createdBy, role, rating, summary, bestPart, worstPart, isAnonymous, wouldRecommend) values ('3/17/2024', 33, 57, 2.3, 'Morbi ut odio. Cras mi pede, malesuada in, imperdiet et, commodo vulputate, justo.', 'Nullam molestie nibh in lectus.', 'Cras pellentesque volutpat dui. Maecenas tristique, est et tempus semper, est quam pharetra magna, ac consequat metus sapien ut nunc.', true, true);
insert into Review (createdAt, createdBy, role, rating, summary, bestPart, worstPart, isAnonymous, wouldRecommend) values ('9/21/2024', 57, 91, 2.1, 'Vivamus vestibulum sagittis sapien. Cum sociis natoque penatibus et magnis dis parturient montes, nascetur ridiculus mus.', 'Morbi a ipsum.', 'Sed accumsan felis. Ut at dolor quis odio consequat varius.', true, false);
insert into Review (createdAt, createdBy, role, rating, summary, bestPart, worstPart, isAnonymous, wouldRecommend) values ('4/20/2024', 56, 44, 3.1, 'In tempor, turpis nec euismod scelerisque, quam turpis adipiscing lorem, vitae mattis nibh ligula nec sem.', 'Quisque erat eros, viverra eget, congue eget, semper rutrum, nulla.', 'Integer non velit. Donec diam neque, vestibulum eget, vulputate ut, ultrices vel, augue.', false, true);
insert into Review (createdAt, createdBy, role, rating, summary, bestPart, worstPart, isAnonymous, wouldRecommend) values ('5/24/2024', 36, 68, 2.6, 'Etiam pretium iaculis justo.', 'Nullam varius.', 'Integer ac leo. Pellentesque ultrices mattis odio.', false, false);
insert into Review (createdAt, createdBy, role, rating, summary, bestPart, worstPart, isAnonymous, wouldRecommend) values ('4/15/2024', 40, 79, 3.8, 'In tempor, turpis nec euismod scelerisque, quam turpis adipiscing lorem, vitae mattis nibh ligula nec sem. Duis aliquam convallis nunc.', 'Aliquam non mauris. Morbi non lectus.', 'Sed accumsan felis. Ut at dolor quis odio consequat varius.', false, true);
insert into Review (createdAt, createdBy, role, rating, summary, bestPart, worstPart, isAnonymous, wouldRecommend) values ('1/24/2024', 58, 75, 2.4, 'Duis aliquam convallis nunc. Proin at turpis a pede posuere nonummy.', 'Nullam porttitor lacus at turpis.', 'Aliquam augue quam, sollicitudin vitae, consectetuer eget, rutrum at, lorem.', true, true);
insert into Review (createdAt, createdBy, role, rating, summary, bestPart, worstPart, isAnonymous, wouldRecommend) values ('10/10/2024', 31, 42, 2.7, 'Nunc purus.', 'Aenean lectus.', 'Etiam vel augue.', true, false);
insert into Review (createdAt, createdBy, role, rating, summary, bestPart, worstPart, isAnonymous, wouldRecommend) values ('6/4/2024', 53, 88, 4.9, 'Ut tellus.', 'Curabitur at ipsum ac tellus semper interdum.', 'Maecenas leo odio, condimentum id, luctus nec, molestie sed, justo.', false, false);
insert into Review (createdAt, createdBy, role, rating, summary, bestPart, worstPart, isAnonymous, wouldRecommend) values ('1/25/2024', 33, 63, 4.9, 'Nulla tempus. Vivamus in felis eu sapien cursus vestibulum.', 'Etiam pretium iaculis justo. In hac habitasse platea dictumst.', 'Aenean sit amet justo. Morbi ut odio.', true, true);
insert into Review (createdAt, createdBy, role, rating, summary, bestPart, worstPart, isAnonymous, wouldRecommend) values ('10/31/2024', 46, 65, 3.0, 'Fusce consequat. Nulla nisl.', 'Fusce lacus purus, aliquet at, feugiat non, pretium quis, lectus.', 'Donec posuere metus vitae ipsum. Aliquam non mauris.', true, true);
insert into Review (createdAt, createdBy, role, rating, summary, bestPart, worstPart, isAnonymous, wouldRecommend) values ('1/10/2024', 60, 72, 1.2, 'Vestibulum ante ipsum primis in faucibus orci luctus et ultrices posuere cubilia Curae; Donec pharetra, magna vestibulum aliquet ultrices, erat tortor sollicitudin mi, sit amet lobortis sapien sapien non mi.', 'Donec odio justo, sollicitudin ut, suscipit a, feugiat et, eros.', 'Lorem ipsum dolor sit amet, consectetuer adipiscing elit.', false, false);
insert into Review (createdAt, createdBy, role, rating, summary, bestPart, worstPart, isAnonymous, wouldRecommend) values ('9/4/2024', 55, 84, 3.2, 'Suspendisse accumsan tortor quis turpis.', 'Proin eu mi. Nulla ac enim.', 'In hac habitasse platea dictumst.', false, false);
insert into Review (createdAt, createdBy, role, rating, summary, bestPart, worstPart, isAnonymous, wouldRecommend) values ('8/4/2024', 40, 70, 4.3, 'Pellentesque at nulla.', 'Duis bibendum, felis sed interdum venenatis, turpis enim blandit mi, in porttitor pede justo eu massa. Donec dapibus.', 'Curabitur gravida nisi at nibh. In hac habitasse platea dictumst.', false, false);
insert into Review (createdAt, createdBy, role, rating, summary, bestPart, worstPart, isAnonymous, wouldRecommend) values ('10/7/2024', 59, 61, 1.1, 'Nam ultrices, libero non mattis pulvinar, nulla pede ullamcorper augue, a suscipit nulla elit ac nulla.', 'Suspendisse potenti. Nullam porttitor lacus at turpis.', 'Duis consequat dui nec nisi volutpat eleifend. Donec ut dolor.', true, true);
insert into Review (createdAt, createdBy, role, rating, summary, bestPart, worstPart, isAnonymous, wouldRecommend) values ('1/9/2024', 31, 63, 2.5, 'Nullam porttitor lacus at turpis. Donec posuere metus vitae ipsum.', 'Donec semper sapien a libero.', 'Nulla mollis molestie lorem. Quisque ut erat.', true, true);
insert into Review (createdAt, createdBy, role, rating, summary, bestPart, worstPart, isAnonymous, wouldRecommend) values ('4/20/2024', 44, 38, 1.4, 'Vestibulum ante ipsum primis in faucibus orci luctus et ultrices posuere cubilia Curae; Donec pharetra, magna vestibulum aliquet ultrices, erat tortor sollicitudin mi, sit amet lobortis sapien sapien non mi.', 'Sed accumsan felis. Ut at dolor quis odio consequat varius.', 'In congue.', true, true);
insert into Review (createdAt, createdBy, role, rating, summary, bestPart, worstPart, isAnonymous, wouldRecommend) values ('10/20/2024', 33, 67, 2.0, 'Maecenas ut massa quis augue luctus tincidunt.', 'Praesent lectus. Vestibulum quam sapien, varius ut, blandit non, interdum in, ante.', 'Proin leo odio, porttitor id, consequat in, consequat ut, nulla. Sed accumsan felis.', true, true);
insert into Review (createdAt, createdBy, role, rating, summary, bestPart, worstPart, isAnonymous, wouldRecommend) values ('2/20/2024', 57, 77, 3.4, 'Morbi vestibulum, velit id pretium iaculis, diam erat fermentum justo, nec condimentum neque sapien placerat ante. Nulla justo.', 'Vestibulum quam sapien, varius ut, blandit non, interdum in, ante. Vestibulum ante ipsum primis in faucibus orci luctus et ultrices posuere cubilia Curae; Duis faucibus accumsan odio.', 'Suspendisse potenti.', true, false);
insert into Review (createdAt, createdBy, role, rating, summary, bestPart, worstPart, isAnonymous, wouldRecommend) values ('10/27/2024', 37, 87, 2.2, 'Quisque ut erat. Curabitur gravida nisi at nibh.', 'Sed accumsan felis.', 'Sed sagittis.', false, false);
insert into Review (createdAt, createdBy, role, rating, summary, bestPart, worstPart, isAnonymous, wouldRecommend) values ('10/20/2024', 34, 44, 1.4, 'Nullam molestie nibh in lectus. Pellentesque at nulla.', 'Fusce congue, diam id ornare imperdiet, sapien urna pretium nisl, ut volutpat sapien arcu sed augue.', 'Fusce consequat. Nulla nisl.', false, false);
insert into Review (createdAt, createdBy, role, rating, summary, bestPart, worstPart, isAnonymous, wouldRecommend) values ('11/3/2024', 56, 39, 3.6, 'Vivamus vestibulum sagittis sapien. Cum sociis natoque penatibus et magnis dis parturient montes, nascetur ridiculus mus.', 'Nullam sit amet turpis elementum ligula vehicula consequat. Morbi a ipsum.', 'Morbi sem mauris, laoreet ut, rhoncus aliquet, pulvinar sed, nisl.', true, false);
insert into Review (createdAt, createdBy, role, rating, summary, bestPart, worstPart, isAnonymous, wouldRecommend) values ('10/29/2024', 34, 38, 4.5, 'Sed vel enim sit amet nunc viverra dapibus. Nulla suscipit ligula in lacus.', 'Aliquam augue quam, sollicitudin vitae, consectetuer eget, rutrum at, lorem.', 'Phasellus in felis.', true, true);
insert into Review (createdAt, createdBy, role, rating, summary, bestPart, worstPart, isAnonymous, wouldRecommend) values ('2/27/2024', 33, 77, 2.7, 'Donec ut dolor.', 'Donec ut mauris eget massa tempor convallis. Nulla neque libero, convallis eget, eleifend luctus, ultricies eu, nibh.', 'Aenean lectus. Pellentesque eget nunc.', true, true);
insert into Review (createdAt, createdBy, role, rating, summary, bestPart, worstPart, isAnonymous, wouldRecommend) values ('12/13/2023', 45, 63, 3.5, 'Mauris enim leo, rhoncus sed, vestibulum sit amet, cursus id, turpis. Integer aliquet, massa id lobortis convallis, tortor risus dapibus augue, vel accumsan tellus nisi eu orci.', 'Integer aliquet, massa id lobortis convallis, tortor risus dapibus augue, vel accumsan tellus nisi eu orci.', 'Phasellus sit amet erat.', false, false);
insert into Review (createdAt, createdBy, role, rating, summary, bestPart, worstPart, isAnonymous, wouldRecommend) values ('4/7/2024', 36, 65, 2.5, 'Duis ac nibh. Fusce lacus purus, aliquet at, feugiat non, pretium quis, lectus.', 'Duis consequat dui nec nisi volutpat eleifend. Donec ut dolor.', 'Lorem ipsum dolor sit amet, consectetuer adipiscing elit.', true, true);
insert into Review (createdAt, createdBy, role, rating, summary, bestPart, worstPart, isAnonymous, wouldRecommend) values ('5/8/2024', 59, 57, 4.1, 'Quisque erat eros, viverra eget, congue eget, semper rutrum, nulla. Nunc purus.', 'Fusce congue, diam id ornare imperdiet, sapien urna pretium nisl, ut volutpat sapien arcu sed augue.', 'Integer ac leo. Pellentesque ultrices mattis odio.', false, true);
insert into Review (createdAt, createdBy, role, rating, summary, bestPart, worstPart, isAnonymous, wouldRecommend) values ('12/10/2023', 56, 43, 3.4, 'Phasellus in felis. Donec semper sapien a libero.', 'Donec ut mauris eget massa tempor convallis. Nulla neque libero, convallis eget, eleifend luctus, ultricies eu, nibh.', 'Fusce congue, diam id ornare imperdiet, sapien urna pretium nisl, ut volutpat sapien arcu sed augue. Aliquam erat volutpat.', true, true);
insert into Review (createdAt, createdBy, role, rating, summary, bestPart, worstPart, isAnonymous, wouldRecommend) values ('2/2/2024', 49, 46, 1.5, 'In blandit ultrices enim. Lorem ipsum dolor sit amet, consectetuer adipiscing elit.', 'Quisque porta volutpat erat. Quisque erat eros, viverra eget, congue eget, semper rutrum, nulla.', 'Maecenas tincidunt lacus at velit.', false, false);
insert into Review (createdAt, createdBy, role, rating, summary, bestPart, worstPart, isAnonymous, wouldRecommend) values ('8/22/2024', 50, 71, 3.6, 'Nunc purus. Phasellus in felis.', 'Lorem ipsum dolor sit amet, consectetuer adipiscing elit.', 'Vivamus vestibulum sagittis sapien.', true, false);
insert into Review (createdAt, createdBy, role, rating, summary, bestPart, worstPart, isAnonymous, wouldRecommend) values ('1/18/2024', 51, 33, 3.7, 'Mauris ullamcorper purus sit amet nulla. Quisque arcu libero, rutrum ac, lobortis vel, dapibus at, diam.', 'In congue. Etiam justo.', 'Morbi quis tortor id nulla ultrices aliquet. Maecenas leo odio, condimentum id, luctus nec, molestie sed, justo.', false, false);
insert into Review (createdAt, createdBy, role, rating, summary, bestPart, worstPart, isAnonymous, wouldRecommend) values ('9/15/2024', 44, 38, 4.0, 'Donec posuere metus vitae ipsum.', 'Sed accumsan felis.', 'Aenean fermentum.', true, false);
insert into Review (createdAt, createdBy, role, rating, summary, bestPart, worstPart, isAnonymous, wouldRecommend) values ('7/27/2024', 47, 54, 4.1, 'Mauris ullamcorper purus sit amet nulla.', 'Donec vitae nisi.', 'Etiam justo. Etiam pretium iaculis justo.', true, true);
insert into Review (createdAt, createdBy, role, rating, summary, bestPart, worstPart, isAnonymous, wouldRecommend) values ('9/18/2024', 36, 86, 2.5, 'Donec quis orci eget orci vehicula condimentum. Curabitur in libero ut massa volutpat convallis.', 'Aenean fermentum.', 'Lorem ipsum dolor sit amet, consectetuer adipiscing elit.', true, false);
insert into Review (createdAt, createdBy, role, rating, summary, bestPart, worstPart, isAnonymous, wouldRecommend) values ('3/1/2024', 40, 72, 2.5, 'Nunc nisl. Duis bibendum, felis sed interdum venenatis, turpis enim blandit mi, in porttitor pede justo eu massa.', 'Etiam vel augue. Vestibulum rutrum rutrum neque.', 'Vivamus in felis eu sapien cursus vestibulum.', true, false);
insert into Review (createdAt, createdBy, role, rating, summary, bestPart, worstPart, isAnonymous, wouldRecommend) values ('7/12/2024', 52, 42, 1.5, 'Donec odio justo, sollicitudin ut, suscipit a, feugiat et, eros.', 'Proin eu mi.', 'Mauris sit amet eros. Suspendisse accumsan tortor quis turpis.', true, true);
insert into Review (createdAt, createdBy, role, rating, summary, bestPart, worstPart, isAnonymous, wouldRecommend) values ('7/15/2024', 37, 52, 2.2, 'Vivamus vestibulum sagittis sapien. Cum sociis natoque penatibus et magnis dis parturient montes, nascetur ridiculus mus.', 'Pellentesque viverra pede ac diam. Cras pellentesque volutpat dui.', 'Etiam justo.', false, true);
insert into Review (createdAt, createdBy, role, rating, summary, bestPart, worstPart, isAnonymous, wouldRecommend) values ('2/21/2024', 50, 51, 2.3, 'Vestibulum sed magna at nunc commodo placerat.', 'Aenean sit amet justo. Morbi ut odio.', 'Morbi non lectus. Aliquam sit amet diam in magna bibendum imperdiet.', false, false);
insert into Review (createdAt, createdBy, role, rating, summary, bestPart, worstPart, isAnonymous, wouldRecommend) values ('1/30/2024', 41, 37, 2.2, 'Aenean auctor gravida sem. Praesent id massa id nisl venenatis lacinia.', 'Vestibulum rutrum rutrum neque. Aenean auctor gravida sem.', 'Praesent lectus. Vestibulum quam sapien, varius ut, blandit non, interdum in, ante.', true, true);
insert into Review (createdAt, createdBy, role, rating, summary, bestPart, worstPart, isAnonymous, wouldRecommend) values ('1/22/2024', 33, 62, 2.9, 'Vivamus tortor. Duis mattis egestas metus.', 'Fusce posuere felis sed lacus. Morbi sem mauris, laoreet ut, rhoncus aliquet, pulvinar sed, nisl.', 'Morbi non quam nec dui luctus rutrum.', true, true);
insert into Review (createdAt, createdBy, role, rating, summary, bestPart, worstPart, isAnonymous, wouldRecommend) values ('6/23/2024', 56, 65, 2.7, 'Etiam pretium iaculis justo. In hac habitasse platea dictumst.', 'In eleifend quam a odio.', 'Fusce consequat. Nulla nisl.', false, false);


-- Dumping data for table 'Favorite'
insert into Favorite (userId, jobId) values (57, 4);
insert into Favorite (userId, jobId) values (40, 18);
insert into Favorite (userId, jobId) values (60, 17);
insert into Favorite (userId, jobId) values (48, 16);
insert into Favorite (userId, jobId) values (51, 6);
insert into Favorite (userId, jobId) values (57, 28);
insert into Favorite (userId, jobId) values (41, 12);
insert into Favorite (userId, jobId) values (31, 4);
insert into Favorite (userId, jobId) values (33, 14);
insert into Favorite (userId, jobId) values (32, 29);
insert into Favorite (userId, jobId) values (45, 1);
insert into Favorite (userId, jobId) values (53, 19);
insert into Favorite (userId, jobId) values (32, 27);
insert into Favorite (userId, jobId) values (48, 2);
insert into Favorite (userId, jobId) values (44, 14);
insert into Favorite (userId, jobId) values (56, 14);
insert into Favorite (userId, jobId) values (51, 3);
insert into Favorite (userId, jobId) values (45, 6);
insert into Favorite (userId, jobId) values (39, 14);
insert into Favorite (userId, jobId) values (44, 10);
insert into Favorite (userId, jobId) values (53, 10);
insert into Favorite (userId, jobId) values (35, 11);
insert into Favorite (userId, jobId) values (55, 5);
insert into Favorite (userId, jobId) values (45, 22);
insert into Favorite (userId, jobId) values (51, 23);
insert into Favorite (userId, jobId) values (56, 7);
insert into Favorite (userId, jobId) values (57, 5);
insert into Favorite (userId, jobId) values (43, 27);
insert into Favorite (userId, jobId) values (51, 5);
insert into Favorite (userId, jobId) values (59, 16);
insert into Favorite (userId, jobId) values (45, 21);
insert into Favorite (userId, jobId) values (49, 11);
insert into Favorite (userId, jobId) values (58, 23);
insert into Favorite (userId, jobId) values (44, 2);
insert into Favorite (userId, jobId) values (31, 18);
insert into Favorite (userId, jobId) values (45, 21);
insert into Favorite (userId, jobId) values (48, 12);
insert into Favorite (userId, jobId) values (45, 6);
insert into Favorite (userId, jobId) values (43, 4);
insert into Favorite (userId, jobId) values (57, 11);


-- Dumping data for table 'Module'
INSERT INTO Module (moduleId, moduleName, moduleStatus, createdBy, updatedBy) VALUES ('1', 'Student Module', 'pending', '37', '37');
INSERT INTO Module (moduleId, moduleName, moduleStatus, createdBy, updatedBy) VALUES ('2', 'Admin Dashboard Module', 'completed', '29', '29');
INSERT INTO Module (moduleId, moduleName, moduleStatus, createdBy, updatedBy) VALUES ('3', 'Advisor Toolkit Module', 'completed', '35', '35');
INSERT INTO Module (moduleId, moduleName, moduleStatus, createdBy, updatedBy) VALUES ('4', 'Data Analysis Module', 'completed', '19', '19');
INSERT INTO Module (moduleId, moduleName, moduleStatus, createdBy, updatedBy) VALUES ('5', 'Employer Review Portal', 'inactive', '12', '12');
INSERT INTO Module (moduleId, moduleName, moduleStatus, createdBy, updatedBy) VALUES ('6', 'Co-op Application Tracker', 'completed', '29', '29');
INSERT INTO Module (moduleId, moduleName, moduleStatus, createdBy, updatedBy) VALUES ('7', 'Internship Management Module', 'completed', '8', '8');
INSERT INTO Module (moduleId, moduleName, moduleStatus, createdBy, updatedBy) VALUES ('8', 'Feedback & Evaluation Module', 'active', '15', '15');
INSERT INTO Module (moduleId, moduleName, moduleStatus, createdBy, updatedBy) VALUES ('9', 'Resume Builder Module', 'active', '19', '19');
INSERT INTO Module (moduleId, moduleName, moduleStatus, createdBy, updatedBy) VALUES ('10', 'Interview Preparation Module', 'archived', '18', '18');
INSERT INTO Module (moduleId, moduleName, moduleStatus, createdBy, updatedBy) VALUES ('11', 'Job Posting Management Module', 'inactive', '15', '15');
INSERT INTO Module (moduleId, moduleName, moduleStatus, createdBy, updatedBy) VALUES ('12', 'Student Performance Analytics Module', 'completed', '37', '37');
INSERT INTO Module (moduleId, moduleName, moduleStatus, createdBy, updatedBy) VALUES ('13', 'Career Guidance Module', 'pending', '37', '37');
INSERT INTO Module (moduleId, moduleName, moduleStatus, createdBy, updatedBy) VALUES ('14', 'Skills Assessment Module', 'inactive', '6', '6');
INSERT INTO Module (moduleId, moduleName, moduleStatus, createdBy, updatedBy) VALUES ('15', 'Co-op Job Board Module', 'completed', '17', '17');
INSERT INTO Module (moduleId, moduleName, moduleStatus, createdBy, updatedBy) VALUES ('16', 'Application Status Tracker Module', 'active', '35', '35');
INSERT INTO Module (moduleId, moduleName, moduleStatus, createdBy, updatedBy) VALUES ('17', 'Networking Opportunities Module', 'archived', '5', '5');
INSERT INTO Module (moduleId, moduleName, moduleStatus, createdBy, updatedBy) VALUES ('18', 'Event Scheduling Module', 'inactive', '1', '1');
INSERT INTO Module (moduleId, moduleName, moduleStatus, createdBy, updatedBy) VALUES ('19', 'Resource Sharing Module', 'pending', '18', '18');
INSERT INTO Module (moduleId, moduleName, moduleStatus, createdBy, updatedBy) VALUES ('20', 'Mentorship Module', 'inactive', '16', '16');
INSERT INTO Module (moduleId, moduleName, moduleStatus, createdBy, updatedBy) VALUES ('21', 'Reporting & Insights Module', 'archived', '5', '5');
INSERT INTO Module (moduleId, moduleName, moduleStatus, createdBy, updatedBy) VALUES ('22', 'User Management Module', 'archived', '5', '5');
INSERT INTO Module (moduleId, moduleName, moduleStatus, createdBy, updatedBy) VALUES ('23', 'User Engagement Analytics Module', 'active', '24', '24');
INSERT INTO Module (moduleId, moduleName, moduleStatus, createdBy, updatedBy) VALUES ('24', 'Content Management System Module', 'inactive', '5', '5');
INSERT INTO Module (moduleId, moduleName, moduleStatus, createdBy, updatedBy) VALUES ('25', 'Profile Customization Module', 'active', '22', '22');
INSERT INTO Module (moduleId, moduleName, moduleStatus, createdBy, updatedBy) VALUES ('26', 'Communication Hub Module', 'archived', '26', '26');
INSERT INTO Module (moduleId, moduleName, moduleStatus, createdBy, updatedBy) VALUES ('27', 'Training and Workshops Module', 'archived', '37', '37');
INSERT INTO Module (moduleId, moduleName, moduleStatus, createdBy, updatedBy) VALUES ('28', 'Student Portfolio Module', 'archived', '6', '6');
INSERT INTO Module (moduleId, moduleName, moduleStatus, createdBy, updatedBy) VALUES ('29', 'Performance Benchmarking Module', 'inactive', '23', '23');
INSERT INTO Module (moduleId, moduleName, moduleStatus, createdBy, updatedBy) VALUES ('30', 'Compliance Tracking Module', 'pending', '38', '38');


-- Dumping data for table 'UserPermission'
insert into UserPermission (userType, permissionId) values ('DataAnalyst', 22);
insert into UserPermission (userType, permissionId) values ('Student', 1);
insert into UserPermission (userType, permissionId) values ('DataAnalyst', 9);
insert into UserPermission (userType, permissionId) values ('Advisor', 23);
insert into UserPermission (userType, permissionId) values ('Student', 21);
insert into UserPermission (userType, permissionId) values ('Employer', 18);
insert into UserPermission (userType, permissionId) values ('Employer', 16);
insert into UserPermission (userType, permissionId) values ('DataAnalyst', 8);
insert into UserPermission (userType, permissionId) values ('Student', 12);
insert into UserPermission (userType, permissionId) values ('Employer', 37);
insert into UserPermission (userType, permissionId) values ('Student', 29);
insert into UserPermission (userType, permissionId) values ('Student', 27);
insert into UserPermission (userType, permissionId) values ('Employer', 4);
insert into UserPermission (userType, permissionId) values ('Student', 26);
insert into UserPermission (userType, permissionId) values ('Employer', 4);
insert into UserPermission (userType, permissionId) values ('Student', 4);
insert into UserPermission (userType, permissionId) values ('SystemAdmin', 20);
insert into UserPermission (userType, permissionId) values ('Employer', 30);
insert into UserPermission (userType, permissionId) values ('SystemAdmin', 32);
insert into UserPermission (userType, permissionId) values ('DataAnalyst', 14);
insert into UserPermission (userType, permissionId) values ('Advisor', 6);
insert into UserPermission (userType, permissionId) values ('SystemAdmin', 40);
insert into UserPermission (userType, permissionId) values ('SystemAdmin', 12);
insert into UserPermission (userType, permissionId) values ('Advisor', 10);
insert into UserPermission (userType, permissionId) values ('Student', 36);
insert into UserPermission (userType, permissionId) values ('Student', 25);
insert into UserPermission (userType, permissionId) values ('Advisor', 31);
insert into UserPermission (userType, permissionId) values ('Student', 15);
insert into UserPermission (userType, permissionId) values ('DataAnalyst', 11);
insert into UserPermission (userType, permissionId) values ('Student', 3);
insert into UserPermission (userType, permissionId) values ('SystemAdmin', 19);
insert into UserPermission (userType, permissionId) values ('Advisor', 5);
insert into UserPermission (userType, permissionId) values ('SystemAdmin', 18);
insert into UserPermission (userType, permissionId) values ('SystemAdmin', 28);
insert into UserPermission (userType, permissionId) values ('SystemAdmin', 4);
insert into UserPermission (userType, permissionId) values ('SystemAdmin', 16);
insert into UserPermission (userType, permissionId) values ('Advisor', 27);
insert into UserPermission (userType, permissionId) values ('Advisor', 23);
insert into UserPermission (userType, permissionId) values ('Employer', 11);
insert into UserPermission (userType, permissionId) values ('SystemAdmin', 36);
insert into UserPermission (userType, permissionId) values ('Employer', 8);
insert into UserPermission (userType, permissionId) values ('Student', 2);
insert into UserPermission (userType, permissionId) values ('SystemAdmin', 28);
insert into UserPermission (userType, permissionId) values ('Employer', 40);
insert into UserPermission (userType, permissionId) values ('Student', 7);
insert into UserPermission (userType, permissionId) values ('Student', 4);
insert into UserPermission (userType, permissionId) values ('Student', 38);
insert into UserPermission (userType, permissionId) values ('Advisor', 17);
insert into UserPermission (userType, permissionId) values ('DataAnalyst', 35);
insert into UserPermission (userType, permissionId) values ('Advisor', 34);
insert into UserPermission (userType, permissionId) values ('Student', 16);
insert into UserPermission (userType, permissionId) values ('DataAnalyst', 27);
insert into UserPermission (userType, permissionId) values ('Student', 6);
insert into UserPermission (userType, permissionId) values ('DataAnalyst', 14);
insert into UserPermission (userType, permissionId) values ('Employer', 35);
insert into UserPermission (userType, permissionId) values ('Student', 23);
insert into UserPermission (userType, permissionId) values ('DataAnalyst', 28);
insert into UserPermission (userType, permissionId) values ('Student', 11);
insert into UserPermission (userType, permissionId) values ('DataAnalyst', 21);
insert into UserPermission (userType, permissionId) values ('Advisor', 5);
insert into UserPermission (userType, permissionId) values ('SystemAdmin', 23);
insert into UserPermission (userType, permissionId) values ('Advisor', 30);
insert into UserPermission (userType, permissionId) values ('SystemAdmin', 1);
insert into UserPermission (userType, permissionId) values ('Advisor', 13);
insert into UserPermission (userType, permissionId) values ('Student', 22);
insert into UserPermission (userType, permissionId) values ('Employer', 10);
insert into UserPermission (userType, permissionId) values ('Advisor', 13);
insert into UserPermission (userType, permissionId) values ('Advisor', 13);
insert into UserPermission (userType, permissionId) values ('DataAnalyst', 25);
insert into UserPermission (userType, permissionId) values ('SystemAdmin', 3);
insert into UserPermission (userType, permissionId) values ('SystemAdmin', 38);
insert into UserPermission (userType, permissionId) values ('SystemAdmin', 32);
insert into UserPermission (userType, permissionId) values ('Advisor', 9);
insert into UserPermission (userType, permissionId) values ('Student', 5);
insert into UserPermission (userType, permissionId) values ('Employer', 28);
insert into UserPermission (userType, permissionId) values ('Advisor', 1);
insert into UserPermission (userType, permissionId) values ('Employer', 6);
insert into UserPermission (userType, permissionId) values ('Advisor', 31);
insert into UserPermission (userType, permissionId) values ('Advisor', 37);
insert into UserPermission (userType, permissionId) values ('DataAnalyst', 32);
insert into UserPermission (userType, permissionId) values ('SystemAdmin', 37);
insert into UserPermission (userType, permissionId) values ('DataAnalyst', 31);
insert into UserPermission (userType, permissionId) values ('Employer', 14);
insert into UserPermission (userType, permissionId) values ('DataAnalyst', 14);
insert into UserPermission (userType, permissionId) values ('DataAnalyst', 2);
insert into UserPermission (userType, permissionId) values ('Employer', 30);
insert into UserPermission (userType, permissionId) values ('Advisor', 8);
insert into UserPermission (userType, permissionId) values ('Student', 37);
insert into UserPermission (userType, permissionId) values ('DataAnalyst', 25);
insert into UserPermission (userType, permissionId) values ('Student', 15);
insert into UserPermission (userType, permissionId) values ('DataAnalyst', 40);
insert into UserPermission (userType, permissionId) values ('SystemAdmin', 8);
insert into UserPermission (userType, permissionId) values ('Employer', 28);
insert into UserPermission (userType, permissionId) values ('SystemAdmin', 19);
insert into UserPermission (userType, permissionId) values ('Student', 6);
insert into UserPermission (userType, permissionId) values ('DataAnalyst', 2);
insert into UserPermission (userType, permissionId) values ('Advisor', 40);
insert into UserPermission (userType, permissionId) values ('Employer', 19);
insert into UserPermission (userType, permissionId) values ('DataAnalyst', 40);
insert into UserPermission (userType, permissionId) values ('Employer', 12);


-- Dumping data for table 'UserModule'
INSERT INTO UserModule (userId, moduleId) VALUES ('32', '1');
INSERT INTO UserModule (userId, moduleId) VALUES ('24', '19');
INSERT INTO UserModule (userId, moduleId) VALUES ('16', '16');
INSERT INTO UserModule (userId, moduleId) VALUES ('8', '22');
INSERT INTO UserModule (userId, moduleId) VALUES ('30', '1');
INSERT INTO UserModule (userId, moduleId) VALUES ('19', '21');
INSERT INTO UserModule (userId, moduleId) VALUES ('17', '16');
INSERT INTO UserModule (userId, moduleId) VALUES ('2', '22');
INSERT INTO UserModule (userId, moduleId) VALUES ('24', '11');
INSERT INTO UserModule (userId, moduleId) VALUES ('1', '22');
INSERT INTO UserModule (userId, moduleId) VALUES ('7', '3');
INSERT INTO UserModule (userId, moduleId) VALUES ('29', '4');
INSERT INTO UserModule (userId, moduleId) VALUES ('34', '9');
INSERT INTO UserModule (userId, moduleId) VALUES ('2', '1');
INSERT INTO UserModule (userId, moduleId) VALUES ('3', '13');
INSERT INTO UserModule (userId, moduleId) VALUES ('37', '24');
INSERT INTO UserModule (userId, moduleId) VALUES ('22', '30');
INSERT INTO UserModule (userId, moduleId) VALUES ('11', '15');
INSERT INTO UserModule (userId, moduleId) VALUES ('14', '25');
INSERT INTO UserModule (userId, moduleId) VALUES ('12', '11');
INSERT INTO UserModule (userId, moduleId) VALUES ('1', '8');
INSERT INTO UserModule (userId, moduleId) VALUES ('39', '29');
INSERT INTO UserModule (userId, moduleId) VALUES ('8', '22');
INSERT INTO UserModule (userId, moduleId) VALUES ('39', '24');
INSERT INTO UserModule (userId, moduleId) VALUES ('5', '19');
INSERT INTO UserModule (userId, moduleId) VALUES ('23', '28');
INSERT INTO UserModule (userId, moduleId) VALUES ('10', '29');
INSERT INTO UserModule (userId, moduleId) VALUES ('15', '21');
INSERT INTO UserModule (userId, moduleId) VALUES ('33', '19');
INSERT INTO UserModule (userId, moduleId) VALUES ('20', '18');
INSERT INTO UserModule (userId, moduleId) VALUES ('39', '7');
INSERT INTO UserModule (userId, moduleId) VALUES ('14', '11');
INSERT INTO UserModule (userId, moduleId) VALUES ('9', '12');
INSERT INTO UserModule (userId, moduleId) VALUES ('15', '6');
INSERT INTO UserModule (userId, moduleId) VALUES ('20', '20');
INSERT INTO UserModule (userId, moduleId) VALUES ('33', '5');
INSERT INTO UserModule (userId, moduleId) VALUES ('19', '10');
INSERT INTO UserModule (userId, moduleId) VALUES ('27', '29');
INSERT INTO UserModule (userId, moduleId) VALUES ('29', '17');
INSERT INTO UserModule (userId, moduleId) VALUES ('17', '11');
INSERT INTO UserModule (userId, moduleId) VALUES ('28', '25');
INSERT INTO UserModule (userId, moduleId) VALUES ('6', '26');
INSERT INTO UserModule (userId, moduleId) VALUES ('19', '13');
INSERT INTO UserModule (userId, moduleId) VALUES ('28', '14');
INSERT INTO UserModule (userId, moduleId) VALUES ('3', '4');
INSERT INTO UserModule (userId, moduleId) VALUES ('11', '7');
INSERT INTO UserModule (userId, moduleId) VALUES ('7', '9');
INSERT INTO UserModule (userId, moduleId) VALUES ('18', '28');
INSERT INTO UserModule (userId, moduleId) VALUES ('19', '25');
INSERT INTO UserModule (userId, moduleId) VALUES ('8', '25');
INSERT INTO UserModule (userId, moduleId) VALUES ('39', '22');
INSERT INTO UserModule (userId, moduleId) VALUES ('30', '21');
INSERT INTO UserModule (userId, moduleId) VALUES ('13', '11');
INSERT INTO UserModule (userId, moduleId) VALUES ('20', '23');
INSERT INTO UserModule (userId, moduleId) VALUES ('30', '25');
INSERT INTO UserModule (userId, moduleId) VALUES ('7', '11');
INSERT INTO UserModule (userId, moduleId) VALUES ('39', '29');
INSERT INTO UserModule (userId, moduleId) VALUES ('33', '11');
INSERT INTO UserModule (userId, moduleId) VALUES ('23', '1');
INSERT INTO UserModule (userId, moduleId) VALUES ('40', '6');
INSERT INTO UserModule (userId, moduleId) VALUES ('34', '1');
INSERT INTO UserModule (userId, moduleId) VALUES ('28', '26');
INSERT INTO UserModule (userId, moduleId) VALUES ('21', '23');
INSERT INTO UserModule (userId, moduleId) VALUES ('33', '16');
INSERT INTO UserModule (userId, moduleId) VALUES ('13', '30');
INSERT INTO UserModule (userId, moduleId) VALUES ('35', '13');
INSERT INTO UserModule (userId, moduleId) VALUES ('40', '26');
INSERT INTO UserModule (userId, moduleId) VALUES ('39', '24');
INSERT INTO UserModule (userId, moduleId) VALUES ('34', '8');
INSERT INTO UserModule (userId, moduleId) VALUES ('27', '8');
INSERT INTO UserModule (userId, moduleId) VALUES ('23', '9');
INSERT INTO UserModule (userId, moduleId) VALUES ('10', '12');
INSERT INTO UserModule (userId, moduleId) VALUES ('32', '1');
INSERT INTO UserModule (userId, moduleId) VALUES ('35', '18');
INSERT INTO UserModule (userId, moduleId) VALUES ('5', '12');
INSERT INTO UserModule (userId, moduleId) VALUES ('23', '19');
INSERT INTO UserModule (userId, moduleId) VALUES ('26', '24');
INSERT INTO UserModule (userId, moduleId) VALUES ('8', '30');
INSERT INTO UserModule (userId, moduleId) VALUES ('16', '13');
INSERT INTO UserModule (userId, moduleId) VALUES ('38', '15');
INSERT INTO UserModule (userId, moduleId) VALUES ('11', '5');
INSERT INTO UserModule (userId, moduleId) VALUES ('20', '25');
INSERT INTO UserModule (userId, moduleId) VALUES ('13', '24');
INSERT INTO UserModule (userId, moduleId) VALUES ('9', '10');
INSERT INTO UserModule (userId, moduleId) VALUES ('4', '18');
INSERT INTO UserModule (userId, moduleId) VALUES ('16', '13');
INSERT INTO UserModule (userId, moduleId) VALUES ('31', '6');
INSERT INTO UserModule (userId, moduleId) VALUES ('16', '4');
INSERT INTO UserModule (userId, moduleId) VALUES ('30', '29');
INSERT INTO UserModule (userId, moduleId) VALUES ('29', '26');
INSERT INTO UserModule (userId, moduleId) VALUES ('26', '6');
INSERT INTO UserModule (userId, moduleId) VALUES ('37', '5');
INSERT INTO UserModule (userId, moduleId) VALUES ('12', '14');
INSERT INTO UserModule (userId, moduleId) VALUES ('15', '10');
INSERT INTO UserModule (userId, moduleId) VALUES ('15', '21');
INSERT INTO UserModule (userId, moduleId) VALUES ('28', '14');
INSERT INTO UserModule (userId, moduleId) VALUES ('19', '21');
INSERT INTO UserModule (userId, moduleId) VALUES ('32', '2');
INSERT INTO UserModule (userId, moduleId) VALUES ('35', '8');
INSERT INTO UserModule (userId, moduleId) VALUES ('37', '10');

-- 100 records

-- Dumping data for table Announcement
INSERT INTO Announcement (announcementId, createdBy, announcementText) VALUES ('5', '66', 'Remember that February 28th marks the deadline for co-op feedback submission. Constructive critiques using our guidelines aid in shaping future co-op placements and advisory services.');
INSERT INTO Announcement (announcementId, createdBy, announcementText) VALUES ('6', '76', 'The deadline for the current co-op review period is set for July 15th. Please follow the review guidelines while providing your feedback on the platform. Your evaluations are instrumental in improving our advising framework.');
INSERT INTO Announcement (announcementId, createdBy, announcementText) VALUES ('7', '61', 'Remember that February 28th marks the deadline for co-op feedback submission. Constructive critiques using our guidelines aid in shaping future co-op placements and advisory services.');
INSERT INTO Announcement (announcementId, createdBy, announcementText) VALUES ('8', '79', 'By December 20th, all co-op reviews must be submitted using the platform\'\'s structured feedback form. Your observations are key to refining both the placement process and the advising support offered.');
INSERT INTO Announcement (announcementId, createdBy, announcementText) VALUES ('9', '78', 'As the deadline for this semester\'\'s co-op reviews is approaching on August 1st, ensure your submissions are insightful and within the provided framework. We\'\'re eager to hear about your experience to enhance our advisory approach.');
INSERT INTO Announcement (announcementId, createdBy, announcementText) VALUES ('10', '86', 'The deadline for the current co-op review period is set for July 15th. Please follow the review guidelines while providing your feedback on the platform. Your evaluations are instrumental in improving our advising framework.');
INSERT INTO Announcement (announcementId, createdBy, announcementText) VALUES ('11', '82', 'By December 20th, all co-op reviews must be submitted using the platform\'\'s structured feedback form. Your observations are key to refining both the placement process and the advising support offered.');
INSERT INTO Announcement (announcementId, createdBy, announcementText) VALUES ('12', '82', 'The deadline for the current co-op review period is set for July 15th. Please follow the review guidelines while providing your feedback on the platform. Your evaluations are instrumental in improving our advising framework.');
INSERT INTO Announcement (announcementId, createdBy, announcementText) VALUES ('13', '78', 'The platform\'\'s review window ends on May 10th. Make sure your comments adhere to our review guidelines, focusing on strengths and areas for improvement. Feedback is crucial for enhancing your co-op experience.');
INSERT INTO Announcement (announcementId, createdBy, announcementText) VALUES ('14', '88', 'As the deadline for this semester\'\'s co-op reviews is approaching on August 1st, ensure your submissions are insightful and within the provided framework. We\'\'re eager to hear about your experience to enhance our advisory approach.');
INSERT INTO Announcement (announcementId, createdBy, announcementText) VALUES ('15', '87', 'Please be reminded that the deadline for submitting your co-op experience reviews is March 15th. Ensure you follow the guidelines available on the platform to provide constructive feedback. Your insights help us improve our advising services.');
INSERT INTO Announcement (announcementId, createdBy, announcementText) VALUES ('16', '77', 'As the deadline for this semester\'\'s co-op reviews is approaching on August 1st, ensure your submissions are insightful and within the provided framework. We\'\'re eager to hear about your experience to enhance our advisory approach.');
INSERT INTO Announcement (announcementId, createdBy, announcementText) VALUES ('17', '80', 'By December 20th, all co-op reviews must be submitted using the platform\'\'s structured feedback form. Your observations are key to refining both the placement process and the advising support offered.');
INSERT INTO Announcement (announcementId, createdBy, announcementText) VALUES ('18', '61', 'As the deadline for this semester\'\'s co-op reviews is approaching on August 1st, ensure your submissions are insightful and within the provided framework. We\'\'re eager to hear about your experience to enhance our advisory approach.');
INSERT INTO Announcement (announcementId, createdBy, announcementText) VALUES ('19', '83', 'By December 20th, all co-op reviews must be submitted using the platform\'\'s structured feedback form. Your observations are key to refining both the placement process and the advising support offered.');
INSERT INTO Announcement (announcementId, createdBy, announcementText) VALUES ('20', '72', 'The deadline for the current co-op review period is set for July 15th. Please follow the review guidelines while providing your feedback on the platform. Your evaluations are instrumental in improving our advising framework.');
INSERT INTO Announcement (announcementId, createdBy, announcementText) VALUES ('21', '62', 'The deadline for the current co-op review period is set for July 15th. Please follow the review guidelines while providing your feedback on the platform. Your evaluations are instrumental in improving our advising framework.');
INSERT INTO Announcement (announcementId, createdBy, announcementText) VALUES ('22', '69', 'The deadline for the current co-op review period is set for July 15th. Please follow the review guidelines while providing your feedback on the platform. Your evaluations are instrumental in improving our advising framework.');
INSERT INTO Announcement (announcementId, createdBy, announcementText) VALUES ('23', '73', 'The deadline for the current co-op review period is set for July 15th. Please follow the review guidelines while providing your feedback on the platform. Your evaluations are instrumental in improving our advising framework.');
INSERT INTO Announcement (announcementId, createdBy, announcementText) VALUES ('24', '66', 'Please be reminded that the deadline for submitting your co-op experience reviews is March 15th. Ensure you follow the guidelines available on the platform to provide constructive feedback. Your insights help us improve our advising services.');
INSERT INTO Announcement (announcementId, createdBy, announcementText) VALUES ('25', '70', 'By December 20th, all co-op reviews must be submitted using the platform\'\'s structured feedback form. Your observations are key to refining both the placement process and the advising support offered.');
INSERT INTO Announcement (announcementId, createdBy, announcementText) VALUES ('26', '75', 'The deadline for the current co-op review period is set for July 15th. Please follow the review guidelines while providing your feedback on the platform. Your evaluations are instrumental in improving our advising framework.');
INSERT INTO Announcement (announcementId, createdBy, announcementText) VALUES ('27', '72', 'As the deadline for this semester\'\'s co-op reviews is approaching on August 1st, ensure your submissions are insightful and within the provided framework. We\'\'re eager to hear about your experience to enhance our advisory approach.');
INSERT INTO Announcement (announcementId, createdBy, announcementText) VALUES ('28', '62', 'By December 20th, all co-op reviews must be submitted using the platform\'\'s structured feedback form. Your observations are key to refining both the placement process and the advising support offered.');
INSERT INTO Announcement (announcementId, createdBy, announcementText) VALUES ('29', '72', 'Please be reminded that the deadline for submitting your co-op experience reviews is March 15th. Ensure you follow the guidelines available on the platform to provide constructive feedback. Your insights help us improve our advising services.');
INSERT INTO Announcement (announcementId, createdBy, announcementText) VALUES ('30', '79', 'The deadline for the current co-op review period is set for July 15th. Please follow the review guidelines while providing your feedback on the platform. Your evaluations are instrumental in improving our advising framework.');

-- 30 records

SET FOREIGN_KEY_CHECKS=@OLD_FOREIGN_KEY_CHECKS;
SET UNIQUE_CHECKS=@OLD_UNIQUE_CHECKS; 