SET @OLD_UNIQUE_CHECKS=@@UNIQUE_CHECKS, UNIQUE_CHECKS=0;
SET @OLD_FOREIGN_KEY_CHECKS=@@FOREIGN_KEY_CHECKS, FOREIGN_KEY_CHECKS=0;

USE `nu-clear-database`;


 
INSERT INTO UserType (userType) VALUES
    ('SystemAdmin'),
    ('Advisor'),
    ('Student'),
    ('Employer'),
    ('DataAnalyst');



INSERT INTO User(userId, userType) VALUES (1, 'SystemAdmin');
INSERT INTO User(userId, userType) VALUES (2, 'SystemAdmin');
INSERT INTO User(userId, userType) VALUES (3, 'SystemAdmin');
INSERT INTO User(userId, userType) VALUES (4, 'SystemAdmin');
INSERT INTO User(userId, userType) VALUES (5, 'SystemAdmin');
INSERT INTO User(userId, userType) VALUES (6, 'SystemAdmin');
INSERT INTO User(userId, userType) VALUES (7, 'SystemAdmin');
INSERT INTO User(userId, userType) VALUES (8, 'SystemAdmin');
INSERT INTO User(userId, userType) VALUES (9, 'SystemAdmin');
INSERT INTO User(userId, userType) VALUES (10, 'SystemAdmin');
INSERT INTO User(userId, userType) VALUES (11, 'SystemAdmin');
INSERT INTO User(userId, userType) VALUES (12, 'SystemAdmin');
INSERT INTO User(userId, userType) VALUES (13, 'SystemAdmin');
INSERT INTO User(userId, userType) VALUES (14, 'SystemAdmin');
INSERT INTO User(userId, userType) VALUES (15, 'SystemAdmin');
INSERT INTO User(userId, userType) VALUES (16, 'SystemAdmin');
INSERT INTO User(userId, userType) VALUES (17, 'SystemAdmin');
INSERT INTO User(userId, userType) VALUES (18, 'SystemAdmin');
INSERT INTO User(userId, userType) VALUES (19, 'SystemAdmin');
INSERT INTO User(userId, userType) VALUES (20, 'SystemAdmin');
INSERT INTO User(userId, userType) VALUES (21, 'SystemAdmin');
INSERT INTO User(userId, userType) VALUES (22, 'SystemAdmin');
INSERT INTO User(userId, userType) VALUES (23, 'SystemAdmin');
INSERT INTO User(userId, userType) VALUES (24, 'SystemAdmin');
INSERT INTO User(userId, userType) VALUES (25, 'SystemAdmin');
INSERT INTO User(userId, userType) VALUES (26, 'SystemAdmin');
INSERT INTO User(userId, userType) VALUES (27, 'SystemAdmin');
INSERT INTO User(userId, userType) VALUES (28, 'SystemAdmin');
INSERT INTO User(userId, userType) VALUES (29, 'SystemAdmin');
INSERT INTO User(userId, userType) VALUES (30, 'SystemAdmin');
INSERT INTO User(userId, userType) VALUES (31, 'SystemAdmin');
INSERT INTO User(userId, userType) VALUES (32, 'SystemAdmin');
INSERT INTO User(userId, userType) VALUES (33, 'SystemAdmin');
INSERT INTO User(userId, userType) VALUES (34, 'SystemAdmin');
INSERT INTO User(userId, userType) VALUES (35, 'SystemAdmin');
INSERT INTO User(userId, userType) VALUES (36, 'SystemAdmin');
INSERT INTO User(userId, userType) VALUES (37, 'SystemAdmin');
INSERT INTO User(userId, userType) VALUES (38, 'SystemAdmin');
INSERT INTO User(userId, userType) VALUES (39, 'SystemAdmin');
INSERT INTO User(userId, userType) VALUES (40, 'SystemAdmin');
INSERT INTO User(userId, userType) VALUES (41, 'Student');
INSERT INTO User(userId, userType) VALUES (42, 'Student');
INSERT INTO User(userId, userType) VALUES (43, 'Student');
INSERT INTO User(userId, userType) VALUES (44, 'Student');
INSERT INTO User(userId, userType) VALUES (45, 'Student');
INSERT INTO User(userId, userType) VALUES (46, 'Student');
INSERT INTO User(userId, userType) VALUES (47, 'Student');
INSERT INTO User(userId, userType) VALUES (48, 'Student');
INSERT INTO User(userId, userType) VALUES (49, 'Student');
INSERT INTO User(userId, userType) VALUES (50, 'Student');
INSERT INTO User(userId, userType) VALUES (51, 'Student');
INSERT INTO User(userId, userType) VALUES (52, 'Student');
INSERT INTO User(userId, userType) VALUES (53, 'Student');
INSERT INTO User(userId, userType) VALUES (54, 'Student');
INSERT INTO User(userId, userType) VALUES (55, 'Student');
INSERT INTO User(userId, userType) VALUES (56, 'Student');
INSERT INTO User(userId, userType) VALUES (57, 'Student');
INSERT INTO User(userId, userType) VALUES (58, 'Student');
INSERT INTO User(userId, userType) VALUES (59, 'Student');
INSERT INTO User(userId, userType) VALUES (60, 'Student');
INSERT INTO User(userId, userType) VALUES (61, 'Student');
INSERT INTO User(userId, userType) VALUES (62, 'Student');
INSERT INTO User(userId, userType) VALUES (63, 'Student');
INSERT INTO User(userId, userType) VALUES (64, 'Student');
INSERT INTO User(userId, userType) VALUES (65, 'Student');
INSERT INTO User(userId, userType) VALUES (66, 'Student');
INSERT INTO User(userId, userType) VALUES (67, 'Student');
INSERT INTO User(userId, userType) VALUES (68, 'Student');
INSERT INTO User(userId, userType) VALUES (69, 'Student');
INSERT INTO User(userId, userType) VALUES (70, 'Student');
INSERT INTO User(userId, userType) VALUES (71, 'Student');
INSERT INTO User(userId, userType) VALUES (72, 'Student');
INSERT INTO User(userId, userType) VALUES (73, 'Student');
INSERT INTO User(userId, userType) VALUES (74, 'Student');
INSERT INTO User(userId, userType) VALUES (75, 'Student');
INSERT INTO User(userId, userType) VALUES (76, 'Student');
INSERT INTO User(userId, userType) VALUES (77, 'Student');
INSERT INTO User(userId, userType) VALUES (78, 'Student');
INSERT INTO User(userId, userType) VALUES (79, 'Student');
INSERT INTO User(userId, userType) VALUES (80, 'Student');
INSERT INTO User(userId, userType) VALUES (81, 'Advisor');
INSERT INTO User(userId, userType) VALUES (82, 'Advisor');
INSERT INTO User(userId, userType) VALUES (83, 'Advisor');
INSERT INTO User(userId, userType) VALUES (84, 'Advisor');
INSERT INTO User(userId, userType) VALUES (85, 'Advisor');
INSERT INTO User(userId, userType) VALUES (86, 'Advisor');
INSERT INTO User(userId, userType) VALUES (87, 'Advisor');
INSERT INTO User(userId, userType) VALUES (88, 'Advisor');
INSERT INTO User(userId, userType) VALUES (89, 'Advisor');
INSERT INTO User(userId, userType) VALUES (90, 'Advisor');
INSERT INTO User(userId, userType) VALUES (91, 'Advisor');
INSERT INTO User(userId, userType) VALUES (92, 'Advisor');
INSERT INTO User(userId, userType) VALUES (93, 'Advisor');
INSERT INTO User(userId, userType) VALUES (94, 'Advisor');
INSERT INTO User(userId, userType) VALUES (95, 'Advisor');
INSERT INTO User(userId, userType) VALUES (96, 'Advisor');
INSERT INTO User(userId, userType) VALUES (97, 'Advisor');
INSERT INTO User(userId, userType) VALUES (98, 'Advisor');
INSERT INTO User(userId, userType) VALUES (99, 'Advisor');
INSERT INTO User(userId, userType) VALUES (100, 'Advisor');
INSERT INTO User(userId, userType) VALUES (101, 'Advisor');
INSERT INTO User(userId, userType) VALUES (102, 'Advisor');
INSERT INTO User(userId, userType) VALUES (103, 'Advisor');
INSERT INTO User(userId, userType) VALUES (104, 'Advisor');
INSERT INTO User(userId, userType) VALUES (105, 'Advisor');
INSERT INTO User(userId, userType) VALUES (106, 'Advisor');
INSERT INTO User(userId, userType) VALUES (107, 'Advisor');
INSERT INTO User(userId, userType) VALUES (108, 'Advisor');
INSERT INTO User(userId, userType) VALUES (109, 'Advisor');
INSERT INTO User(userId, userType) VALUES (110, 'Advisor');
INSERT INTO User(userId, userType) VALUES (111, 'Advisor');
INSERT INTO User(userId, userType) VALUES (112, 'Advisor');
INSERT INTO User(userId, userType) VALUES (113, 'Advisor');
INSERT INTO User(userId, userType) VALUES (114, 'Advisor');
INSERT INTO User(userId, userType) VALUES (115, 'Advisor');
INSERT INTO User(userId, userType) VALUES (116, 'Advisor');
INSERT INTO User(userId, userType) VALUES (117, 'Advisor');
INSERT INTO User(userId, userType) VALUES (118, 'Advisor');
INSERT INTO User(userId, userType) VALUES (119, 'Advisor');
INSERT INTO User(userId, userType) VALUES (120, 'Advisor');
INSERT INTO User(userId, userType) VALUES (121, 'Data Analyst');
INSERT INTO User(userId, userType) VALUES (122, 'Data Analyst');
INSERT INTO User(userId, userType) VALUES (123, 'Data Analyst');
INSERT INTO User(userId, userType) VALUES (124, 'Data Analyst');
INSERT INTO User(userId, userType) VALUES (125, 'Data Analyst');
INSERT INTO User(userId, userType) VALUES (126, 'Data Analyst');
INSERT INTO User(userId, userType) VALUES (127, 'Data Analyst');
INSERT INTO User(userId, userType) VALUES (128, 'Data Analyst');
INSERT INTO User(userId, userType) VALUES (129, 'Data Analyst');
INSERT INTO User(userId, userType) VALUES (130, 'Data Analyst');
INSERT INTO User(userId, userType) VALUES (131, 'Data Analyst');
INSERT INTO User(userId, userType) VALUES (132, 'Data Analyst');
INSERT INTO User(userId, userType) VALUES (133, 'Data Analyst');
INSERT INTO User(userId, userType) VALUES (134, 'Data Analyst');
INSERT INTO User(userId, userType) VALUES (135, 'Data Analyst');
INSERT INTO User(userId, userType) VALUES (136, 'Data Analyst');
INSERT INTO User(userId, userType) VALUES (137, 'Data Analyst');
INSERT INTO User(userId, userType) VALUES (138, 'Data Analyst');
INSERT INTO User(userId, userType) VALUES (139, 'Data Analyst');
INSERT INTO User(userId, userType) VALUES (140, 'Data Analyst');
INSERT INTO User(userId, userType) VALUES (141, 'Data Analyst');
INSERT INTO User(userId, userType) VALUES (142, 'Data Analyst');
INSERT INTO User(userId, userType) VALUES (143, 'Data Analyst');
INSERT INTO User(userId, userType) VALUES (144, 'Data Analyst');
INSERT INTO User(userId, userType) VALUES (145, 'Data Analyst');
INSERT INTO User(userId, userType) VALUES (146, 'Data Analyst');
INSERT INTO User(userId, userType) VALUES (147, 'Data Analyst');
INSERT INTO User(userId, userType) VALUES (148, 'Data Analyst');
INSERT INTO User(userId, userType) VALUES (149, 'Data Analyst');
INSERT INTO User(userId, userType) VALUES (150, 'Data Analyst');
INSERT INTO User(userId, userType) VALUES (151, 'Data Analyst');
INSERT INTO User(userId, userType) VALUES (152, 'Data Analyst');
INSERT INTO User(userId, userType) VALUES (153, 'Data Analyst');
INSERT INTO User(userId, userType) VALUES (154, 'Data Analyst');
INSERT INTO User(userId, userType) VALUES (155, 'Data Analyst');
INSERT INTO User(userId, userType) VALUES (156, 'Data Analyst');
INSERT INTO User(userId, userType) VALUES (157, 'Data Analyst');
INSERT INTO User(userId, userType) VALUES (158, 'Data Analyst');
INSERT INTO User(userId, userType) VALUES (159, 'Data Analyst');
INSERT INTO User(userId, userType) VALUES (160, 'Data Analyst');
INSERT INTO User(userId, userType) VALUES (161, 'Employer');
INSERT INTO User(userId, userType) VALUES (162, 'Employer');
INSERT INTO User(userId, userType) VALUES (163, 'Employer');
INSERT INTO User(userId, userType) VALUES (164, 'Employer');
INSERT INTO User(userId, userType) VALUES (165, 'Employer');
INSERT INTO User(userId, userType) VALUES (166, 'Employer');
INSERT INTO User(userId, userType) VALUES (167, 'Employer');
INSERT INTO User(userId, userType) VALUES (168, 'Employer');
INSERT INTO User(userId, userType) VALUES (169, 'Employer');
INSERT INTO User(userId, userType) VALUES (170, 'Employer');
INSERT INTO User(userId, userType) VALUES (171, 'Employer');
INSERT INTO User(userId, userType) VALUES (172, 'Employer');
INSERT INTO User(userId, userType) VALUES (173, 'Employer');
INSERT INTO User(userId, userType) VALUES (174, 'Employer');
INSERT INTO User(userId, userType) VALUES (175, 'Employer');
INSERT INTO User(userId, userType) VALUES (176, 'Employer');
INSERT INTO User(userId, userType) VALUES (177, 'Employer');
INSERT INTO User(userId, userType) VALUES (178, 'Employer');
INSERT INTO User(userId, userType) VALUES (179, 'Employer');
INSERT INTO User(userId, userType) VALUES (180, 'Employer');
INSERT INTO User(userId, userType) VALUES (181, 'Employer');
INSERT INTO User(userId, userType) VALUES (182, 'Employer');
INSERT INTO User(userId, userType) VALUES (183, 'Employer');
INSERT INTO User(userId, userType) VALUES (184, 'Employer');
INSERT INTO User(userId, userType) VALUES (185, 'Employer');
INSERT INTO User(userId, userType) VALUES (186, 'Employer');
INSERT INTO User(userId, userType) VALUES (187, 'Employer');
INSERT INTO User(userId, userType) VALUES (188, 'Employer');
INSERT INTO User(userId, userType) VALUES (189, 'Employer');
INSERT INTO User(userId, userType) VALUES (190, 'Employer');
INSERT INTO User(userId, userType) VALUES (191, 'Employer');
INSERT INTO User(userId, userType) VALUES (192, 'Employer');
INSERT INTO User(userId, userType) VALUES (193, 'Employer');
INSERT INTO User(userId, userType) VALUES (194, 'Employer');
INSERT INTO User(userId, userType) VALUES (195, 'Employer');
INSERT INTO User(userId, userType) VALUES (196, 'Employer');
INSERT INTO User(userId, userType) VALUES (197, 'Employer');
INSERT INTO User(userId, userType) VALUES (198, 'Employer');
INSERT INTO User(userId, userType) VALUES (199, 'Employer');
INSERT INTO User(userId, userType) VALUES (200, 'Employer');
   


INSERT INTO Review(createdAt,createdBy,role,salary,rating,summary,bestPart,worstPart) VALUES ('2024-10-06 07:46:52',41,74,624.05,3,'Me de virtute misisti. Sed ex eo est consecutus? -- Laudem et caritatem, quae sunt vitae sine metu.','Esse numquam potest. Praeterea bona praeterita non meminerunt, praesentibus non fruuntur, futura modo expectant, quae quia certa esse non possunt et, si essent vera, nihil afferrent, quo iucundius, id est in voluptate. Neque enim disputari sine reprehensione nec cum iracundia aut pertinacia recte disputari potest. Sed ad rem redeamus; de hominibus dici non necesse est. Tribus.','Sine cura metuque vivamus animumque et corpus, quantum efficere possimus, molestia liberemus. Ut enim aeque doleamus animo, cum corpore dolemus, fieri tamen permagna accessio potest, si aliquod aeternum et infinitum impendere malum nobis opinemur. Quod idem licet transferre in voluptatem, ut postea variari voluptas distinguique possit, augeri amplificarique non possit. At etiam Athenis, ut e patre.');
INSERT INTO Review(createdAt,createdBy,role,salary,rating,summary,bestPart,worstPart) VALUES ('2024-10-11 12:12:03',42,98,418.37,1,'Praesenti nec expectata voluptate, quid eo miserius dici aut fingi potest? Quodsi vita doloribus referta.','Disciplinam probant, non soleat accuratius explicari; verum.','Re mihi non aeque satisfacit, et quidem tibi et declinationem istam atomorum et magnitudinem solis probabo et Democriti errata ab Epicuro sapiens semper beatus inducitur: finitas.');
INSERT INTO Review(createdAt,createdBy,role,salary,rating,summary,bestPart,worstPart) VALUES ('2024-09-23 03:45:51',43,21,577.66,5,'Inmortalibus supplicii causa importari putant. Quae autem inanes.','Vos arbitrer, sed ut ratione et via procedat oratio. Quaerimus.','Ita paratus est, ut necessariae nec opera multa nec impensa expleantur; ne naturales quidem multa desiderant, propterea quod ipsa natura, ut ait ille, sciscat et probet, id est vel summum bonorum vel ultimum vel extremum -- quod et acutum genus est et ad usus.');
INSERT INTO Review(createdAt,createdBy,role,salary,rating,summary,bestPart,worstPart) VALUES ('2024-07-02 13:50:14',44,31,579.45,4,'Sin, ut dolore suo sanciret militaris imperii disciplinam exercitumque in gravissimo bello animadversionis metu contineret.','Dicturam pater aiebat, si loqui posset. Conclusum est enim contra Cyrenaicos satis acute, nihil ad.','Tria vix amicorum paria reperiuntur, ut ad Orestem pervenias profectus a Theseo. At vero Epicurus una in domo, et ea quidem angusta, quam magnos quantaque amoris conspiratione consentientis tenuit amicorum greges! Quod fit etiam nunc ab Epicureis. Sed ad rem redeamus; de hominibus dici non necesse est. Tribus igitur modis video esse.');
INSERT INTO Review(createdAt,createdBy,role,salary,rating,summary,bestPart,worstPart) VALUES ('2023-12-26 23:00:06',45,44,402.63,5,'Cum idem fabellas Latinas ad verbum e Graecis expressas non inviti legant. Quis enim tam inimicus paene nomini.','Placet: constituam, quid et quale sit id, de quo quaerimus, non quo modo efficiatur concludaturque ratio tradit, non qua via captiosa solvantur ambigua distinguantur ostendit; iudicia rerum in sensibus ponit, quibus si semel aliquid falsi pro vero probatum sit, sublatum esse omne iudicium veri.','Qua intellegebat contineri suam. Atque haec ratio late patet. In quo enim maxime consuevit iactare vestra se oratio, tua praesertim, qui studiose antiqua persequeris, claris et fortibus viris commemorandis eorumque factis non emolumento aliquo, sed ipsius.');
INSERT INTO Review(createdAt,createdBy,role,salary,rating,summary,bestPart,worstPart) VALUES ('2024-02-26 23:08:38',46,91,602.60,2,'Cogitemus; infinitio ipsa, quam apeirian vocant, tota ab illo inventore veritatis et quasi involuta aperiri, altera prompta et aperta iudicari. Etenim quoniam detractis de homine sensibus reliqui nihil est, necesse est, non satis politus iis artibus, quas qui tenent, eruditi appellantur -- aut ne deterruisset alios a studiis. Quamquam te quidem video minime esse deterritum. Quae.','Audivi, cum miraretur ille quidem utrumque, Phaedrum autem etiam amatoriis levitatibus dediti, alii petulantes, alii audaces, protervi, idem intemperantes et ignavi, numquam in sententia permanentes, quas ob causas in eorum vita nulla est intercapedo molestiae. Igitur neque stultorum quisquam beatus neque sapientium non beatus.','Nihil asperum nisi dolorem, de quibus et ab Epicuro scriptum est et ab antiquis, ad arbitrium suum scribere? Quodsi Graeci leguntur a Graecis isdem de rebus alia ratione compositis, quid est, quod nullam eruditionem esse duxit, nisi quae beatae vitae disciplinam iuvaret. An ille.');
INSERT INTO Review(createdAt,createdBy,role,salary,rating,summary,bestPart,worstPart) VALUES ('2024-05-14 08:17:32',47,6,377.84,4,'Quid in omni re doloris amotio successionem efficit voluptatis. Itaque non placuit Epicuro medium esse quiddam inter dolorem et voluptatem.','Nisi voluptatem, nihil asperum nisi dolorem, de quibus ante dictum est, sic.','Malit quam deserere ullam officii partem, ad ea, quae dices.');
INSERT INTO Review(createdAt,createdBy,role,salary,rating,summary,bestPart,worstPart) VALUES ('2024-07-25 10:36:54',48,47,572.11,3,'Nollem me ab eo nos abducat? Sin laboramus, quis est, qui dolorem eum fugiat, quo voluptas nulla pariatur? At vero eos et accusamus et iusto odio dignissimos ducimus, qui blanditiis praesentium voluptatum deleniti atque corrupti, quos dolores et quas molestias excepturi sint, obcaecati cupiditate non provident, similique sunt in eadem causa sunt, qua ante quam nati.','Ad Epicurum. Nam si dicent ab illis has res esse tractatas, ne ipsos quidem Graecos est cur verear, ne ad eam non possim accommodare Torquatos nostros? Quos tu paulo ante collegi, abest.','Universas familias evertunt, totam etiam labefactant saepe rem publicam. Ex cupiditatibus odia, discidia, discordiae, seditiones, bella nascuntur, nec eae se foris solum iactant nec tantum in alios caeco impetu incurrunt.');
INSERT INTO Review(createdAt,createdBy,role,salary,rating,summary,bestPart,worstPart) VALUES ('2024-11-11 14:59:33',49,25,580.34,4,'Atque integre iudicante. Itaque negat opus.','Historiae cognitioque rerum, quid poetarum evolutio, quid tanta tot versuum memoria voluptatis affert? Nec mihi illud dixeris: ''Haec enim ipsa mihi sunt voluptati, et.','Et accurate disserendum et rationibus conquisitis de voluptate et dolore magnam aliquam quaerat voluptatem. Ut enim aeque doleamus animo, cum corpore.');
INSERT INTO Review(createdAt,createdBy,role,salary,rating,summary,bestPart,worstPart) VALUES ('2024-04-13 14:00:28',50,65,476.93,5,'Cupiditatum generibusque earum explicatis, et, ut modo docui, cognitionis regula et.','Fortitudo quidem, sed ista sequimur, ut sine cura metuque vivamus.','Desiderabile concupiscunt, plusque in ipsa iniuria detrimenti est quam in iis rebus emolumenti, quae pariuntur iniuria. Itaque ne iustitiam quidem recte quis dixerit per se laetitiam, id est voluptatem. Homines.');
INSERT INTO Review(createdAt,createdBy,role,salary,rating,summary,bestPart,worstPart) VALUES ('2024-04-22 00:27:23',51,20,533.27,5,'Stultorum vitam cum sua comparat, magna afficitur voluptate. Dolores autem si qui e nostris aliter existimant, quos quidem video esse.','Et rerum gerendarum. Sic e physicis et fortitudo.','Etiam legum iudiciorumque poenis obligantur. Qui autem ita frui volunt voluptatibus, ut nulli propter eas consequantur dolores, et qui suum iudicium retinent, ne voluptate victi faciant id, quod his libris quaeritur, qui sit finis, quid extremum, quid ultimum, quo sint omnia bene vivendi recteque faciendi consilia referenda, quid.');
INSERT INTO Review(createdAt,createdBy,role,salary,rating,summary,bestPart,worstPart) VALUES ('2024-01-16 06:38:10',52,36,449.40,4,'Vita nulla est intercapedo molestiae. Igitur neque stultorum quisquam beatus neque sapientium non beatus. Multoque hoc melius nos veriusque quam.','Placeat, facere possimus, omnis voluptas assumenda est, omnis dolor repellendus.','Dolor forte successerit, at contra gaudere nosmet omittendis doloribus, etiamsi voluptas ea, quae hoc non minus declarant, sed videntur leviora, veniamus. Quid tibi, Torquate.');
INSERT INTO Review(createdAt,createdBy,role,salary,rating,summary,bestPart,worstPart) VALUES ('2024-01-08 07:40:01',53,26,534.07,4,'Disciplinam probant, non soleat accuratius explicari; verum enim invenire volumus, non tamquam adversarium aliquem convincere. Accurate autem quondam a L. Torquato, homine omni doctrina erudito, defensa est Epicuri sententia de voluptate, nihil scilicet novi, ea tamen, quae te ipsum probaturum esse confidam. Certe, inquam.','Cum in rerum natura duo quaerenda sint, unum, quae materia sit, ex qua quaeque res efficiatur, alterum, quae naturales essent nec tamen id, cuius causa haec finxerat, assecutus est. Nam si omnes veri erunt, ut Epicuri ratio docet, tum denique poterit aliquid cognosci et.','Quaeque cernantur, omnia, eumque motum atomorum nullo a principio, sed ex aeterno tempore intellegi convenire. Epicurus autem, in quibus nulla solida utilitas omnisque puerilis.');
INSERT INTO Review(createdAt,createdBy,role,salary,rating,summary,bestPart,worstPart) VALUES ('2024-01-14 19:04:25',54,38,541.74,2,'Sed potius inflammat, ut coercendi magis quam dedocendi esse videantur. Invitat igitur vera ratio bene sanos ad iustitiam, aequitatem, fidem.','Perfruique maximis et animi et molestiam dolor afferat, eorum tamen utrumque et ortum esse e corpore et ad tranquillitatem ferant, quid est enim in.','Aristoteli, Theophrasti orationis ornamenta neglexerit. Nam illud quidem physici.');
INSERT INTO Review(createdAt,createdBy,role,salary,rating,summary,bestPart,worstPart) VALUES ('2024-06-11 00:37:32',55,75,378.05,2,'Morbi sunt cupiditates inmensae et inanes.','Centurionum, praeclarorum hominum ac primorum signiferumque, maluisti dici. Graece ergo praetor Athenis.','Tamen et dignitatis esse negent. Contra quos omnis dicendum breviter.');
INSERT INTO Review(createdAt,createdBy,role,salary,rating,summary,bestPart,worstPart) VALUES ('2023-12-25 18:12:34',56,6,506.70,4,'Quadam placet ac leniat. Temperantia est enim, quae in rebus aut.','Quam deserere ullam officii partem, ad ea, quae senserit ille, tibi non vera videantur. Vide, quantum, inquam, fallare.','Sine causa? Quae fuerit causa, mox videro; interea hoc.');
INSERT INTO Review(createdAt,createdBy,role,salary,rating,summary,bestPart,worstPart) VALUES ('2024-02-13 14:01:00',66,77,529.60,5,'Aegritudine possit et sine metu degendae praesidia firmissima. -- Filium morte multavit.','Oratio nostra omnem sibi fidem sensibus confirmat, id est laborum et dolorum fuga. Et harum quidem rerum facilis est et expedita distinctio. Nam libero tempore, cum soluta nobis est eligendi optio, cumque.','Nobis probaretur, sed etiam spe eriguntur consequentis ac posteri temporis. Quod quia nullo modo sine amicitia firmam et perpetuam iucunditatem vitae tenere possumus neque vero ipsam amicitiam tueri.');
INSERT INTO Review(createdAt,createdBy,role,salary,rating,summary,bestPart,worstPart) VALUES ('2024-08-05 02:03:22',57,86,579.14,1,'Sed in his rebus peccant, cum e quibus haec efficiantur ignorant. Animi autem morbi sunt cupiditates inmensae et inanes divitiarum, gloriae, dominationis, libidinosarum etiam voluptatum. Accedunt aegritudines, molestiae, maerores, qui exedunt animos conficiuntque curis hominum non intellegentium nihil dolendum esse.','In sanguinem suum tam crudelis fuisse, nihil ut de utilitatibus, nihil ut de omni virtute sit dictum. Sed similia fere dici possunt. Ut enim aeque doleamus animo, cum corpore dolemus.','Tamen in quibusdam neque pecuniae modus est neque honoris neque imperii nec libidinum nec epularum nec reliquarum cupiditatum, quas nulla praeda umquam improbe parta minuit, sed potius inflammat, ut coercendi magis quam dedocendi esse videantur. Invitat igitur vera ratio bene sanos in viam placatae.');
INSERT INTO Review(createdAt,createdBy,role,salary,rating,summary,bestPart,worstPart) VALUES ('2024-04-25 17:47:13',58,30,607.76,2,'Ut eum Macedonum legatis accusantibus, quod pecunias praetorem in provincia cepisse arguerent, causam apud se dicere iuberet reque ex utraque parte audita pronuntiaret eum non talem videri fuisse.','Inermis ac nudus est. Tollit definitiones, nihil de dividendo ac partiendo docet, non quo ignorare vos arbitrer, sed ut ratione et via procedat oratio. Quaerimus igitur, quid sit extremum et ultimum bonorum, quod omnium philosophorum sententia tale debet esse, ut ad id autem res referuntur omnes, fatendum est summum esse bonum iucunde vivere. Id qui in.','Et moribus comprobavit. Quod quam magnum sit fictae veterum fabulae declarant, in.');
INSERT INTO Review(createdAt,createdBy,role,salary,rating,summary,bestPart,worstPart) VALUES ('2024-11-27 04:40:13',59,54,381.01,5,'Vituperata ab Hortensio. Qui liber cum et tibi probatus videretur et iis, quos ego posse iudicare arbitrarer, plura suscepi veritus ne movere hominum studia viderer, retinere non posse. Qui autem, si maxime hoc placeat, moderatius tamen.','Dolore et molestia perfruique maximis et animi et corporis voluptatibus, videtisne quam nihil molestiae consequatur, vel illum, qui dolorem ipsum, quia dolor sit, amet, consectetur, adipisci velit, sed quia consequuntur magni dolores eos, qui ratione voluptatem sequi nesciunt, neque porro quisquam est, qui dolorem eum fugiat, quo voluptas.','Petulantes, alii audaces, protervi, idem intemperantes et ignavi, numquam in sententia permanentes, quas ob causas in eorum vita nulla est intercapedo molestiae. Igitur neque stultorum quisquam beatus neque sapientium non beatus. Multoque.');
INSERT INTO Review(createdAt,createdBy,role,salary,rating,summary,bestPart,worstPart) VALUES ('2023-12-27 23:54:59',60,93,606.05,2,'P. Scaevolam M''.que Manilium, ab iisque M. Brutus dissentiet -- quod Graeci telos nominant --, quod ipsum nullam ad aliam rem, ad id autem res referuntur omnes, fatendum est summum esse bonum quicquam nisi nescio quam illam umbram, quod appellant honestum non tam id.','Inquit, sic agam, ut ipsi auctori huius disciplinae placet: constituam, quid et quale sit id, de quo Lucilius: ''ferreum scriptorem'', verum, opinor, scriptorem tamen.','Parentes, multi amicos, non nulli patriam, plerique autem se ipsos amentur. Etenim si delectamur.');
INSERT INTO Review(createdAt,createdBy,role,salary,rating,summary,bestPart,worstPart) VALUES ('2024-02-16 17:57:46',61,26,490.10,5,'Depulsa est, ipsa detractio molestiae consecutionem affert voluptatis, sic in.','Quod Epicurum nostrum non tu quidem oderis, ut fere faciunt, qui ab eo nos abducat? Sin laboramus, quis est, qui Ennii Medeam aut Antiopam Pacuvii spernat aut reiciat, quod se isdem Euripidis fabulis delectari dicat, Latinas litteras oderit? Synephebos ego, inquit, potius Caecilii aut Andriam Terentii quam utramque Menandri legam? A quibus tantum dissentio, ut, cum.','Quo non plus voluptatum habeat quam dolorum. Nam et.');
INSERT INTO Review(createdAt,createdBy,role,salary,rating,summary,bestPart,worstPart) VALUES ('2024-04-26 20:23:54',62,89,556.51,2,'Sit, exquirere? An, partus ancillae sitne in fructu habendus, disseretur inter principes civitatis, P. Scaevolam M''.que Manilium, ab iisque vitiis, quae paulo ante collegi, abest plurimum et.','Erit affectus erga amicum, quo in se ipsum, quosque labores.','Nihil aliud sit nisi cum voluptate vivere. Nec enim.');
INSERT INTO Review(createdAt,createdBy,role,salary,rating,summary,bestPart,worstPart) VALUES ('2024-01-03 20:38:27',63,94,438.49,2,'Altera philosophiae parte. Quae est quaerendi ac disserendi, quae logikh dicitur, iste vester plane, ut mihi quidem videtur.','Coercendi magis quam dedocendi esse videantur.','Disputandum putant. Sed ut iis bonis erigimur, quae expectamus, sic laetamur iis, quae.');
INSERT INTO Review(createdAt,createdBy,role,salary,rating,summary,bestPart,worstPart) VALUES ('2024-09-10 22:46:17',66,13,483.99,3,'Utens nihil quieti videre, nihil tranquilli potest. Quodsi vitam omnem perturbari videmus errore et inscientia, sapientiamque esse solam, quae nos exhorrescere.','Qua etiam carere possent sine dolore tum in dedecora incurrunt, saepe etiam legum iudiciorumque poenis obligantur. Qui autem ita frui volunt voluptatibus, ut nulli propter eas consequantur dolores, et qui.','Magis animi morbis impediri necesse est! Animi autem voluptates et dolores animi quam.');
INSERT INTO Review(createdAt,createdBy,role,salary,rating,summary,bestPart,worstPart) VALUES ('2024-06-10 05:49:34',64,68,559.45,5,'Exquisitis rationibus confirmare, tantum satis esse admonere. Interesse enim inter argumentum conclusionemque rationis et inter mediocrem animadversionem atque admonitionem. Altera occulta quaedam et horrida, de malis Graecis Latine scripta deterius. Quibus ego assentior, dum modo de isdem rebus ne.','Cum ea non placeat, tamquam e theatro exeamus. Quibus rebus.','Et in conspectum suum venire vetuit, numquid tibi videtur de voluptatibus suis cogitavisse? Sed ut iis bonis erigimur, quae expectamus, sic laetamur iis, quae recordamur. Stulti autem malorum memoria torquentur.');
INSERT INTO Review(createdAt,createdBy,role,salary,rating,summary,bestPart,worstPart) VALUES ('2024-01-31 05:28:03',65,28,452.43,3,'Probabo, inquit, modo ista sis aequitate, quam ostendis. Sed uti oratione perpetua malo quam interrogare aut interrogari. Ut placet, inquam. Tum dicere exorsus est. Primum igitur.','Iis bonis erigimur, quae expectamus, sic laetamur iis, quae et splendide dicta sint neque sint conversa de Graecis? Nam si concederetur, etiamsi ad corpus nihil referatur.','Fuisse. Fieri, inquam, Triari, nullo pacto potest, ut non plus voluptatum habeat quam dolorum.');
INSERT INTO Review(createdAt,createdBy,role,salary,rating,summary,bestPart,worstPart) VALUES ('2024-03-18 20:27:10',66,42,385.77,5,'Inquam, nisi te audire vellem, censes haec dicturum fuisse? Utrum igitur percurri omnem Epicuri disciplinam placet an de.','In reque eo meliore, quo maior sit.','Te ipsum probaturum esse confidam. Certe, inquam, pertinax non ero tibique, si mihi probabis ea, quae voluptaria, delicata, mollis habeatur.');
INSERT INTO Review(createdAt,createdBy,role,salary,rating,summary,bestPart,worstPart) VALUES ('2023-12-03 14:07:57',67,11,623.24,3,'Magis quam dedocendi esse videantur. Invitat igitur vera ratio bene sanos in viam placatae, tranquillae, quietae, beatae vitae disciplinam iuvaret.','Tractatos? Quid? Epicurei num desistunt de isdem, de quibus neque depravate iudicant neque corrupte, nonne ei maximam gratiam habere debemus, qui hac exaudita quasi voce naturae sic eam firme graviterque comprehenderit, ut omnes bene sanos ad iustitiam, aequitatem, fidem, neque homini infanti aut inpotenti iniuste facta conducunt, qui nec facile efficere possit.','Ii voluptatem maximam adipiscuntur praetermittenda voluptate. Idem etiam dolorem saepe perpetiuntur, ne, si amicitiam propter nostram voluptatem expetendam putemus, tota amicitia quasi claudicare videatur.');
INSERT INTO Review(createdAt,createdBy,role,salary,rating,summary,bestPart,worstPart) VALUES ('2024-02-21 10:32:39',68,57,506.81,3,'Aliquo, sed ipsius honestatis decore laudandis, id totum evertitur eo delectu rerum, quem modo dixi, constituto, ut aut.','Hausta e fonte naturae, si tota oratio nostra omnem sibi fidem sensibus confirmat, id est corpora individua propter soliditatem, censet in infinito inani, in.','Mediocritatem desiderent. Sive enim ad minima veniam, quis nostrud exercitation ullamco laboris nisi ut aliquip ex ea commodo consequat. Duis aute irure dolor in longinquitate levis, in gravitate brevis soleat esse, ut.');
INSERT INTO Review(createdAt,createdBy,role,salary,rating,summary,bestPart,worstPart) VALUES ('2024-02-23 12:24:47',69,94,497.75,5,'Contentam. Sed possunt haec quadam ratione dici non necesse est. Tribus igitur modis video.','Iis servire, qui vel utrisque litteris uti velint vel, si suas habent, illas non magnopere desiderent. Qui autem.','Id apte fieri possit, ut ab ipsis, qui eam disciplinam probant, non soleat accuratius explicari; verum enim invenire volumus, non tamquam adversarium aliquem convincere.');
INSERT INTO Review(createdAt,createdBy,role,salary,rating,summary,bestPart,worstPart) VALUES ('2024-01-20 22:46:38',70,36,515.00,2,'Imbutus quietus esse numquam potest. Praeterea bona praeterita grata recordatione renovata delectant. Est autem situm in nobis ut et adversa quasi perpetua oblivione obruamus et secunda iucunde ac suaviter meminerimus. Sed cum.','Aetatis percipi posse, quam ex hoc facillime perspici potest: Constituamus aliquem magnis, multis, perpetuis fruentem et animo et corpore voluptatibus nullo dolore nec impediente nec inpendente, quem tandem hoc statu praestabiliorem aut magis expetendum possimus dicere? Inesse enim necesse est aut in.','Fugiendam inprobitatem putamus, sed multo magis vita et factis et moribus comprobavit. Quod quam magnum sit fictae veterum fabulae declarant, in quibus hoc primum est in voluptate. Neque enim disputari.');
INSERT INTO Review(createdAt,createdBy,role,salary,rating,summary,bestPart,worstPart) VALUES ('2024-06-26 08:39:22',71,63,558.22,5,'Ita prorsus existimo, neque eum Torquatum, qui hoc primus cognomen invenerit, aut torquem illum hosti detraxisse, ut aliquam ex eo perciperet corpore voluptatem, aut cum Latinis tertio consulatu.','Atomorum inter se, ex quo efficiantur ea, quae dixi, sole ipso illustriora et clariora sunt, si omnia dixi hausta e fonte naturae, si tota oratio nostra.','Gratia. Sed de clarorum hominum factis illustribus et gloriosis satis hoc loco dictum sit. Erit enim iam de omnium virtutum cursu ad voluptatem proprius.');
INSERT INTO Review(createdAt,createdBy,role,salary,rating,summary,bestPart,worstPart) VALUES ('2024-06-21 07:44:16',72,53,549.03,4,'Atque nostra et pariter dolemus angoribus. Quocirca eodem modo sapiens erit affectus erga amicum, quo in se ipsum, quosque labores.','Sequitur Democritum, non fere labitur. Quamquam utriusque cum multa non probo, tum illud in primis, quod, cum in rerum natura duo quaerenda sint, unum, quae materia sit.','Vis et natura orationis et consequentium repugnantiumve ratio potest perspici. Omnium autem rerum natura duo quaerenda sint, unum.');
INSERT INTO Review(createdAt,createdBy,role,salary,rating,summary,bestPart,worstPart) VALUES ('2024-11-26 02:18:44',73,45,376.19,1,'Labores magnosque susceperant. Ecce autem alii minuti et angusti aut omnia semper desperantes aut malivoli, invidi, difficiles, lucifugi, maledici, monstruosi, alii autem etiam amaret.','Quaedam nos natura genuit et conformavit, ut mihi quidem depravare videatur. Ille atomos quas appellat, id est vel summum bonorum vel ultimum vel extremum -- quod Graeci telos nominant --, quod ipsum nullam ad aliam rem, ad id autem.','Quoniam, cum privamur dolore, ipsa liberatione et vacuitate omnis molestiae gaudemus, omne autem id, quo gaudemus, voluptas est.');
INSERT INTO Review(createdAt,createdBy,role,salary,rating,summary,bestPart,worstPart) VALUES ('2024-10-25 05:10:19',74,55,503.96,4,'Doloribus, etiamsi voluptas ea, quae dices, libenter assentiar. Probabo, inquit.','Negant posse a voluptate discedere. Nam cum ignoratione rerum bonarum et malarum maxime hominum vita vexetur, ob eumque errorem et voluptatibus maximis saepe priventur et durissimis animi doloribus torqueantur, sapientia est adhibenda, quae et splendide dicta sint neque sint conversa de Graecis? Nam si dicent ab illis has res esse tractatas, ne.','Qui me ad alias litteras vocent, genus hoc scribendi, etsi sit elegans, personae tamen et dignitatis esse negent. Contra quos omnis dicendum breviter existimo. Quamquam philosophiae quidem vituperatoribus satis responsum est eo libro, quo a populo.');
INSERT INTO Review(createdAt,createdBy,role,salary,rating,summary,bestPart,worstPart) VALUES ('2023-12-05 06:04:25',75,88,459.93,2,'Istae enim vestrae eximiae pulchraeque virtutes nisi voluptatem efficerent, quis eas aut laudabilis aut expetendas arbitraretur? Ut enim virtutes, de quibus.','Idem licet transferre in voluptatem, ut postea variari voluptas distinguique possit, augeri amplificarique non possit. At etiam Athenis, ut e.','Involuta aperiri, altera prompta et aperta iudicari. Etenim quoniam detractis de homine sensibus reliqui.');
INSERT INTO Review(createdAt,createdBy,role,salary,rating,summary,bestPart,worstPart) VALUES ('2024-11-25 09:23:30',76,79,566.76,2,'Pervenias profectus a Theseo. At.','Inpendente, quem tandem hoc statu praestabiliorem aut magis expetendum possimus dicere? Inesse enim necesse est aut fastidii delicatissimi. Mihi quidem videtur. Ac fieri potest, ut propemodum iustioribus utamur illis, qui omnino avocent a philosophia, quam his, qui rebus infinitis modum constituant in reque eo meliore, quo maior sit, si nihil efficeret; nunc.','Persequeretur, vivendi artem tantam tamque et operosam et perinde fructuosam relinqueret? Non ergo Epicurus ineruditus, sed ii indocti, qui, quae pueros non didicisse turpe.');
INSERT INTO Review(createdAt,createdBy,role,salary,rating,summary,bestPart,worstPart) VALUES ('2024-03-27 14:19:55',77,6,389.56,2,'Efficit voluptatis. Itaque non placuit Epicuro medium esse quiddam inter.','Nemini e nostris, qui haec subtilius velint tradere.','Paratus est, ut meminerit maximos.');
INSERT INTO Review(createdAt,createdBy,role,salary,rating,summary,bestPart,worstPart) VALUES ('2024-04-08 21:29:39',78,60,597.64,1,'Tu quidem oderis, ut fere faciunt, qui ab eo dissentiunt, sed certe non probes, eum quem ego arbitror unum vidisse verum maximisque erroribus animos hominum liberavisse et omnia tradidisse, quae pertinerent ad bene beateque vivendo a Platone disputata sunt.','Homine omni doctrina erudito, defensa est Epicuri sententia de voluptate, nihil scilicet novi, ea tamen, quae te ipsum probaturum esse confidam. Certe, inquam, pertinax non ero tibique, si mihi probabis ea, quae voluptaria, delicata, mollis habeatur disciplina, quam gravis, quam.','Discordia dominorum domus; quo minus omnes mea legant. Utinam esset ille Persius, Scipio vero et Rutilius multo etiam magis, quod, cuius in mente consedit, hoc ipso, quod adest, turbulenta est; si vero molita quippiam est, quamvis.');
INSERT INTO Review(createdAt,createdBy,role,salary,rating,summary,bestPart,worstPart) VALUES ('2024-05-10 22:03:38',79,46,460.95,5,'Quaerenda sint, unum, quae materia sit, ex qua quaeque res efficiatur, alterum.','Turma omnis chorusque: ''chaere, Tite!'' hinc.','Error omnis imperitorum intellegaturque ea, quae voluptaria, delicata, mollis habeatur disciplina, quam gravis, quam continens, quam severa sit. Non enim hanc solam sequimur, quae suavitate aliqua naturam ipsam.');
INSERT INTO Review(createdAt,createdBy,role,salary,rating,summary,bestPart,worstPart) VALUES ('2024-03-26 23:30:48',80,49,443.46,1,'Et expedita distinctio. Nam libero tempore, cum soluta nobis est eligendi.','Etiam sapientia est; sive hoc difficile est, tamen nec modus est neque honoris neque imperii nec.','Quae cum dixisset, Explicavi, inquit, sententiam meam, et eo quidem consilio, tuum iudicium ut cognoscerem, quoniam mihi ea facultas, ut id apte fieri possit, ut ab ipsis, qui eam disciplinam probant, non soleat accuratius explicari; verum enim invenire volumus, non tamquam adversarium aliquem convincere. Accurate autem quondam a.');
INSERT INTO Review(createdAt,createdBy,role,salary,rating,summary,bestPart,worstPart) VALUES ('2024-03-01 02:03:01',41,56,456.27,5,'Elaboraret, et sunt illius scripta leviora.','Suum iudicium retinent, ne voluptate victi faciant id, quod his libris quaeritur, qui sit finis, quid extremum, quid ultimum, quo sint omnia bene vivendi recteque faciendi consilia referenda, quid sequatur natura ut summum ex rebus expetendis, quid fugiat ut extremum malorum? Qua de re cum sit inter doctissimos summa dissensio, quis alienum putet eius esse dignitatis.','Utinam esset ille Persius, Scipio vero et Rutilius multo etiam magis, quod, cuius in animo versatur, numquam sinit eum respirare, numquam adquiescere. Quodsi ne.');
INSERT INTO Review(createdAt,createdBy,role,salary,rating,summary,bestPart,worstPart) VALUES ('2024-10-13 18:41:59',42,74,552.97,3,'Voluptate, quid eo miserius dici aut fingi potest? Quodsi vita doloribus referta maxime fugienda.','Hostem impetum fecisse aut in voluptate esse aut in armatum hostem impetum fecisse aut in armatum hostem impetum fecisse aut in dolore, sed in his rebus peccant, cum e quibus haec efficiantur ignorant. Animi autem voluptates et dolores animi quam corporis. Nam corpore nihil nisi praesens et quod quaeritur saepe, cur tam.','Et vita sine amicis insidiarum et metus et aegritudines ad dolorem referuntur, nec praeterea est res ulla, quae sua natura aut sollicitare possit aut angere. Praeterea et appetendi et refugiendi et omnino rerum gerendarum initia proficiscuntur aut a dolore. Quod cum ita esset affecta, secundum non recte, si voluptas esset bonum, desideraret.');
INSERT INTO Review(createdAt,createdBy,role,salary,rating,summary,bestPart,worstPart) VALUES ('2024-02-08 07:58:25',43,53,447.40,3,'Nostro frequenter audivi, cum miraretur ille quidem utrumque, Phaedrum autem etiam amatoriis levitatibus dediti, alii petulantes, alii audaces, protervi, idem intemperantes et ignavi, numquam in sententia.','Eiusmod tempor incididunt ut labore et dolore magnam aliquam quaerat voluptatem. Ut enim medicorum scientiam non ipsius artis.','Amicitiae non modo singulos homines, sed universas familias evertunt, totam etiam labefactant saepe rem publicam. Ex cupiditatibus odia, discidia, discordiae, seditiones, bella nascuntur, nec eae se foris solum iactant nec.');
INSERT INTO Review(createdAt,createdBy,role,salary,rating,summary,bestPart,worstPart) VALUES ('2024-04-23 12:28:01',44,63,507.58,4,'Cernimus, id omne oritur a sensibus; qui si omnes.','Quam ostendis. Sed uti oratione perpetua malo quam interrogare aut interrogari. Ut placet, inquam. Tum dicere exorsus est. Primum igitur, inquit, sic agam, ut.','Voluptatis et liberae potest. Atqui pugnantibus et contrariis studiis consiliisque semper utens nihil quieti videre.');
INSERT INTO Review(createdAt,createdBy,role,salary,rating,summary,bestPart,worstPart) VALUES ('2023-12-10 06:55:36',45,81,556.42,3,'Iste vester plane, ut mihi quidem videtur, inermis ac nudus est. Tollit definitiones, nihil de dividendo ac partiendo docet, non quo modo efficiatur concludaturque ratio tradit, non qua via captiosa solvantur ambigua distinguantur ostendit; iudicia rerum dirigentur, numquam ullius oratione victi sententia desistemus. Nisi autem rerum natura duo quaerenda sint, unum, quae materia sit, ex qua.','Omni munere vitae optimum et verissimum sit, exquirere? An, partus ancillae sitne in fructu.','Suscipit, ut non plus habeat sapiens, quod gaudeat, quam quod angatur. Optime vero Epicurus, quod exiguam dixit fortunam intervenire sapienti maximasque ab eo delectari, quod ista Platonis, Aristoteli, Theophrasti orationis.');
INSERT INTO Review(createdAt,createdBy,role,salary,rating,summary,bestPart,worstPart) VALUES ('2024-05-14 17:14:19',46,35,595.04,2,'Ait enim declinare atomum sine causa; quo nihil posset.','Oculis quidem exercitus. -- Quid ex eo est consecutus? -- Laudem et caritatem, quae sunt vitae sine metu vivere. Quae est enim in vita tantopere quaerendum quam cum omnia in philosophia, tum id.','Torquentur, sapientes bona praeterita grata recordatione renovata delectant. Est autem situm in nobis ut.');
INSERT INTO Review(createdAt,createdBy,role,salary,rating,summary,bestPart,worstPart) VALUES ('2024-06-27 08:00:37',47,3,624.27,3,'Individua et solida corpora ferri deorsum suo pondere ad lineam, hunc naturalem esse omnium corporum motum. Deinde ibidem homo acutus, cum illud ocurreret, si omnia dixi hausta e fonte naturae, si tota oratio nostra omnem sibi fidem sensibus confirmat, id est voluptatem. Homines optimi non intellegunt totam rationem everti, si ita res se habeat. Nam si.','Fabulis delectari dicat, Latinas litteras oderit? Synephebos ego, inquit, potius Caecilii aut Andriam Terentii quam utramque Menandri legam? A quibus tantum dissentio, ut, cum.','In voluptatis locum dolor forte successerit, at contra gaudere nosmet omittendis doloribus, etiamsi voluptas ea, quae senserit ille, tibi non vera videantur. Vide, quantum, inquam, fallare, Torquate. Oratio me istius philosophi non offendit; nam et ipsa.');
INSERT INTO Review(createdAt,createdBy,role,salary,rating,summary,bestPart,worstPart) VALUES ('2024-08-31 23:32:02',48,62,591.15,3,'Verterunt nostri poetae fabulas, male, credo, mererer de meis civibus, si ad eorum cognitionem divina illa ingenia transferrem. Sed id neque feci adhuc nec mihi illud dixeris: ''Haec enim ipsa mihi sunt voluptati, et erant illa.','Benivolentiam sibi conciliant et, quod aptissimum est ad quiete vivendum, caritatem, praesertim cum omnino nulla sit utilitas ex amicitia, tamen ipsi amici propter se.','Est, quae non modo non inopem, ut vulgo putarent, sed locupletiorem etiam esse quam vacare omni dolore careret, non modo non inopem, ut vulgo putarent, sed locupletiorem etiam esse quam vacare omni dolore et molestia perfruique.');
INSERT INTO Review(createdAt,createdBy,role,salary,rating,summary,bestPart,worstPart) VALUES ('2024-06-17 21:03:10',49,67,620.34,4,'Se dicant in Graecis legendis operam malle consumere. Postremo aliquos futuros suspicor, qui me ad alias litteras vocent, genus hoc scribendi, etsi sit elegans, personae tamen et dignitatis esse negent. Contra quos omnis dicendum breviter existimo. Quamquam philosophiae quidem vituperatoribus satis responsum est eo.','Hic noster labor in varias reprehensiones incurreret. Nam quibusdam, et iis servire, qui vel utrisque litteris uti velint vel, si suas habent, illas non magnopere desiderent. Qui autem.','Corrupte, nonne ei maximam gratiam habere debemus, qui hac exaudita quasi voce naturae sic eam firme graviterque comprehenderit, ut omnes bene sanos in viam placatae, tranquillae, quietae, beatae vitae dicta.');
INSERT INTO Review(createdAt,createdBy,role,salary,rating,summary,bestPart,worstPart) VALUES ('2024-01-20 21:33:09',50,55,459.15,3,'Cupiditate non provident, similique sunt in eadem causa sunt, qua ante quam nati, et ad.','Quid malum, sensu iudicari, sed animo etiam ac ratione intellegi posse et voluptatem ipsam.','Gaudemus, omne autem id, quo gaudemus, voluptas est, ut omne, quo offendimur, dolor.');
INSERT INTO Review(createdAt,createdBy,role,salary,rating,summary,bestPart,worstPart) VALUES ('2023-12-08 22:56:03',52,72,618.58,4,'Comparandae voluptatis -- Quam autem ego dicam voluptatem, iam videtis, ne invidia verbi labefactetur oratio mea --. Nam cum ignoratione rerum bonarum et malarum maxime hominum vita vexetur, ob eumque errorem et voluptatibus maximis saepe priventur et durissimis animi doloribus torqueantur, sapientia.','Assumenda est, omnis dolor repellendus. Temporibus autem quibusdam et aut officiis debitis aut rerum necessitatibus saepe eveniet, ut et adversa quasi perpetua oblivione obruamus et secunda iucunde ac suaviter meminerimus. Sed cum ea, quae sensum moveat, nulla successerit, eoque.','Deinde hoc quoque alienum; nam ante Aristippus, et ille melius. Addidisti ad extremum etiam indoctum fuisse. Fieri, inquam, Triari, nullo pacto.');
INSERT INTO Review(createdAt,createdBy,role,salary,rating,summary,bestPart,worstPart) VALUES ('2024-02-03 22:45:58',51,87,445.40,3,'Disserendum et rationibus conquisitis de voluptate et dolore magna aliqua. Ut enim ad minim veniam, quis nostrum exercitationem ullam corporis suscipit laboriosam, nisi ut aliquip ex.','Magis expetendum possimus dicere? Inesse enim necesse est effici, ut sapiens solum amputata circumcisaque inanitate omni et errore naturae finibus contentus.','Me istius philosophi non offendit; nam et praeterita.');
INSERT INTO Review(createdAt,createdBy,role,salary,rating,summary,bestPart,worstPart) VALUES ('2024-07-15 10:54:05',52,44,597.51,5,'Et negent satis esse, quid bonum sit aut quid iudicat, quo aut petat aut fugiat aliquid, praeter voluptatem et dolorem. Ad haec et quae vel aliter pararetur et.','Erant, ad quorum iudicium elaboraret, et sunt illius.','Et perpetuam iucunditatem vitae tenere possumus neque vero ipsam amicitiam tueri, nisi aeque amicos et.');
INSERT INTO Review(createdAt,createdBy,role,salary,rating,summary,bestPart,worstPart) VALUES ('2024-09-03 13:10:18',53,47,428.94,4,'Iustitiam, aequitatem, fidem, neque homini infanti aut inpotenti iniuste facta conducunt, qui nec facile.','Natura perspecta erit, nullo modo poterimus sensuum.','Et potione fames sitisque depulsa est, ipsa detractio molestiae consecutionem affert voluptatis, sic in omni munere vitae optimum et verissimum sit, exquirere? An, partus ancillae sitne in fructu habendus, disseretur inter principes civitatis, P. Scaevolam M''.que.');
INSERT INTO Review(createdAt,createdBy,role,salary,rating,summary,bestPart,worstPart) VALUES ('2024-09-25 18:19:55',54,59,554.97,2,'Sed ut omittam pericula, labores, dolorem etiam, quem optimus quisque pro patria et pro suis.','Quem ego arbitror unum vidisse verum maximisque erroribus animos hominum liberavisse et omnia tradidisse.','Tantum satis esse admonere. Interesse enim inter argumentum conclusionemque rationis et inter mediocrem animadversionem atque admonitionem.');
INSERT INTO Review(createdAt,createdBy,role,salary,rating,summary,bestPart,worstPart) VALUES ('2024-06-02 12:45:56',55,24,408.25,1,'Haec, quae vitam omnem perturbari videmus errore et inscientia.','Perpessio dolorum per se ipsa allicit nec patientia nec assiduitas nec vigiliae nec ea ipsa, quae tibi probarentur; si qua.','Legum odioque civium? Et tamen in quibusdam neque pecuniae modus est ullus investigandi veri, nisi inveneris, et quaerendi defatigatio turpis est, cum id, quod sentiant non esse faciendum, ii voluptatem maximam adipiscuntur praetermittenda voluptate. Idem etiam dolorem saepe perpetiuntur, ne, si amicitiam propter nostram voluptatem expetendam putemus, tota.');
INSERT INTO Review(createdAt,createdBy,role,salary,rating,summary,bestPart,worstPart) VALUES ('2024-03-31 13:28:59',56,23,495.03,5,'In sensibus ponit, quibus si semel aliquid falsi pro vero probatum sit, sublatum esse omne iudicium veri et falsi putat. Confirmat autem illud vel maxime, quod ipsa natura, ut ait ille, sciscat et probet, id est voluptatem et dolorem.','Sapientia, quae ars vivendi putanda est, non expeteretur, si nihil efficeret; nunc expetitur, quod.','Perspiciatis, unde omnis iste natus error sit voluptatem accusantium doloremque laudantium, totam rem aperiam eaque ipsa, quae laudatur.');
INSERT INTO Review(createdAt,createdBy,role,salary,rating,summary,bestPart,worstPart) VALUES ('2024-06-11 02:57:40',57,41,428.78,5,'Contenta posset nec ulla pars vacuitate doloris sine iucundo motu voluptatis. Sin autem summa.','Doloribus eosque humili animo inbecilloque ferre miserum est, ob eamque debilitatem animi multi parentes, multi amicos, non nulli patriam, plerique autem se ipsos penitus perdiderunt, sic robustus animus.','Legantur? Quamquam, si plane sic verterem Platonem aut Aristotelem, ut verterunt nostri poetae fabulas, male, credo, mererer de meis civibus, si ad eorum cognitionem divina illa ingenia.');
INSERT INTO Review(createdAt,createdBy,role,salary,rating,summary,bestPart,worstPart) VALUES ('2024-04-24 07:28:29',58,62,547.53,2,'In primis gravis et doctus adolescens, ei disputationi interesset. Nam cum ad me de.','Maximi cadere possunt, nulla spe proposita fore levius aliquando, nulla praeterea neque praesenti nec expectata voluptate, quid eo miserius dici aut fingi potest? Quodsi vita doloribus referta maxime fugienda est, summum profecto malum est vivere cum dolore, cui sententiae consentaneum.','Disserunt. Praeterea sublata cognitione et scientia.');
INSERT INTO Review(createdAt,createdBy,role,salary,rating,summary,bestPart,worstPart) VALUES ('2024-07-12 16:23:31',59,46,593.28,2,'Quidem locis pluribus. Sed quot homines, tot sententiae; falli igitur possumus. Quam ob rem tandem, inquit, non satisfacit? Te enim iudicem aequum puto, modo quae dicat ille bene noris. Nisi mihi Phaedrum, inquam, tu mentitum aut Zenonem putas, quorum utrumque audivi, cum miraretur ille.','Ut aut reiciendis voluptatibus maiores alias consequatur aut perferendis doloribus asperiores repellat. Hanc ego cum teneam sententiam, quid est cur dubitemus dicere et sapientiam.','Est voluptas. Ut enim, cum cibo et potione fames sitisque depulsa est, ipsa detractio molestiae consecutionem affert voluptatis, sic in omni re doloris amotio successionem efficit voluptatis. Itaque non placuit Epicuro medium esse quiddam inter dolorem et voluptatem; illud enim ipsum, quod quibusdam medium.');
INSERT INTO Review(createdAt,createdBy,role,salary,rating,summary,bestPart,worstPart) VALUES ('2024-02-26 15:17:33',60,24,555.74,5,'Voluptatis locum dolor forte successerit, at contra gaudere nosmet omittendis doloribus, etiamsi voluptas.','Minus id, quod his libris quaeritur, qui sit finis, quid extremum, quid ultimum, quo sint omnia.','Aut perferendis doloribus asperiores repellat. Hanc ego cum teneam sententiam, quid est cur tam multi sint Epicurei, sunt aliae quoque.');
INSERT INTO Review(createdAt,createdBy,role,salary,rating,summary,bestPart,worstPart) VALUES ('2024-02-06 13:16:55',61,36,613.85,1,'Diligant. Quod et scripta multa sunt, sic inprobitas si cuius in mente consedit, hoc ipso, quod adest, turbulenta est; si vero molita quippiam est, quamvis occulte fecerit, numquam.','Magnitudinem celeritas, diuturnitatem allevatio consoletur. Ad ea cum accedit, ut neque divinum numen horreat nec praeteritas voluptates effluere patiatur earumque assidua recordatione laetetur, quid est, cur nostri a nostris non legantur? Quamquam, si plane sic verterem Platonem aut Aristotelem, ut verterunt nostri poetae fabulas, male, credo, mererer de meis civibus, si ad.','Sit causa peccandi. Quae enim cupiditates a natura proficiscuntur, facile explentur sine ulla iniuria, quae autem de bene beateque vivendo a Platone disputata sunt, haec explicari non placebit Latine? Quid? Si nos non interpretum fungimur munere, sed tuemur ea, quae dices, libenter assentiar. Probabo, inquit, modo ista sis aequitate, quam ostendis. Sed uti oratione perpetua malo.');
INSERT INTO Review(createdAt,createdBy,role,salary,rating,summary,bestPart,worstPart) VALUES ('2024-04-14 13:19:47',62,49,465.78,3,'Graeco sermone tractavissent, ea Latinis litteris mandaremus, fore ut hic noster labor in varias reprehensiones incurreret. Nam quibusdam, et iis.','Facilius id, quod propositum est, summum bonum consequamur? Clamat Epicurus, is quem vos nimis voluptatibus esse deditum dicitis; non posse iucunde vivi, nisi sapienter, honeste iusteque vivatur, nec sapienter, honeste, iuste, nisi iucunde. Neque enim civitas in seditione beata.','Fugienda est, summum profecto malum est vivere cum dolore, cui sententiae.');
INSERT INTO Review(createdAt,createdBy,role,salary,rating,summary,bestPart,worstPart) VALUES ('2024-09-26 14:04:20',64,48,515.26,5,'Quae sua natura aut sollicitare possit aut angere. Praeterea et appetendi et refugiendi et omnino rerum gerendarum initia proficiscuntur aut a voluptate discedere. Nam.','Qui blanditiis praesentium voluptatum deleniti atque corrupti, quos dolores.','Autem explicabo, voluptas ipsa quae.');
INSERT INTO Review(createdAt,createdBy,role,salary,rating,summary,bestPart,worstPart) VALUES ('2024-05-22 06:17:43',65,75,393.78,1,'Officii partem, ad ea, quae dixi, sole ipso illustriora et clariora sunt, si omnia dixi hausta e fonte naturae, si.','De re cum sit inter doctissimos summa dissensio, quis alienum putet eius esse dignitatis, quam mihi quisque tribuat, quid in omni re doloris amotio successionem efficit voluptatis. Itaque non placuit Epicuro medium.','Malum, quae perspexit in hoc ipso vitae spatio amicitiae praesidium esse firmissimum.'' Sunt autem quidam e nostris, qui haec subtilius velint tradere et negent.');
INSERT INTO Review(createdAt,createdBy,role,salary,rating,summary,bestPart,worstPart) VALUES ('2024-02-15 04:25:14',63,65,433.75,5,'Ut id apte fieri possit, ut ab ipsis, qui eam disciplinam probant, non soleat accuratius explicari; verum enim invenire volumus, non tamquam adversarium aliquem convincere. Accurate autem.','Disputationi interesset. Nam cum ad me de virtute misisti. Sed ex eo credo quibusdam usu venire; ut abhorreant a Latinis, quod inciderint in inculta quaedam et horrida, de malis Graecis Latine scripta deterius. Quibus ego assentior.','In gravitate brevis soleat esse, ut ad Orestem pervenias.');
INSERT INTO Review(createdAt,createdBy,role,salary,rating,summary,bestPart,worstPart) VALUES ('2024-09-01 05:53:09',64,100,455.86,2,'Eam disciplinam probant, non soleat accuratius explicari; verum enim invenire volumus, non tamquam adversarium aliquem convincere. Accurate autem quondam a L. Torquato, homine omni doctrina erudito, defensa est Epicuri sententia de voluptate, a meque ei responsum, cum C. Triarius, in primis gravis et doctus adolescens, ei disputationi interesset. Nam cum ad me in Cumanum salutandi causa.','Scientiam non ipsius artis, sed bonae valetudinis causa probamus, et gubernatoris ars, quia.','De physicis alias, et quidem locis pluribus. Sed quot homines, tot sententiae; falli igitur possumus. Quam ob rem tandem, inquit, non satisfacit? Te enim.');
INSERT INTO Review(createdAt,createdBy,role,salary,rating,summary,bestPart,worstPart) VALUES ('2024-06-18 05:27:05',65,40,482.72,2,'Voluptatem efficerent, quis eas aut laudabilis aut expetendas arbitraretur? Ut enim aeque doleamus.','Idem Lucilius, apud quem praeclare Scaevola: Graecum te, Albuci, quam Romanum atque.','Et vituperata ab Hortensio. Qui liber cum et tibi probatus videretur et iis, quos modo nominavi, cum inciderit, ut id meo arbitratu facerem, ante hoc tempus numquam est neque perpessio dolorum per se ipsam causam non.');
INSERT INTO Review(createdAt,createdBy,role,salary,rating,summary,bestPart,worstPart) VALUES ('2024-07-08 03:41:30',66,36,580.12,5,'Poenis obligantur. Qui autem alia malunt scribi a nobis, aequi esse debent, quod et acutum genus est et expedita distinctio. Nam libero tempore, cum soluta nobis est eligendi optio, cumque nihil impedit, quo minus id, quod quaeritur, sit pulcherrimum. Etenim.','Eiusmod tempor incididunt ut labore et dolore magna aliqua. Ut enim ad sapientiam perveniri potest, non paranda nobis solum ea, sed fruenda etiam sapientia est; sive hoc difficile est, tamen nec modus ullus nec finis inveniri potest. Quodsi vitam omnem perturbari videmus errore et inscientia, sapientiamque esse solam.','Voluptatem. Quisquis enim sentit, quem ad modum, quaeso, interpretaris? Sicine eos censes aut in dolore. Omnis autem privatione doloris putat Epicurus terminari.');
INSERT INTO Review(createdAt,createdBy,role,salary,rating,summary,bestPart,worstPart) VALUES ('2024-02-29 16:47:11',67,36,470.13,4,'Meo doctiores cives mei, nec cum.','Electram, tamen male conversam Atilii mihi legendam putem, de quo Lucilius: ''ferreum.','Liber cum et tibi probatus videretur et iis, quos modo nominavi, cum Attico nostro frequenter audivi.');
INSERT INTO Review(createdAt,createdBy,role,salary,rating,summary,bestPart,worstPart) VALUES ('2024-01-17 18:38:07',68,79,527.47,4,'Esset et virtus et cognitio rerum, quod minime ille vult expetenda. Haec igitur Epicuri non probo, tum illud in primis, quod, cum in rerum natura cognita levamur superstitione, liberamur mortis metu, non conturbamur ignoratione rerum, e qua ipsa horribiles existunt.','Et dicit plane, quod intellegam; et tamen ego.','A falso distinctio traditur. Restat locus huic disputationi vel.');
INSERT INTO Review(createdAt,createdBy,role,salary,rating,summary,bestPart,worstPart) VALUES ('2024-06-15 06:18:51',69,72,411.62,5,'Expedita distinctio. Nam libero tempore, cum soluta nobis est eligendi optio, cumque nihil impedit, quo minus id, quod maxime placeat, facere possimus.','Effici, ut sapiens solum amputata circumcisaque inanitate omni.','Illae Epicuri propriae ruinae: censet enim eadem illa constituto veri a falso distinctio traditur. Restat locus huic disputationi vel maxime necessarius de amicitia, quam.');
INSERT INTO Review(createdAt,createdBy,role,salary,rating,summary,bestPart,worstPart) VALUES ('2024-04-28 23:15:10',70,78,596.24,2,'Comprobavit. Quod quam magnum sit.','Ducimus, qui blanditiis praesentium voluptatum deleniti atque corrupti, quos dolores et quas molestias excepturi sint, obcaecati cupiditate non provident, similique.','Habeo quae velim. An me, inquam, nisi te audire vellem, censes haec dicturum fuisse? Utrum igitur percurri omnem Epicuri disciplinam placet an de una.');
INSERT INTO Review(createdAt,createdBy,role,salary,rating,summary,bestPart,worstPart) VALUES ('2024-07-30 06:02:55',71,47,413.52,4,'Ipsas tam expetendas, quam nostras expeteremus, quo loco videtur quibusdam stabilitas amicitiae vacillare, tuentur tamen eum locum seque.','Quod huc possit, quod melius sit, accedere?','Maxime necessarius de amicitia, quam, si voluptas esset bonum, desideraret.'' -- Ita credo. -- ''Non est igitur voluptas bonum.'' Hoc ne statuam quidem dicturam pater aiebat, si loqui posset. Conclusum est enim in vita tantopere quaerendum quam cum omnia in philosophia, tum id, quod his libris quaeritur, qui.');
INSERT INTO Review(createdAt,createdBy,role,salary,rating,summary,bestPart,worstPart) VALUES ('2024-09-30 21:23:44',72,36,578.89,3,'Verum etiam summam voluptatem. Quisquis enim sentit, quem ad modum eae semper voluptatibus inhaererent, eadem de amicitia dicenda sunt. Praeclare enim Epicurus his paene verbis: ''Eadem'', inquit, ''scientia confirmavit animum, ne quod aut sempiternum aut diuturnum timeret malum, quae perspexit in hoc ipso vitae spatio amicitiae praesidium esse firmissimum.'' Sunt autem quidam.','E corpore et ad dolores ita paratus est, ut omne, quo offendimur, dolor.','Qui, quae pueros non didicisse turpe est, ea putant usque ad senectutem esse discenda. Quae cum dixissem, magis ut illum provocarem quam ut ipse loquerer, tum Triarius leniter arridens: Tu quidem, inquit, totum Epicurum paene e.');
INSERT INTO Review(createdAt,createdBy,role,salary,rating,summary,bestPart,worstPart) VALUES ('2023-12-26 21:04:24',73,21,574.02,5,'Sentiri haec putat, ut calere ignem, nivem esse albam, dulce mel. Quorum nihil oportere exquisitis rationibus confirmare, tantum satis esse admonere. Interesse enim inter argumentum conclusionemque rationis et inter mediocrem animadversionem atque admonitionem. Altera occulta quaedam.','Etiam Democritus haeret, turbulenta concursio hunc mundi ornatum efficere non poterit. Ne illud quidem perspicuum est, maximam animi aut voluptatem aut molestiam plus aut ad beatam aut ad beatam aut ad miseram vitam afferre momenti quam eorum utrumvis, si aeque diu sit in corpore.','Mnesarchum, Panaetium, multos alios in primisque familiarem nostrum Posidonium. Quid? Theophrastus mediocriterne delectat, cum tractat locos ab Aristotele ante tractatos? Quid? Epicurei num desistunt.');
INSERT INTO Review(createdAt,createdBy,role,salary,rating,summary,bestPart,worstPart) VALUES ('2024-07-18 21:36:13',74,97,377.02,3,'In philosophia, tum id, quod maxime placeat, facere possimus, omnis voluptas assumenda est, omnis dolor.','Istae enim vestrae eximiae pulchraeque virtutes nisi voluptatem efficerent, quis eas aut laudabilis aut expetendas arbitraretur? Ut enim virtutes, de quibus ante dictum est, sic amicitiam negant posse a voluptate.','Et alliciat suapte natura, non potest esse dubium, quin id sit summum atque extremum bonorum omnium, beateque vivere nihil aliud sit nisi cum voluptate conectitur. Nam et ipsa declinatio ad libidinem fingitur.');
INSERT INTO Review(createdAt,createdBy,role,salary,rating,summary,bestPart,worstPart) VALUES ('2024-07-15 14:02:12',75,9,378.96,4,'Quo maior sit, mediocritatem desiderent. Sive enim ad sapientiam perveniri potest, non.','Ipsam optabilem, sed quia non numquam eius modi esse iudico, ut nihil homine videatur indignius. Ad maiora enim quaedam nos natura genuit et conformavit, ut mihi videtur, expediunt. Ut enim.','Est ultimum esse bonorum voluptatem ex infinito tempore aetatis percipi posse, quam ex hoc facillime perspici potest: Constituamus aliquem magnis, multis, perpetuis fruentem et animo et.');
INSERT INTO Review(createdAt,createdBy,role,salary,rating,summary,bestPart,worstPart) VALUES ('2024-07-18 18:43:05',76,93,518.57,1,'Quid? Theophrastus mediocriterne delectat, cum tractat locos ab Aristotele ante tractatos? Quid? Epicurei num desistunt de isdem, de quibus neque depravate iudicant neque corrupte, nonne ei maximam gratiam habere debemus, qui hac exaudita quasi voce naturae sic eam firme graviterque comprehenderit, ut.','Isti curiosi, quos offendit noster minime nobis iniucundus labor. Iis igitur est non miser. Accedit etiam mors, quae quasi delapsa.','Attingere itaque ** attulit rem commenticiam: declinare dixit atomum perpaulum, quo nihil turpius physico, quam fieri quicquam sine causa dicere, -- et illum motum naturalem omnium ponderum, ut ipse loquerer, tum Triarius leniter arridens: Tu quidem, inquit, totum Epicurum paene e philosophorum choro sustulisti. Quid ei reliquisti, nisi.');
INSERT INTO Review(createdAt,createdBy,role,salary,rating,summary,bestPart,worstPart) VALUES ('2024-01-08 19:29:18',77,10,593.46,1,'L. Torquato, homine omni doctrina erudito, defensa est Epicuri sententia de voluptate, a meque ei responsum, cum C. Triarius, in primis gravis et doctus adolescens, ei disputationi interesset. Nam cum ad me accedis.','Flagitem. Re mihi non aeque satisfacit, et quidem tibi et declinationem istam atomorum et magnitudinem solis probabo et Democriti errata ab Epicuro reprehensa et correcta permulta. Nunc dicam.','Vivendum aptior partitio quam illa, qua est usus Epicurus? Qui unum genus posuit earum cupiditatum, quae essent et naturales et necessariae, alterum, quae vis.');
INSERT INTO Review(createdAt,createdBy,role,salary,rating,summary,bestPart,worstPart) VALUES ('2024-01-22 21:04:02',78,27,389.88,3,'Illaberetur, nec manus esse contenta posset nec ulla pars vacuitate doloris sine iucundo motu voluptatis. Sin autem summa voluptas est.','Est. Extremum autem esse bonorum eum voluptate vivere. Huic certae stabilique sententiae.','Etiam oportet in eo, qui ita sit affectus, eum necesse est in voluptate aut.');
INSERT INTO Review(createdAt,createdBy,role,salary,rating,summary,bestPart,worstPart) VALUES ('2023-12-22 15:40:50',79,10,550.74,4,'Defenditur, tamen eius modi tempora incidunt, ut labore et dolore magna aliqua. Ut enim ad minim veniam, quis nostrum exercitationem ullam corporis suscipit laboriosam, nisi ut aliquip ex ea commodi consequatur? Quis autem vel eum iure reprehenderit, qui in ea voluptate velit esse, quam.','Philosophia, quam his, qui rebus infinitis modum constituant in reque eo meliore, quo maior sit, si nihil tale metuamus. Iam illud quidem physici, credere aliquid esse minimum, quod profecto numquam putavisset, si a Polyaeno, familiari suo, geometrica discere maluisset quam illum etiam ipsum dedocere. Sol Democrito magnus videtur, quippe homini erudito in geometriaque perfecto, huic pedalis.','Bonum esse vult, summumque malum dolorem, idque instituit docere sic: Omne animal, simul atque natum sit, voluptatem appetere eaque gaudere ut summo bono, dolorem aspernari ut summum malum et, quantum possit, a se.');
INSERT INTO Review(createdAt,createdBy,role,salary,rating,summary,bestPart,worstPart) VALUES ('2024-07-11 05:00:27',80,92,399.67,4,'Posset. Conclusum est enim in vita tantopere quaerendum quam cum omnia in philosophia.','Est in Ceramico Chrysippi sedentis porrecta.','Vacuitate doloris sine iucundo motu voluptatis. Sin autem summa voluptas est, ut Epicuro placet, nihil.');
INSERT INTO Review(createdAt,createdBy,role,salary,rating,summary,bestPart,worstPart) VALUES ('2024-09-21 03:00:22',41,20,406.04,2,'Vidit, deinde hoc quoque alienum; nam ante.','Ut eum Macedonum legatis accusantibus, quod pecunias praetorem in provincia cepisse arguerent, causam apud se dicere iuberet reque ex utraque parte audita pronuntiaret eum non talem videri fuisse in imperio, quales eius maiores fuissent, et in.','Quidam e nostris, et scribentur fortasse plura, si.');
INSERT INTO Review(createdAt,createdBy,role,salary,rating,summary,bestPart,worstPart) VALUES ('2024-10-17 01:41:23',42,79,428.68,1,'Conetur, nec optinere, si effecerit, et opes vel fortunae vel ingenii liberalitati magis conveniunt, qua qui est imbutus.','Id in voluptate ponatur, sed sine hoc institutionem omnino amicitiae non posse iucunde.','Nam ut Terentianus Chremes non inhumanus, qui novum vicinum non vult ''fodere aut arare aut aliquid ferre denique'' -- non enim illum.');
INSERT INTO Review(createdAt,createdBy,role,salary,rating,summary,bestPart,worstPart) VALUES ('2024-03-19 02:10:12',43,99,608.57,2,'Aperiam eaque ipsa, quae laudatur, industria, ne fortitudo quidem, sed ista sequimur, ut sine cura metuque vivamus animumque et corpus, quantum efficere possimus, molestia liberemus. Ut enim mortis metu omnis quietae vitae status perturbatur, et ut succumbere doloribus eosque humili animo inbecilloque ferre miserum.','Fugiat aliquid, praeter voluptatem et parvam et non necessariam et quae sequamur et quae sequamur et quae vel aliter pararetur et qua etiam carere possent sine dolore tum in morbos gravis, tum in morbos gravis, tum.','Antiquis, ad arbitrium suum scribere? Quodsi Graeci leguntur a Graecis isdem de.');
INSERT INTO Review(createdAt,createdBy,role,salary,rating,summary,bestPart,worstPart) VALUES ('2024-10-06 16:54:44',44,3,558.25,4,'Regione inferiorem locum petentium sine causa dicere, -- et illum motum naturalem omnium ponderum, ut ipse constituit, e regione inferiorem locum petentium sine causa dicere, -- et.','Nisi voluptatem efficerent, quis eas aut laudabilis aut expetendas arbitraretur? Ut enim mortis metu omnis quietae vitae status perturbatur, et.','Ne id ipsum quidem expedire possunt.');
INSERT INTO Review(createdAt,createdBy,role,salary,rating,summary,bestPart,worstPart) VALUES ('2024-08-09 19:54:56',44,10,397.75,3,'Quidem ita dicit, omnium rerum, quas ad beate vivendum se ipsa esse contentam. Sed possunt haec quadam ratione dici non modo.','Penitus perdiderunt, sic robustus animus.','Docui cum voluptate, ut ab ea nullo modo probantur, tamen Democritum laudatum a ceteris ab hoc, qui eum unum secutus esset, nollem vituperatum. Iam in altera philosophiae parte. Quae est quaerendi ac disserendi, quae logikh dicitur.');
INSERT INTO Review(createdAt,createdBy,role,salary,rating,summary,bestPart,worstPart) VALUES ('2024-02-15 15:02:41',45,6,586.52,4,'Hoc commune vitium, illae Epicuri propriae ruinae: censet enim eadem illa individua et solida corpora ferri deorsum suo pondere ad lineam, numquam fore ut hic noster labor in varias reprehensiones incurreret. Nam quibusdam, et iis servire.','Rebus instructus semper est in voluptate ponit, quod summum bonum in voluptate est. Extremum autem esse bonorum eum voluptate vivere. Huic certae stabilique sententiae quae sint quaeque cernantur, omnia, eumque motum atomorum nullo a principio, sed ex aeterno tempore intellegi convenire. Epicurus autem, in.','Instructior -- est enim, quod tibi parum videtur eruditus, ea causa est, quod huc possit, quod melius sit, accedere? Statue contra aliquem confectum tantis animi corporisque doloribus, quanti in hominem maximi cadere possunt, nulla spe proposita fore levius aliquando, nulla praeterea neque praesenti nec expectata voluptate, quid eo.');
INSERT INTO Review(createdAt,createdBy,role,salary,rating,summary,bestPart,worstPart) VALUES ('2024-11-15 13:33:57',46,90,375.80,2,'Dein sermo atque fama, tum accusator, tum iudex; Multi etiam, ut te consule, ipsi se indicaverunt. Quodsi qui satis sibi contra hominum conscientiam saepti esse et voluptates et dolores nasci fatemur e corporis voluptatibus et doloribus -- itaque concedo, quod.','Vide, quantum, inquam, fallare, Torquate. Oratio me istius philosophi non offendit; nam et praeterita et futura. Ut enim.','Ad voluptatem proprius disserendi locus. Nunc autem explicabo, voluptas ipsa quae qualisque sit, ut tollatur error omnis imperitorum intellegaturque ea, quae dices, libenter assentiar. Probabo, inquit, modo ista sis aequitate, quam ostendis. Sed uti oratione perpetua malo quam interrogare aut interrogari. Ut placet, inquam. Tum dicere exorsus est. Primum igitur, inquit, sic.');
INSERT INTO Review(createdAt,createdBy,role,salary,rating,summary,bestPart,worstPart) VALUES ('2023-12-10 00:15:33',47,48,606.05,3,'Enim iam de omnium virtutum cursu ad voluptatem proprius disserendi locus. Nunc autem explicabo, voluptas ipsa quae qualisque sit, ut tollatur error omnis imperitorum intellegaturque ea, quae dices, libenter assentiar. Probabo, inquit, modo ista sis aequitate.','Contineret, saluti prospexit civium, qua intellegebat contineri suam. Atque haec ratio late patet. In quo enim maxime consuevit iactare vestra se oratio, tua praesertim, qui studiose antiqua persequeris.','Et aperta iudicari. Etenim quoniam detractis de homine.');
INSERT INTO Review(createdAt,createdBy,role,salary,rating,summary,bestPart,worstPart) VALUES ('2024-01-17 10:34:14',49,74,404.08,2,'In sanguinem suum tam crudelis fuisse, nihil ut de omni virtute sit dictum. Sed similia fere dici possunt.','Eius, a quo dissentias. Quid enim me prohiberet Epicureum esse, si probarem, quae ille diceret? Cum praesertim illa perdiscere ludus esset.','Et inter mediocrem animadversionem atque admonitionem. Altera occulta quaedam et quasi architecto beatae vitae disciplinam iuvaret. An ille tempus aut in dolore. Omnis autem privatione doloris putat Epicurus terminari summam voluptatem, ut postea variari voluptas distinguique.');
INSERT INTO Review(createdAt,createdBy,role,salary,rating,summary,bestPart,worstPart) VALUES ('2024-09-12 05:30:56',53,22,480.44,3,'Inter nos de litteris, quarum summum erat in utroque studium, deinde Torquatus.','Quod videamus esse finitum. In dialectica autem vestra nullam.','Sum, debeo profecto, quantumcumque possum, in eo filio adhibuit, quem in adoptionem D. Silano emancipaverat, ut eum Macedonum legatis accusantibus, quod pecunias praetorem in provincia cepisse arguerent, causam apud se dicere iuberet reque ex utraque parte.');
INSERT INTO Review(createdAt,createdBy,role,salary,rating,summary,bestPart,worstPart) VALUES ('2023-12-22 03:22:55',54,49,523.40,3,'Sit, aspernatur aut odit aut fugit, sed quia maiores consequatur. Eadem fortitudinis ratio reperietur. Nam neque laborum perfunctio neque perpessio dolorum per se ipsa esse contentam. Sed possunt haec quadam.','Lucifugi, maledici, monstruosi, alii autem etiam amaret, cotidieque inter nos de litteris, quarum summum erat in utroque studium, deinde Torquatus: Quoniam nacti te, inquit, sumus aliquando otiosum, certe audiam, quid.','Quo a nobis philosophia defensa et.');
INSERT INTO Review(createdAt,createdBy,role,salary,rating,summary,bestPart,worstPart) VALUES ('2024-01-09 04:18:27',55,66,538.79,4,'Etiam indoctum fuisse. Fieri, inquam, Triari, nullo pacto potest, ut non modo quid nobis probaretur, sed etiam quid a singulis philosophiae disciplinis diceretur, persecuti sumus. Ut autem a facillimis ordiamur, prima veniat in medium Epicuri ratio, quae plerisque notissima est. Quam a nobis sic.','Potest, nisi derigatur ad voluptatem, voluptas autem est sola, quae nos exhorrescere metu non sinat. Qua praeceptrice in tranquillitate vivi potest omnium cupiditatum ardore restincto. Cupiditates enim.','Homines, tot sententiae; falli igitur possumus. Quam ob rem tandem, inquit, non satisfacit? Te enim iudicem.');
INSERT INTO Review(createdAt,createdBy,role,salary,rating,summary,bestPart,worstPart) VALUES ('2024-01-17 00:32:49',56,6,495.79,5,'Posteri temporis. Quod quia nullo modo probantur, tamen Democritum laudatum a ceteris ab hoc, qui eum unum secutus esset, nollem vituperatum. Iam in altera philosophiae parte. Quae est quaerendi ac disserendi, quae logikh dicitur, iste vester plane, ut mihi quidem depravare videatur. Ille atomos.','Est, ob eamque causam propter voluptatem et.','Ad rem redeamus; de hominibus dici non.');
INSERT INTO Review(createdAt,createdBy,role,salary,rating,summary,bestPart,worstPart) VALUES ('2024-08-03 01:31:46',57,15,470.75,2,'Sint conversa de Graecis? Nam si concederetur, etiamsi ad corpus.','Utilitas omnisque puerilis est delectatio.','Incurrunt, sed intus etiam in animis inclusae inter se dissident atque discordant, ex quo.');
INSERT INTO Review(createdAt,createdBy,role,salary,rating,summary,bestPart,worstPart) VALUES ('2024-06-06 05:38:44',58,49,497.67,4,'Eumque motum atomorum nullo a principio, sed.','Bonum, fuisse desideraturam. Idcirco enim non desideraret, quia, quod dolore caret, id in voluptate est. Extremum autem esse bonorum voluptatem ex infinito tempore aetatis percipi posse, quam ex.','''Utinam ne in nemore . . .'' nihilo minus legimus quam hoc idem Graecum, quae autem de bene beateque vivendo a Platone disputata sunt, haec explicari non placebit Latine? Quid? Si nos non interpretum fungimur munere.');




INSERT INTO Coop(locationCity,locationState,locationCountry,title,description,company) VALUES ('Shawnee Mission','Kansas','United States','Content Writer','Qui nec facile efficere possit, quod conetur, nec optinere, si effecerit, et opes vel fortunae vel ingenii liberalitati magis conveniunt, qua qui utuntur, benivolentiam sibi conciliant et, quod aptissimum est ad cognitionem omnium.',1);
INSERT INTO Coop(locationCity,locationState,locationCountry,title,description,company) VALUES ('Boynton Beach','Florida','United States','Marketing Manager','Tum dicere exorsus est. Primum igitur, inquit, sic agam, ut ipsi auctori huius disciplinae placet: constituam, quid et quale sit id, de quo quaerimus.',2);
INSERT INTO Coop(locationCity,locationState,locationCountry,title,description,company) VALUES ('Anderson','South Carolina','United States','Business Analyst','Utens nihil quieti videre, nihil tranquilli potest. Quodsi vitam omnem continent, neglegentur? Nam, ut sint illa vendibiliora, haec uberiora certe sunt. Quamquam id quidem facio provocatus gratissimo mihi libro, quem.',3);
INSERT INTO Coop(locationCity,locationState,locationCountry,title,description,company) VALUES ('Tulsa','Oklahoma','United States','Web Developer','Finis inveniri potest. Quodsi vitam omnem perturbari videmus errore et inscientia, sapientiamque esse solam.',4);
INSERT INTO Coop(locationCity,locationState,locationCountry,title,description,company) VALUES ('Spartanburg','South Carolina','United States','Financial Analyst','Graecis quidem cedentem in philosophia audeam scribere? Quamquam a te ipso id quidem licebit iis existimare, qui legerint. Nos autem hanc omnem quaestionem de.',5);
INSERT INTO Coop(locationCity,locationState,locationCountry,title,description,company) VALUES ('Houston','Texas','United States','Human Resources Manager','Eos censes aut in liberos atque in sanguinem suum tam crudelis fuisse, nihil ut de utilitatibus, nihil ut de utilitatibus.',6);
INSERT INTO Coop(locationCity,locationState,locationCountry,title,description,company) VALUES ('Greensboro','North Carolina','United States','UX Designer','Infinito inani, in quo admirer, cur in gravissimis rebus non delectet eos sermo patrius, cum idem fabellas Latinas.',7);
INSERT INTO Coop(locationCity,locationState,locationCountry,title,description,company) VALUES ('Baton Rouge','Louisiana','United States','Project Manager','Qui dicant foedus esse quoddam sapientium, ut ne minus amicos quam se ipsos.',8);
INSERT INTO Coop(locationCity,locationState,locationCountry,title,description,company) VALUES ('Gainesville','Florida','United States','Project Manager','Quod sentiant non esse faciendum, ii voluptatem maximam adipiscuntur praetermittenda voluptate. Idem.',9);
INSERT INTO Coop(locationCity,locationState,locationCountry,title,description,company) VALUES ('Flushing','New York','United States','Social Media Specialist','Ut aliquam ex eo est consecutus? -- Laudem et caritatem, quae sunt vitae sine metu vivere. Quae est enim in vita tantopere quaerendum quam cum omnia in philosophia, tum id, quod ipsi statuerunt, non possunt, victi et debilitati obiecta specie voluptatis tradunt se libidinibus constringendos nec quid eventurum.',10);
INSERT INTO Coop(locationCity,locationState,locationCountry,title,description,company) VALUES ('Macon','Georgia','United States','Project Manager','Angere. Praeterea et appetendi et refugiendi et omnino rerum gerendarum initia proficiscuntur aut a voluptate aut in voluptate esse aut in voluptate esse aut in poetis evolvendis.',11);
INSERT INTO Coop(locationCity,locationState,locationCountry,title,description,company) VALUES ('Newport News','Virginia','United States','Content Writer','Duo quaerenda sint, unum, quae materia sit, ex qua quaeque res efficiatur, alterum, quae naturales essent nec tamen id, cuius causa haec finxerat, assecutus est. Nam si omnes atomi declinabunt, nullae umquam cohaerescent, sive aliae declinabunt.',12);
INSERT INTO Coop(locationCity,locationState,locationCountry,title,description,company) VALUES ('Akron','Ohio','United States','Financial Analyst','Negant posse a voluptate discedere. Nam cum.',13);
INSERT INTO Coop(locationCity,locationState,locationCountry,title,description,company) VALUES ('Moreno Valley','California','United States','DevOps Engineer','Explicatis, et, ut modo docui, cognitionis regula et iudicio ab eadem illa constituto veri a falso distinctio traditur. Restat locus huic disputationi vel maxime necessarius de amicitia, quam, si voluptas summum sit bonum, affirmatis nullam omnino fore. De qua Epicurus quidem ita dicit, omnium.',14);
INSERT INTO Coop(locationCity,locationState,locationCountry,title,description,company) VALUES ('Denver','Colorado','United States','UX Designer','Labor. Iis igitur est non miser. Accedit etiam mors, quae quasi titillaret sensus, ut ita ruant itaque turbent, ut earum motus et impetus quo pertineant non intellegamus, tu tam egregios viros censes tantas res gessisse sine causa? Quae fuerit causa, mox videro.',15);
INSERT INTO Coop(locationCity,locationState,locationCountry,title,description,company) VALUES ('Simi Valley','California','United States','Marketing Manager','Esse, verum etiam summam voluptatem. Quisquis enim sentit, quem ad modum temeritas et libido et ignavia semper animum excruciant et semper sollicitant turbulentaeque sunt, sic ut plura.',16);
INSERT INTO Coop(locationCity,locationState,locationCountry,title,description,company) VALUES ('Stockton','California','United States','DevOps Engineer','Facultas, ut id apte fieri possit, ut ab Homero Ennius, Afranius.',17);
INSERT INTO Coop(locationCity,locationState,locationCountry,title,description,company) VALUES ('El Paso','Texas','United States','Account Executive','Et mortem contemnit, qua qui utuntur, benivolentiam sibi conciliant et, quod aptissimum est ad quiete vivendum, caritatem, praesertim.',18);
INSERT INTO Coop(locationCity,locationState,locationCountry,title,description,company) VALUES ('Washington','District of Columbia','United States','Project Manager','Voluptas sit non dolere. Sed ut.',19);
INSERT INTO Coop(locationCity,locationState,locationCountry,title,description,company) VALUES ('Boynton Beach','Florida','United States','Research Scientist','Et gravissimas res consilio ipsius et ratione administrari neque maiorem voluptatem ex hoc facillime perspici potest: Constituamus aliquem magnis, multis, perpetuis fruentem et animo et corpore voluptatibus nullo dolore nec impediente nec inpendente, quem tandem hoc.',20);
INSERT INTO Coop(locationCity,locationState,locationCountry,title,description,company) VALUES ('Topeka','Kansas','United States','Social Media Specialist','Quae qualisque sit, ut tollatur error omnis imperitorum intellegaturque ea, quae dicta sunt ab iis quos probamus, eisque nostrum iudicium et nostrum scribendi ordinem adiungimus, quid habent, cur.',21);
INSERT INTO Coop(locationCity,locationState,locationCountry,title,description,company) VALUES ('Huntington','West Virginia','United States','Social Media Specialist','Reliqui nihil est, necesse est, quid aut ad miseram vitam afferre momenti quam eorum utrumvis, si aeque diu sit in.',22);
INSERT INTO Coop(locationCity,locationState,locationCountry,title,description,company) VALUES ('Atlanta','Georgia','United States','Content Writer','Cur in gravissimis rebus non delectet eos sermo patrius, cum idem fabellas Latinas ad verbum e Graecis expressas non inviti.',23);
INSERT INTO Coop(locationCity,locationState,locationCountry,title,description,company) VALUES ('Saint Louis','Missouri','United States','Data Scientist','Oportere exquisitis rationibus confirmare, tantum satis esse admonere. Interesse enim inter argumentum conclusionemque rationis et inter mediocrem animadversionem atque admonitionem. Altera occulta quaedam et horrida, de malis Graecis Latine scripta deterius. Quibus.',24);
INSERT INTO Coop(locationCity,locationState,locationCountry,title,description,company) VALUES ('Minneapolis','Minnesota','United States','Quality Assurance Tester','Causa peccandi. Quae enim cupiditates a natura ipsa iudicari. Ea quid percipit aut quid.',25);
INSERT INTO Coop(locationCity,locationState,locationCountry,title,description,company) VALUES ('Milwaukee','Wisconsin','United States','Product Manager','Consuetudine adamare solemus, quanto id in voluptate aut in dolore, sed in his rebus peccant, cum.',26);
INSERT INTO Coop(locationCity,locationState,locationCountry,title,description,company) VALUES ('Pasadena','California','United States','Account Executive','Exercendi aut venandi consuetudine adamare solemus, quanto id in hominum.',27);
INSERT INTO Coop(locationCity,locationState,locationCountry,title,description,company) VALUES ('Boise','Idaho','United States','Financial Analyst','Hanc ego cum teneam sententiam, quid est enim in vita tantopere.',28);
INSERT INTO Coop(locationCity,locationState,locationCountry,title,description,company) VALUES ('Birmingham','Alabama','United States','Human Resources Manager','Eum unum secutus esset, nollem vituperatum. Iam in altera philosophiae parte. Quae est quaerendi ac disserendi, quae logikh dicitur, iste vester plane, ut mihi.',29);
INSERT INTO Coop(locationCity,locationState,locationCountry,title,description,company) VALUES ('Miami','Florida','United States','DevOps Engineer','Apud Veserim propter voluptatem; cum autem.',30);
INSERT INTO Coop(locationCity,locationState,locationCountry,title,description,company) VALUES ('Nashville','Tennessee','United States','Graphic Designer','Atque corrupti, quos dolores et.',31);
INSERT INTO Coop(locationCity,locationState,locationCountry,title,description,company) VALUES ('Austin','Texas','United States','Social Media Specialist','Continent, neglegentur? Nam, ut sint illa vendibiliora, haec uberiora certe sunt. Quamquam id quidem facio provocatus gratissimo mihi libro, quem ad modum eae semper voluptatibus inhaererent, eadem de.',32);
INSERT INTO Coop(locationCity,locationState,locationCountry,title,description,company) VALUES ('Sioux Falls','South Dakota','United States','Network Engineer','Sunt, iis parendum non est. Nihil enim desiderabile concupiscunt, plusque in ipsa iniuria detrimenti est quam in iis corrigere voluit, deteriora fecit. Disserendi artem nullam habuit.',33);
INSERT INTO Coop(locationCity,locationState,locationCountry,title,description,company) VALUES ('Birmingham','Alabama','United States','UX Designer','Et tibi probatus videretur et iis, quos modo.',34);
INSERT INTO Coop(locationCity,locationState,locationCountry,title,description,company) VALUES ('San Diego','California','United States','Graphic Designer','Voluptatibus maiores alias consequatur aut perferendis doloribus asperiores repellat. Hanc.',35);
INSERT INTO Coop(locationCity,locationState,locationCountry,title,description,company) VALUES ('Kansas City','Missouri','United States','Project Manager','Posteri temporis. Quod quia nullo modo poterimus sensuum iudicia defendere. Quicquid porro animo cernimus.',36);
INSERT INTO Coop(locationCity,locationState,locationCountry,title,description,company) VALUES ('Los Angeles','California','United States','Human Resources Manager','In eorum vita nulla est intercapedo molestiae. Igitur neque stultorum quisquam beatus neque sapientium non beatus. Multoque hoc melius nos veriusque quam Stoici. Illi enim negant esse bonum quicquam nisi nescio quam illam umbram, quod appellant honestum non tam solido quam splendido nomine, virtutem autem nixam hoc honesto nullam requirere voluptatem atque.',37);
INSERT INTO Coop(locationCity,locationState,locationCountry,title,description,company) VALUES ('Cincinnati','Ohio','United States','Graphic Designer','Malo quam interrogare aut interrogari. Ut placet, inquam. Tum dicere exorsus est. Primum igitur, inquit, sic agam, ut.',38);
INSERT INTO Coop(locationCity,locationState,locationCountry,title,description,company) VALUES ('Glendale','California','United States','Data Scientist','Scientia tollitur omnis ratio et vitae degendae et rerum gerendarum. Sic e physicis et fortitudo sumitur contra mortis timorem et constantia contra metum religionis et sedatio animi omnium rerum occultarum ignoratione sublata et moderatio natura cupiditatum generibusque earum explicatis, et, ut modo docui, cognitionis regula et iudicio ab.',39);
INSERT INTO Coop(locationCity,locationState,locationCountry,title,description,company) VALUES ('Oklahoma City','Oklahoma','United States','UX Designer','Anteponant iis, quae et terroribus cupiditatibusque detractis et omnium falsarum opinionum temeritate derepta certissimam se nobis ducem praebeat ad voluptatem. Sapientia enim est a Chrysippo praetermissum in Stoicis? Legimus tamen Diogenem, Antipatrum, Mnesarchum, Panaetium, multos alios in primisque familiarem nostrum Posidonium. Quid? Theophrastus mediocriterne delectat, cum tractat locos ab Aristotele ante tractatos?',40);
INSERT INTO Coop(locationCity,locationState,locationCountry,title,description,company) VALUES ('Louisville','Kentucky','United States','Business Analyst','Pueros non didicisse turpe est, ea putant usque ad senectutem esse discenda. Quae cum tota res (est) ficta pueriliter, tum ne efficit quidem, quod vult. Nam et praeterita et futura. Ut enim virtutes, de quibus ante dictum est, sic amicitiam negant posse.',41);
INSERT INTO Coop(locationCity,locationState,locationCountry,title,description,company) VALUES ('Seattle','Washington','United States','Social Media Specialist','Qui eam disciplinam probant, non soleat accuratius.',42);
INSERT INTO Coop(locationCity,locationState,locationCountry,title,description,company) VALUES ('Santa Barbara','California','United States','Financial Analyst','Dolere, primum tibi recte, Chrysippe, concessum est nihil ad iucunde vivendum reperiri posse, quod coniunctione tali sit aptius.',43);
INSERT INTO Coop(locationCity,locationState,locationCountry,title,description,company) VALUES ('Los Angeles','California','United States','Sales Associate','Eo quoque elaborare, ut sint opera, studio, labore.',44);
INSERT INTO Coop(locationCity,locationState,locationCountry,title,description,company) VALUES ('Washington','District of Columbia','United States','DevOps Engineer','Senectutem esse discenda. Quae cum tota res (est) ficta pueriliter, tum ne efficit quidem.',45);
INSERT INTO Coop(locationCity,locationState,locationCountry,title,description,company) VALUES ('Flushing','New York','United States','Software Engineer','Sed do eiusmod tempor incididunt ut labore et dolore disputandum putant. Sed ut omittam pericula, labores, dolorem etiam, quem optimus quisque pro patria et.',46);
INSERT INTO Coop(locationCity,locationState,locationCountry,title,description,company) VALUES ('Miami','Florida','United States','Graphic Designer','Sed existimo te, sicut nostrum Triarium, minus ab eo dissentiunt, sed certe non probes, eum quem ego arbitror unum vidisse verum maximisque erroribus animos hominum liberavisse et omnia tradidisse, quae pertinerent ad bene beateque vivendo a.',47);
INSERT INTO Coop(locationCity,locationState,locationCountry,title,description,company) VALUES ('Baton Rouge','Louisiana','United States','Content Writer','Confirmare, tantum satis esse admonere. Interesse enim inter argumentum conclusionemque rationis et inter mediocrem animadversionem atque admonitionem. Altera occulta quaedam et quasi involuta aperiri, altera prompta et aperta iudicari. Etenim quoniam detractis de homine sensibus reliqui.',48);
INSERT INTO Coop(locationCity,locationState,locationCountry,title,description,company) VALUES ('Saint Louis','Missouri','United States','DevOps Engineer','Nec inpendente, quem tandem hoc statu praestabiliorem aut magis expetendum possimus dicere? Inesse enim necesse est aut in dolore, sed in his rebus peccant, cum e quibus haec efficiantur ignorant. Animi autem voluptates et dolores animi quam corporis. Nam corpore nihil nisi praesens et quod quaeritur saepe, cur.',49);
INSERT INTO Coop(locationCity,locationState,locationCountry,title,description,company) VALUES ('Lexington','Kentucky','United States','Financial Analyst','Posset nec ulla pars vacuitate doloris sine iucundo motu voluptatis. Sin autem summa voluptas est, ut omne, quo.',50);
INSERT INTO Coop(locationCity,locationState,locationCountry,title,description,company) VALUES ('Silver Spring','Maryland','United States','Project Manager','Quae audiebamus, conferebamus, neque erat umquam controversia, quid ego intellegerem, sed quid probarem. Quid igitur est? Inquit; audire enim cupio, quid non.',51);
INSERT INTO Coop(locationCity,locationState,locationCountry,title,description,company) VALUES ('Sarasota','Florida','United States','Project Manager','Fruitur praesentibus ab iisque M. Brutus dissentiet -- quod et acutum genus est et ab antiquis, ad arbitrium suum scribere? Quodsi Graeci leguntur a Graecis isdem de rebus alia ratione compositis, quid est, quod nullam eruditionem esse duxit, nisi quae beatae vitae dicta sunt, quem ad me in Cumanum salutandi causa uterque venisset, pauca primo inter.',52);
INSERT INTO Coop(locationCity,locationState,locationCountry,title,description,company) VALUES ('Sacramento','California','United States','Content Writer','Ea commodi consequatur? Quis autem vel eum iure reprehenderit, qui in una.',53);
INSERT INTO Coop(locationCity,locationState,locationCountry,title,description,company) VALUES ('Lakewood','Washington','United States','Marketing Manager','Nullo dolore nec impediente nec inpendente, quem tandem hoc statu praestabiliorem aut magis expetendum possimus dicere? Inesse enim necesse est aut fastidii delicatissimi. Mihi.',54);
INSERT INTO Coop(locationCity,locationState,locationCountry,title,description,company) VALUES ('Winston Salem','North Carolina','United States','Network Engineer','Quantumcumque possum, in eo essent. Quae cum dixisset, Explicavi, inquit.',55);
INSERT INTO Coop(locationCity,locationState,locationCountry,title,description,company) VALUES ('Seattle','Washington','United States','Sales Associate','Corrupisti nec segniorem ad respondendum reddidisti. Quorum facta quem ad modum affecta nunc est, desiderat?'' -- Nihil sane. -- ''At, si voluptas esset bonum, fuisse desideraturam. Idcirco enim non desideraret.',56);
INSERT INTO Coop(locationCity,locationState,locationCountry,title,description,company) VALUES ('New Bedford','Massachusetts','United States','Social Media Specialist','Etiam praetereat omnes voluptates, dolores denique quosvis suscipere malit quam deserere ullam officii partem, ad ea, quae hoc non minus declarant.',57);
INSERT INTO Coop(locationCity,locationState,locationCountry,title,description,company) VALUES ('Anniston','Alabama','United States','UX Designer','Nasci fatemur e corporis voluptatibus et doloribus -- itaque concedo, quod modo dicebas, cadere causa, si qui e nostris aliter existimant, quos quidem video minime esse deterritum. Quae cum dixisset, Explicavi, inquit, sententiam meam, et eo.',58);
INSERT INTO Coop(locationCity,locationState,locationCountry,title,description,company) VALUES ('New Haven','Connecticut','United States','Sales Associate','Natura, ut ait ille, sciscat et probet, id est voluptatem et dolorem? Sunt autem.',59);
INSERT INTO Coop(locationCity,locationState,locationCountry,title,description,company) VALUES ('Jersey City','New Jersey','United States','Network Engineer','Finis, quid extremum, quid ultimum, quo sint omnia bene vivendi recteque faciendi consilia referenda, quid sequatur natura ut.',60);
INSERT INTO Coop(locationCity,locationState,locationCountry,title,description,company) VALUES ('Montpelier','Vermont','United States','Account Executive','Est, ob eamque causam propter voluptatem et dolorem? Sunt autem quidam e nostris, et scribentur fortasse plura, si vita suppetet; et tamen, qui diligenter haec, quae vitam omnem continent, neglegentur?',61);
INSERT INTO Coop(locationCity,locationState,locationCountry,title,description,company) VALUES ('Naples','Florida','United States','Human Resources Manager','Mortis timorem et constantia contra metum religionis et sedatio animi omnium rerum occultarum ignoratione sublata et.',62);
INSERT INTO Coop(locationCity,locationState,locationCountry,title,description,company) VALUES ('Houston','Texas','United States','Account Executive','Summum esse bonum iucunde vivere. Id qui in ea voluptate velit esse cillum dolore eu fugiat nulla pariatur. Excepteur sint occaecat cupidatat non proident, sunt in culpa qui.',63);
INSERT INTO Coop(locationCity,locationState,locationCountry,title,description,company) VALUES ('Washington','District of Columbia','United States','Financial Analyst','Quae expectamus, sic laetamur iis, quae et terroribus cupiditatibusque detractis et omnium falsarum opinionum temeritate.',64);
INSERT INTO Coop(locationCity,locationState,locationCountry,title,description,company) VALUES ('Santa Fe','New Mexico','United States','Network Engineer','Etiam ac ratione intellegi posse et voluptatem pleniorem efficit. Itaque non ob ea solum incommoda, quae eveniunt inprobis, fugiendam inprobitatem putamus, sed multo magis vita et factis et moribus comprobavit. Quod quam magnum sit fictae veterum fabulae declarant, in quibus sequitur Democritum, non fere labitur. Quamquam utriusque cum multa non probo, tum.',65);
INSERT INTO Coop(locationCity,locationState,locationCountry,title,description,company) VALUES ('Sacramento','California','United States','Systems Administrator','Ab Hortensio. Qui liber cum et tibi probatus videretur et iis, quos ego posse iudicare arbitrarer, plura suscepi veritus ne movere hominum studia viderer, retinere non posse.',66);
INSERT INTO Coop(locationCity,locationState,locationCountry,title,description,company) VALUES ('Carlsbad','California','United States','UX Designer','Ipsum nullam ad aliam rem, ad id autem res referuntur omnes, fatendum est summum esse bonum iucunde vivere. Id qui in ea voluptate velit esse, quam nihil praetermittatur quod vitam adiuvet, quo facilius id, quod maxime placeat, facere possimus, omnis voluptas assumenda est, omnis dolor repellendus. Temporibus autem quibusdam et aut officiis debitis aut rerum necessitatibus.',67);
INSERT INTO Coop(locationCity,locationState,locationCountry,title,description,company) VALUES ('Tulsa','Oklahoma','United States','Marketing Manager','Arbitrarer, plura suscepi veritus ne movere hominum studia viderer, retinere non.',68);
INSERT INTO Coop(locationCity,locationState,locationCountry,title,description,company) VALUES ('Boston','Massachusetts','United States','Social Media Specialist','Amorem efflorescere tantum, ut, etiamsi nulla sit causa peccandi. Quae enim cupiditates a natura ipsa iudicari. Ea quid percipit aut quid malum, sensu iudicari, sed animo etiam ac ratione intellegi posse et voluptatem.',69);
INSERT INTO Coop(locationCity,locationState,locationCountry,title,description,company) VALUES ('West Palm Beach','Florida','United States','Graphic Designer','Prompta et aperta iudicari. Etenim quoniam detractis de homine sensibus reliqui nihil est, necesse est, non satis politus iis artibus, quas qui tenent, eruditi appellantur -- aut ne deterruisset alios a studiis. Quamquam te quidem video minime esse deterritum. Quae cum tota.',70);
INSERT INTO Coop(locationCity,locationState,locationCountry,title,description,company) VALUES ('Seattle','Washington','United States','Data Scientist','Sed stare etiam oportet in eo, quod semel admissum coerceri reprimique non potest, ut propemodum iustioribus utamur illis, qui omnino avocent.',71);
INSERT INTO Coop(locationCity,locationState,locationCountry,title,description,company) VALUES ('Scranton','Pennsylvania','United States','Financial Analyst','Videamus esse finitum. In dialectica autem vestra nullam existimavit esse nec ad commodius disserendum viam. In physicis plurimum posuit. Ea scientia et.',72);
INSERT INTO Coop(locationCity,locationState,locationCountry,title,description,company) VALUES ('Miami','Florida','United States','Financial Analyst','''fodere aut arare aut aliquid ferre denique'' -- non enim illum ab industria, sed ab inliberali labore deterret --, sic isti curiosi, quos offendit noster minime nobis iniucundus labor. Iis igitur est difficilius.',73);
INSERT INTO Coop(locationCity,locationState,locationCountry,title,description,company) VALUES ('Valley Forge','Pennsylvania','United States','Business Analyst','Se laetitiam, id est voluptatem et dolorem? Sunt autem quidam e nostris, et scribentur fortasse plura, si vita suppetet; et tamen, qui diligenter haec, quae vitam omnem continent.',74);
INSERT INTO Coop(locationCity,locationState,locationCountry,title,description,company) VALUES ('San Diego','California','United States','Human Resources Manager','Voluptaria, delicata, mollis habeatur disciplina, quam gravis, quam continens, quam severa sit. Non enim hanc solam sequimur, quae suavitate aliqua naturam ipsam movet et cum iucunditate quadam percipitur sensibus, sed maximam voluptatem illam habemus, quae percipitur omni dolore careret, non.',75);
INSERT INTO Coop(locationCity,locationState,locationCountry,title,description,company) VALUES ('Saint Petersburg','Florida','United States','Data Scientist','Terminatas habet; inanium autem cupiditatum nec modus est neque honoris neque imperii nec libidinum nec epularum nec reliquarum cupiditatum, quas nulla praeda umquam improbe parta minuit, sed potius inflammat, ut coercendi magis quam dedocendi esse videantur. Invitat igitur vera ratio bene sanos ad iustitiam, aequitatem, fidem, neque homini.',76);
INSERT INTO Coop(locationCity,locationState,locationCountry,title,description,company) VALUES ('Lynchburg','Virginia','United States','Project Manager','Stulti autem malorum memoria torquentur, sapientes bona praeterita grata recordatione renovata delectant. Est autem.',77);
INSERT INTO Coop(locationCity,locationState,locationCountry,title,description,company) VALUES ('Oklahoma City','Oklahoma','United States','Systems Administrator','Facere possimus, omnis voluptas assumenda est, omnis dolor repellendus. Temporibus autem quibusdam et aut.',78);
INSERT INTO Coop(locationCity,locationState,locationCountry,title,description,company) VALUES ('Inglewood','California','United States','Product Manager','Qua ante quam nati, et ad corpus nihil referatur, ista sua sponte et per se ipsam causam non multo maiores esse et voluptates et dolores nasci fatemur e corporis voluptatibus et doloribus .',79);
INSERT INTO Coop(locationCity,locationState,locationCountry,title,description,company) VALUES ('Amarillo','Texas','United States','Financial Analyst','Erunt etiam, et ii quidem eruditi Graecis litteris, contemnentes Latinas, qui.',80);
INSERT INTO Coop(locationCity,locationState,locationCountry,title,description,company) VALUES ('Rockford','Illinois','United States','Project Manager','Sed ut perspiciatis, unde omnis iste natus error sit voluptatem accusantium doloremque laudantium, totam rem aperiam eaque ipsa, quae tibi probarentur; si qua in iis rebus emolumenti, quae pariuntur iniuria. Itaque ne iustitiam quidem recte quis dixerit per se esse fugiendum. Itaque.',81);
INSERT INTO Coop(locationCity,locationState,locationCountry,title,description,company) VALUES ('San Francisco','California','United States','Software Engineer','Intercapedo molestiae. Igitur neque stultorum quisquam.',82);
INSERT INTO Coop(locationCity,locationState,locationCountry,title,description,company) VALUES ('Little Rock','Arkansas','United States','Content Writer','Iracundia aut pertinacia recte disputari potest. Sed ad rem redeamus; de hominibus dici non modo.',83);
INSERT INTO Coop(locationCity,locationState,locationCountry,title,description,company) VALUES ('Colorado Springs','Colorado','United States','Product Manager','Doloribus -- itaque concedo, quod modo dicebas.',84);
INSERT INTO Coop(locationCity,locationState,locationCountry,title,description,company) VALUES ('Memphis','Tennessee','United States','Software Engineer','Si cuius in mente consedit, hoc ipso, quod adest, turbulenta est; si vero molita quippiam est, quamvis occulte fecerit, numquam tamen id volunt fieri, difficilem quandam temperantiam postulant in eo, quod semel admissum coerceri reprimique non potest, ut errem.',85);
INSERT INTO Coop(locationCity,locationState,locationCountry,title,description,company) VALUES ('Whittier','California','United States','DevOps Engineer','Quid ei reliquisti, nisi te.',86);
INSERT INTO Coop(locationCity,locationState,locationCountry,title,description,company) VALUES ('Los Angeles','California','United States','Graphic Designer','Cum eas voluptates, quae ad amicos pertinerent, negarent esse per se ipsa.',87);
INSERT INTO Coop(locationCity,locationState,locationCountry,title,description,company) VALUES ('Norwalk','Connecticut','United States','UX Designer','Uti oratione perpetua malo quam interrogare.',88);
INSERT INTO Coop(locationCity,locationState,locationCountry,title,description,company) VALUES ('Bakersfield','California','United States','Social Media Specialist','Reprehensiones incurreret. Nam quibusdam, et iis quidem non admodum indoctis, totum hoc displicet philosophari. Quidam autem non tam id reprehendunt, si remissius agatur, sed tantum studium tamque multam operam ponendam in eo filio adhibuit, quem in adoptionem D. Silano emancipaverat, ut eum Macedonum legatis.',89);
INSERT INTO Coop(locationCity,locationState,locationCountry,title,description,company) VALUES ('Kansas City','Missouri','United States','Sales Associate','Atomum sine causa; quo nihil nec summum nec infimum nec medium nec ultimum nec extremum sit, ita ferri, ut concursionibus inter se reprehensiones non.',90);
INSERT INTO Coop(locationCity,locationState,locationCountry,title,description,company) VALUES ('New York City','New York','United States','Software Engineer','Et splendore nominis capti quid natura postulet non intellegunt, errore maximo.',91);
INSERT INTO Coop(locationCity,locationState,locationCountry,title,description,company) VALUES ('Indianapolis','Indiana','United States','Software Engineer','Patria et pro suis suscipit, ut non plus voluptatum habeat quam dolorum. Nam et ipsa declinatio ad libidinem fingitur -- ait enim declinare atomum.',92);
INSERT INTO Coop(locationCity,locationState,locationCountry,title,description,company) VALUES ('Kansas City','Missouri','United States','Sales Associate','Neque enim tempus est ullum, quo non plus habeat sapiens, quod gaudeat, quam quod angatur. Optime vero Epicurus, quod exiguam dixit fortunam intervenire sapienti.',93);
INSERT INTO Coop(locationCity,locationState,locationCountry,title,description,company) VALUES ('Knoxville','Tennessee','United States','UX Designer','Ita putant dici ab illo, recta et honesta quae sint, ea facere ipsa per se laetitiam, id est voluptatem et dolorem? Sunt autem quidam e nostris, et scribentur fortasse plura, si vita suppetet; et tamen, qui.',94);
INSERT INTO Coop(locationCity,locationState,locationCountry,title,description,company) VALUES ('Norfolk','Virginia','United States','Graphic Designer','Fieri possit, ut ab Homero Ennius, Afranius a Menandro solet. Nec vero, ut noster Lucilius, recusabo, quo minus id, quod propositum est, summum bonum in voluptate velit esse cillum dolore eu fugiat nulla pariatur. Excepteur sint occaecat cupidatat non proident, sunt in culpa qui officia deserunt mollitia animi, id est et dolore.',95);
INSERT INTO Coop(locationCity,locationState,locationCountry,title,description,company) VALUES ('Worcester','Massachusetts','United States','UX Designer','Consul cum Cn. Octavio fuit, cum illam severitatem in eo filio adhibuit, quem in adoptionem D. Silano emancipaverat, ut eum Macedonum legatis accusantibus, quod pecunias praetorem in provincia cepisse arguerent, causam apud se.',96);
INSERT INTO Coop(locationCity,locationState,locationCountry,title,description,company) VALUES ('Philadelphia','Pennsylvania','United States','Data Scientist','Novum vicinum non vult ''fodere aut arare aut aliquid ferre denique.',97);
INSERT INTO Coop(locationCity,locationState,locationCountry,title,description,company) VALUES ('Punta Gorda','Florida','United States','Sales Associate','Bene noris. Nisi mihi Phaedrum, inquam, tu mentitum aut Zenonem putas, quorum utrumque audivi, cum miraretur ille quidem utrumque, Phaedrum autem etiam amatoriis levitatibus dediti, alii petulantes, alii audaces, protervi, idem intemperantes et ignavi, numquam in sententia permanentes, quas ob causas in eorum vita nulla est intercapedo molestiae. Igitur neque stultorum quisquam.',98);
INSERT INTO Coop(locationCity,locationState,locationCountry,title,description,company) VALUES ('Billings','Montana','United States','Systems Administrator','Malum dolorem, idque instituit docere sic: Omne animal, simul atque natum sit, voluptatem appetere eaque gaudere ut summo bono, dolorem aspernari ut summum ex.',99);
INSERT INTO Coop(locationCity,locationState,locationCountry,title,description,company) VALUES ('Milwaukee','Wisconsin','United States','Graphic Designer','Cur tam multi sint Epicurei, sunt aliae quoque causae, sed multitudinem haec maxime allicit, quod ita putant dici ab illo, recta et honesta quae sint, ea facere ipsa per se laetitiam, id est voluptatem. Homines optimi non intellegunt totam rationem everti, si.',100);
  


INSERT INTO SummaryReport(averageRating,generatedSummary,company,generatedBy,updatedBy) VALUES (2,'Reiciendis voluptatibus maiores alias consequatur aut perferendis doloribus asperiores repellat. Hanc ego cum teneam sententiam, quid est cur verear, ne ad eam non possim accommodare Torquatos nostros? Quos tu paulo ante cum memoriter, tum etiam erga nos amice et benivole collegisti, nec me tamen laudandis maioribus meis corrupisti nec segniorem ad respondendum.',20,30,30);
INSERT INTO SummaryReport(averageRating,generatedSummary,company,generatedBy,updatedBy) VALUES (5,'Impedit, quo minus id, quod his libris quaeritur, qui sit finis, quid extremum, quid ultimum, quo sint omnia bene vivendi recteque faciendi consilia referenda.',97,29,29);
INSERT INTO SummaryReport(averageRating,generatedSummary,company,generatedBy,updatedBy) VALUES (1.5,'Non eram nescius, Brute, cum, quae summis ingeniis.',21,32,32);
INSERT INTO SummaryReport(averageRating,generatedSummary,company,generatedBy,updatedBy) VALUES (4,'Altera philosophiae parte. Quae est quaerendi ac disserendi, quae logikh dicitur, iste vester plane, ut mihi quidem nulli satis eruditi videntur, quibus nostra ignota sunt. An ''Utinam ne in nemore . . .'' nihilo minus legimus quam hoc idem Graecum.',5,20,20);
INSERT INTO SummaryReport(averageRating,generatedSummary,company,generatedBy,updatedBy) VALUES (2.5,'Quae autem inanes sunt, iis parendum.',9,39,39);
INSERT INTO SummaryReport(averageRating,generatedSummary,company,generatedBy,updatedBy) VALUES (4,'Quid habent, cur Graeca anteponant iis, quae recordamur. Stulti autem malorum memoria torquentur, sapientes bona praeterita non meminerunt, praesentibus non fruuntur, futura modo expectant, quae quia certa esse non possunt et, si.',79,4,4);
INSERT INTO SummaryReport(averageRating,generatedSummary,company,generatedBy,updatedBy) VALUES (1.5,'Afflueret et illaberetur, nec manus esse contenta posset nec ulla pars vacuitate doloris sine iucundo motu voluptatis. Sin autem summa voluptas est, ut necessariae nec opera multa nec.',42,6,6);
INSERT INTO SummaryReport(averageRating,generatedSummary,company,generatedBy,updatedBy) VALUES (4,'Corpore voluptatibus nullo dolore nec impediente nec inpendente, quem tandem hoc statu praestabiliorem aut magis expetendum possimus dicere? Inesse enim necesse est in Ceramico Chrysippi sedentis porrecta manu, quae manus significet illum in hae esse rogatiuncula delectatum: ''Numquidnam manus tua sic affecta, quem ad modum, quaeso, interpretaris? Sicine.',42,8,8);
INSERT INTO SummaryReport(averageRating,generatedSummary,company,generatedBy,updatedBy) VALUES (3.5,'Sit, quae quidque efficiat, de materia disseruerunt, vim et causam efficiendi reliquerunt. Sed hoc commune vitium, illae Epicuri propriae ruinae: censet enim eadem illa.',74,11,11);
INSERT INTO SummaryReport(averageRating,generatedSummary,company,generatedBy,updatedBy) VALUES (4,'Naturalem omnium ponderum, ut ipse constituit, e regione ferrentur et, ut modo docui, cognitionis regula et iudicio ab eadem illa constituto veri a falso.',57,29,29);
INSERT INTO SummaryReport(averageRating,generatedSummary,company,generatedBy,updatedBy) VALUES (4,'Quo minus id, quod ipsi statuerunt, non possunt, victi et.',74,17,17);
INSERT INTO SummaryReport(averageRating,generatedSummary,company,generatedBy,updatedBy) VALUES (2,'Severa sit. Non enim hanc solam sequimur, quae suavitate aliqua naturam ipsam movet.',2,3,3);
INSERT INTO SummaryReport(averageRating,generatedSummary,company,generatedBy,updatedBy) VALUES (5,'Esse contentam. Sed possunt haec quadam ratione dici non necesse est. Tribus igitur modis video esse multos, sed imperitos --, quamquam autem et praeterita grate meminit et praesentibus ita potitur, ut animadvertat quanta sint ea quamque iucunda, neque pendet ex futuris, sed expectat illa, fruitur praesentibus ab iisque.',43,18,18);
INSERT INTO SummaryReport(averageRating,generatedSummary,company,generatedBy,updatedBy) VALUES (4.5,'Omnem sibi fidem sensibus confirmat, id est corpora individua propter soliditatem, censet in infinito.',55,29,29);
INSERT INTO SummaryReport(averageRating,generatedSummary,company,generatedBy,updatedBy) VALUES (3.5,'Dicemus, sed quia maiores consequatur. Eadem fortitudinis ratio reperietur. Nam neque laborum perfunctio neque perpessio dolorum per se ipsas tam expetendas, quam nostras expeteremus, quo loco videtur quibusdam stabilitas amicitiae vacillare, tuentur tamen eum locum seque facile, ut mihi videtur, expediunt. Ut enim ad sapientiam perveniri potest, non.',46,18,18);
INSERT INTO SummaryReport(averageRating,generatedSummary,company,generatedBy,updatedBy) VALUES (5,'Quod intellegam; et tamen in quibusdam neque pecuniae modus est ullus investigandi.',86,2,2);
INSERT INTO SummaryReport(averageRating,generatedSummary,company,generatedBy,updatedBy) VALUES (2.5,'Quod tenere atque servare id, quod maxime placeat, facere possimus, omnis voluptas.',82,24,24);
INSERT INTO SummaryReport(averageRating,generatedSummary,company,generatedBy,updatedBy) VALUES (4.5,'Penitus perdiderunt, sic robustus animus et a spe pariendarum voluptatum seiungi non potest. Atque ut odia.',44,14,14);
INSERT INTO SummaryReport(averageRating,generatedSummary,company,generatedBy,updatedBy) VALUES (3.5,'Eos censes aut in dolore. Omnis autem privatione doloris putat Epicurus terminari summam voluptatem, ut ea maior sit, si nihil efficeret; nunc expetitur, quod.',76,18,18);
INSERT INTO SummaryReport(averageRating,generatedSummary,company,generatedBy,updatedBy) VALUES (2.5,'Esse omnium corporum motum. Deinde ibidem homo acutus, cum illud.',48,34,34);
INSERT INTO SummaryReport(averageRating,generatedSummary,company,generatedBy,updatedBy) VALUES (2,'Dolores ita paratus est, ut meminerit maximos morte finiri, parvos multa habere intervalla requietis, mediocrium nos esse dominos, ut, si tolerabiles sint, feramus, si minus, animo aequo e vita, cum ea non placeat, tamquam e theatro exeamus. Quibus rebus.',36,23,23);
INSERT INTO SummaryReport(averageRating,generatedSummary,company,generatedBy,updatedBy) VALUES (5,'Etiam amatoriis levitatibus dediti, alii petulantes, alii audaces, protervi, idem intemperantes et ignavi, numquam in sententia permanentes, quas ob causas in eorum vita nulla est intercapedo molestiae. Igitur neque stultorum quisquam beatus neque sapientium non beatus. Multoque hoc melius nos veriusque quam Stoici. Illi.',1,11,11);
INSERT INTO SummaryReport(averageRating,generatedSummary,company,generatedBy,updatedBy) VALUES (1.5,'Arare aut aliquid ferre denique'' -- non enim illum ab.',63,12,12);
INSERT INTO SummaryReport(averageRating,generatedSummary,company,generatedBy,updatedBy) VALUES (3,'Declarant, sed videntur leviora, veniamus. Quid tibi, Torquate, quid huic Triario litterae, quid historiae cognitioque rerum, quid poetarum evolutio, quid tanta tot versuum memoria voluptatis affert? Nec mihi illud dixeris: ''Haec enim ipsa mihi sunt voluptati.',7,33,33);
INSERT INTO SummaryReport(averageRating,generatedSummary,company,generatedBy,updatedBy) VALUES (4,'Consequamur? Clamat Epicurus, is quem vos nimis voluptatibus esse.',95,13,13);
INSERT INTO SummaryReport(averageRating,generatedSummary,company,generatedBy,updatedBy) VALUES (4.5,'Iustitia iudicandum est, quae non modo numquam nocet cuiquam, sed contra.',93,8,8);
INSERT INTO SummaryReport(averageRating,generatedSummary,company,generatedBy,updatedBy) VALUES (2,'Neque sint conversa de Graecis? Nam si ea sola voluptas esset, quae quasi titillaret sensus, ut ita ruant itaque turbent, ut.',35,12,12);
INSERT INTO SummaryReport(averageRating,generatedSummary,company,generatedBy,updatedBy) VALUES (1.5,'Quo gaudemus, voluptas est, ut necessariae nec opera multa nec impensa expleantur; ne naturales quidem multa desiderant, propterea.',95,36,36);
INSERT INTO SummaryReport(averageRating,generatedSummary,company,generatedBy,updatedBy) VALUES (2.5,'Illo, recta et honesta quae sint, ea facere ipsa per se esse expetendam et dolorem ipsum per se ipsa allicit nec patientia nec assiduitas nec vigiliae nec ea ipsa, quae.',33,25,25);
INSERT INTO SummaryReport(averageRating,generatedSummary,company,generatedBy,updatedBy) VALUES (5,'Quae voluptaria, delicata, mollis habeatur disciplina, quam gravis, quam continens, quam severa sit. Non enim hanc solam sequimur, quae suavitate aliqua naturam ipsam movet et cum iucunditate quadam.',54,25,25);
INSERT INTO SummaryReport(averageRating,generatedSummary,company,generatedBy,updatedBy) VALUES (4.5,'Minus declarant, sed videntur leviora, veniamus. Quid tibi, Torquate, quid huic Triario litterae, quid historiae cognitioque rerum, quid poetarum evolutio, quid tanta tot versuum memoria voluptatis affert? Nec mihi illud dixeris: ''Haec enim ipsa mihi sunt voluptati, et erant illa Torquatis.'' Numquam hoc ita defendit Epicurus neque Metrodorus aut quisquam eorum, qui aut saperet aliquid aut.',25,5,5);
INSERT INTO SummaryReport(averageRating,generatedSummary,company,generatedBy,updatedBy) VALUES (2,'Expectant, quae quia certa esse non possunt, victi et debilitati.',79,27,27);
INSERT INTO SummaryReport(averageRating,generatedSummary,company,generatedBy,updatedBy) VALUES (1,'Esse cillum dolore eu fugiat nulla pariatur. Excepteur sint occaecat cupidatat non proident, sunt in eadem.',55,12,12);
INSERT INTO SummaryReport(averageRating,generatedSummary,company,generatedBy,updatedBy) VALUES (1.5,'Numquid tibi videtur de voluptatibus suis cogitavisse? Sed ut omittam pericula, labores, dolorem etiam, quem optimus quisque pro patria et pro suis suscipit, ut non dicas.',78,25,25);
INSERT INTO SummaryReport(averageRating,generatedSummary,company,generatedBy,updatedBy) VALUES (2.5,'Solemus, quanto id in voluptate aut a voluptate discedere. Nam cum ignoratione rerum bonarum et malarum maxime hominum vita vexetur, ob eumque errorem et voluptatibus maximis saepe priventur et durissimis animi doloribus torqueantur, sapientia est adhibenda, quae et splendide.',52,35,35);
INSERT INTO SummaryReport(averageRating,generatedSummary,company,generatedBy,updatedBy) VALUES (5,'Qua de re cum sit inter doctissimos summa dissensio, quis alienum putet eius esse dignitatis, quam mihi quisque tribuat, quid in omni.',7,6,6);
INSERT INTO SummaryReport(averageRating,generatedSummary,company,generatedBy,updatedBy) VALUES (3.5,'Seque facile, ut mihi quidem videtur. Ac fieri potest, ut errem, sed.',62,8,8);
INSERT INTO SummaryReport(averageRating,generatedSummary,company,generatedBy,updatedBy) VALUES (4.5,'Vos arbitrer, sed ut ratione et via procedat oratio. Quaerimus igitur, quid sit extremum et.',53,30,30);
INSERT INTO SummaryReport(averageRating,generatedSummary,company,generatedBy,updatedBy) VALUES (5,'Idem Graecum, quae autem de bene beateque vivendum.',39,14,14);
INSERT INTO SummaryReport(averageRating,generatedSummary,company,generatedBy,updatedBy) VALUES (3,'Materia disseruerunt, vim et causam efficiendi reliquerunt. Sed hoc commune vitium, illae Epicuri propriae ruinae.',94,28,28);
INSERT INTO SummaryReport(averageRating,generatedSummary,company,generatedBy,updatedBy) VALUES (2.5,'Inter argumentum conclusionemque rationis et inter.',70,14,14);
INSERT INTO SummaryReport(averageRating,generatedSummary,company,generatedBy,updatedBy) VALUES (1.5,'Ignavia semper animum excruciant et semper sollicitant turbulentaeque sunt, sic.',17,24,24);
INSERT INTO SummaryReport(averageRating,generatedSummary,company,generatedBy,updatedBy) VALUES (4.5,'Comprobavit. Quod quam magnum sit fictae veterum fabulae declarant, in quibus sequitur Democritum, non fere labitur. Quamquam utriusque cum multa non probo, tum illud in primis, quod, cum.',20,35,35);
INSERT INTO SummaryReport(averageRating,generatedSummary,company,generatedBy,updatedBy) VALUES (3.5,'Sed iure Mucius. Ego autem mirari satis non queo unde hoc sit tam insolens domesticarum rerum fastidium. Non est omnino.',79,40,40);
INSERT INTO SummaryReport(averageRating,generatedSummary,company,generatedBy,updatedBy) VALUES (2.5,'Dicta sunt ab iis quos probamus, eisque nostrum iudicium et.',17,34,34);
INSERT INTO SummaryReport(averageRating,generatedSummary,company,generatedBy,updatedBy) VALUES (2,'Fortitudo sumitur contra mortis timorem et constantia contra metum religionis et sedatio animi omnium rerum occultarum ignoratione sublata et moderatio natura cupiditatum generibusque earum explicatis, et, ut dixi, ad lineam, numquam fore ut.',99,28,28);
INSERT INTO SummaryReport(averageRating,generatedSummary,company,generatedBy,updatedBy) VALUES (1,'Paene e philosophorum choro sustulisti.',41,32,32);
INSERT INTO SummaryReport(averageRating,generatedSummary,company,generatedBy,updatedBy) VALUES (3.5,'Cum dixisset, Explicavi, inquit, sententiam meam, et eo quidem consilio, tuum iudicium ut cognoscerem, quoniam mihi ea facultas, ut id meo arbitratu facerem, ante hoc tempus numquam est -- ait enim declinare atomum sine causa; quo.',76,10,10);
INSERT INTO SummaryReport(averageRating,generatedSummary,company,generatedBy,updatedBy) VALUES (2,'Locum petentium sine causa dicere, -- et illum motum naturalem omnium ponderum, ut ipse constituit, e regione ferrentur et, ut dixi, ad lineam, hunc naturalem esse omnium corporum motum. Deinde.',100,21,21);
INSERT INTO SummaryReport(averageRating,generatedSummary,company,generatedBy,updatedBy) VALUES (1.5,'Inquam, arbitratu. Sic faciam igitur, inquit: unam rem explicabo, eamque.',57,21,21);
INSERT INTO SummaryReport(averageRating,generatedSummary,company,generatedBy,updatedBy) VALUES (5,'Ut atomus altera alteram posset attingere.',19,21,21);
INSERT INTO SummaryReport(averageRating,generatedSummary,company,generatedBy,updatedBy) VALUES (4.5,'Quod ipsa natura, ut ait ille, sciscat et probet, id est corpora individua propter soliditatem, censet in infinito inani, in quo a populo Romano.',90,20,20);
INSERT INTO SummaryReport(averageRating,generatedSummary,company,generatedBy,updatedBy) VALUES (3.5,'Ea scientia et verborum vis et natura orationis et consequentium repugnantiumve ratio potest perspici. Omnium autem rerum natura cognita levamur superstitione.',46,4,4);
INSERT INTO SummaryReport(averageRating,generatedSummary,company,generatedBy,updatedBy) VALUES (4,'Vivendum. Sed existimo te, sicut nostrum Triarium, minus ab eo dissentiunt, sed.',9,5,5);
INSERT INTO SummaryReport(averageRating,generatedSummary,company,generatedBy,updatedBy) VALUES (5,'Neque eum Torquatum, qui hoc primus.',61,17,17);
INSERT INTO SummaryReport(averageRating,generatedSummary,company,generatedBy,updatedBy) VALUES (4,'Domus; quo minus animus a se ipse dissidens secumque discordans gustare partem ullam liquidae voluptatis et liberae potest.',8,26,26);
INSERT INTO SummaryReport(averageRating,generatedSummary,company,generatedBy,updatedBy) VALUES (1,'Voluptatem esse, verum etiam summam voluptatem. Quisquis enim sentit, quem ad me accedis, saluto: ''chaere,'' inquam, ''Tite!'' lictores, turma omnis chorusque: ''chaere, Tite!'' hinc hostis mi Albucius, hinc inimicus. Sed iure Mucius. Ego autem mirari satis non queo unde hoc sit tam.',37,8,8);
INSERT INTO SummaryReport(averageRating,generatedSummary,company,generatedBy,updatedBy) VALUES (3.5,'Nec impediente nec inpendente, quem tandem hoc statu praestabiliorem aut magis expetendum possimus dicere? Inesse enim necesse est effici, ut sapiens solum amputata circumcisaque inanitate omni.',37,29,29);
INSERT INTO SummaryReport(averageRating,generatedSummary,company,generatedBy,updatedBy) VALUES (3,'In rerum natura perspecta erit, nullo modo sine amicitia firmam et perpetuam iucunditatem vitae tenere possumus neque vero ipsam amicitiam tueri, nisi aeque amicos et nosmet ipsos diligamus, idcirco et hoc ipsum efficitur.',63,14,14);
INSERT INTO SummaryReport(averageRating,generatedSummary,company,generatedBy,updatedBy) VALUES (4.5,'Honesta quae sint, ea facere ipsa per se esset et virtus et cognitio rerum, quod minime ille vult expetenda. Haec igitur Epicuri non probo, inquam. De.',91,26,26);
INSERT INTO SummaryReport(averageRating,generatedSummary,company,generatedBy,updatedBy) VALUES (3.5,'Praesentibus ita potitur, ut animadvertat quanta sint ea quamque iucunda, neque pendet ex futuris, sed expectat illa, fruitur praesentibus ab iisque M.',77,8,8);
INSERT INTO SummaryReport(averageRating,generatedSummary,company,generatedBy,updatedBy) VALUES (2.5,'Iuste, nisi iucunde. Neque enim civitas in seditione beata esse potest nec in discordia dominorum domus; quo minus id, quod quaeritur, sit pulcherrimum. Etenim si delectamur, cum scribimus, quis est tam invidus.',76,33,33);
INSERT INTO SummaryReport(averageRating,generatedSummary,company,generatedBy,updatedBy) VALUES (3.5,'Omni dolore et molestia perfruique maximis et animi.',21,8,8);
INSERT INTO SummaryReport(averageRating,generatedSummary,company,generatedBy,updatedBy) VALUES (3,'Si aliquod aeternum et infinitum impendere malum nobis opinemur. Quod.',17,25,25);
INSERT INTO SummaryReport(averageRating,generatedSummary,company,generatedBy,updatedBy) VALUES (2,'Sed ita, ut ea, quae praeterierunt, acri animo et attento intuemur, tum fit ut aegritudo sequatur, si illa mala sint, laetitia, si bona. O praeclaram beate vivendi et.',80,39,39);
INSERT INTO SummaryReport(averageRating,generatedSummary,company,generatedBy,updatedBy) VALUES (3.5,'Legendam putem, de quo Lucilius: ''ferreum scriptorem'', verum, opinor, scriptorem tamen, ut legendus sit. Rudem enim esse omnino in nostris poetis aut inertissimae segnitiae est aut fastidii delicatissimi. Mihi quidem nulli satis eruditi videntur, quibus nostra ignota sunt. An ''Utinam.',10,29,29);
INSERT INTO SummaryReport(averageRating,generatedSummary,company,generatedBy,updatedBy) VALUES (4,'Posse et voluptatem pleniorem efficit. Itaque non ob ea solum incommoda.',91,35,35);
INSERT INTO SummaryReport(averageRating,generatedSummary,company,generatedBy,updatedBy) VALUES (3,'Ennius, Afranius a Menandro solet. Nec vero, ut noster Lucilius, recusabo, quo minus.',78,6,6);
INSERT INTO SummaryReport(averageRating,generatedSummary,company,generatedBy,updatedBy) VALUES (3,'Alii autem, quibus ego assentior, dum modo de isdem rebus ne Graecos quidem legendos putent. Res vero bonas verbis electis.',5,37,37);
INSERT INTO SummaryReport(averageRating,generatedSummary,company,generatedBy,updatedBy) VALUES (3,'Quae ad amicos pertinerent, negarent esse per se laetitiam, id est in Ceramico Chrysippi sedentis porrecta manu, quae manus significet illum in hae esse rogatiuncula delectatum: ''Numquidnam manus tua sic affecta, quem.',12,32,32);
INSERT INTO SummaryReport(averageRating,generatedSummary,company,generatedBy,updatedBy) VALUES (3,'Recte nominata est voluptas. Ut enim, cum cibo et potione fames sitisque depulsa est, ipsa detractio molestiae consecutionem affert voluptatis, sic.',12,23,23);
INSERT INTO SummaryReport(averageRating,generatedSummary,company,generatedBy,updatedBy) VALUES (4.5,'Apertam et simplicem et directam viam! Cum enim certe nihil homini possit melius esse quam vacare omni dolore detracto, nam quoniam, cum privamur dolore, ipsa liberatione et vacuitate omnis molestiae.',32,11,11);
INSERT INTO SummaryReport(averageRating,generatedSummary,company,generatedBy,updatedBy) VALUES (1.5,'Oderit? Synephebos ego, inquit, potius Caecilii aut Andriam Terentii quam utramque Menandri.',28,40,40);
INSERT INTO SummaryReport(averageRating,generatedSummary,company,generatedBy,updatedBy) VALUES (3.5,'Videntur, deorum tamen horrent easque ipsas sollicitudines, quibus eorum animi noctesque diesque exeduntur, a diis inmortalibus.',40,20,20);
INSERT INTO SummaryReport(averageRating,generatedSummary,company,generatedBy,updatedBy) VALUES (4,'Dolorem timentis, quod mors sensu careat, dolor in reprehenderit in voluptate ponit, quod summum bonum in voluptate ponatur.',27,28,28);
INSERT INTO SummaryReport(averageRating,generatedSummary,company,generatedBy,updatedBy) VALUES (5,'Tum iudex; Multi etiam, ut te consule, ipsi se indicaverunt. Quodsi qui satis sibi contra hominum conscientiam saepti esse et muniti videntur.',57,26,26);
INSERT INTO SummaryReport(averageRating,generatedSummary,company,generatedBy,updatedBy) VALUES (2,'Maerores, qui exedunt animos conficiuntque curis hominum non intellegentium nihil dolendum esse animo, quod sit a dolore corporis praesenti futurove seiunctum. Nec vero quisquam stultus non horum morborum aliquo laborat, nemo igitur est.',94,26,26);
INSERT INTO SummaryReport(averageRating,generatedSummary,company,generatedBy,updatedBy) VALUES (1.5,'Illis, qui omnino avocent a philosophia, quam his, qui rebus infinitis modum constituant in reque eo meliore, quo maior sit, si nihil efficeret; nunc expetitur, quod est tamquam.',98,17,17);
INSERT INTO SummaryReport(averageRating,generatedSummary,company,generatedBy,updatedBy) VALUES (1.5,'Venire; ut abhorreant a Latinis, quod inciderint in inculta quaedam et horrida, de malis Graecis Latine scripta deterius. Quibus ego assentior.',71,21,21);
INSERT INTO SummaryReport(averageRating,generatedSummary,company,generatedBy,updatedBy) VALUES (3,'Aut odit aut fugit, sed quia maiores consequatur. Eadem fortitudinis ratio reperietur. Nam neque laborum perfunctio neque perpessio dolorum per se esse fugiendum. Itaque aiunt hanc quasi naturalem atque insitam in animis inclusae inter se reprehensiones.',88,8,8);
INSERT INTO SummaryReport(averageRating,generatedSummary,company,generatedBy,updatedBy) VALUES (2.5,'Et ii quidem eruditi Graecis litteris, contemnentes Latinas, qui se Latina scripta dicunt contemnere. In quibus sequitur Democritum, non fere.',42,34,34);
INSERT INTO SummaryReport(averageRating,generatedSummary,company,generatedBy,updatedBy) VALUES (4.5,'Est, maximam animi aut voluptatem aut molestiam plus aut ad beatam aut ad beatam aut ad naturam aut contra sit, a natura ipsa iudicari. Ea quid percipit aut quid iudicat, quo aut petat aut fugiat aliquid, praeter voluptatem et dolorem? Sunt autem quidam Epicurei timidiores paulo contra vestra convicia, sed tamen satis acuti, qui verentur ne.',56,39,39);
INSERT INTO SummaryReport(averageRating,generatedSummary,company,generatedBy,updatedBy) VALUES (1,'Videtisne quam nihil praetermittatur quod vitam adiuvet, quo facilius id, quod ipsi statuerunt, non possunt, conficiuntur et angore et metu maximeque cruciantur, cum sero sentiunt frustra se aut pecuniae studuisse aut imperiis aut opibus aut gloriae. Nullas enim consequuntur voluptates, quarum potiendi spe inflammati multos labores magnosque susceperant. Ecce autem alii minuti et angusti aut omnia.',94,14,14);
INSERT INTO SummaryReport(averageRating,generatedSummary,company,generatedBy,updatedBy) VALUES (5,'Esse e corpore et ad.',76,1,1);
INSERT INTO SummaryReport(averageRating,generatedSummary,company,generatedBy,updatedBy) VALUES (4.5,'Voluptas est, ut necessariae nec opera multa nec impensa expleantur; ne naturales.',46,1,1);
INSERT INTO SummaryReport(averageRating,generatedSummary,company,generatedBy,updatedBy) VALUES (3.5,'Quidem locis pluribus. Sed quot homines, tot sententiae; falli igitur possumus. Quam ob rem voluptas expetenda, fugiendus dolor sit. Sentiri haec putat, ut calere ignem, nivem esse albam, dulce mel. Quorum nihil oportere exquisitis rationibus confirmare, tantum satis esse admonere.',41,35,35);
INSERT INTO SummaryReport(averageRating,generatedSummary,company,generatedBy,updatedBy) VALUES (3.5,'Ipsa allicit nec patientia nec assiduitas nec vigiliae nec ea ipsa, quae tibi probarentur; si qua in iis rebus emolumenti, quae pariuntur iniuria. Itaque.',45,19,19);
INSERT INTO SummaryReport(averageRating,generatedSummary,company,generatedBy,updatedBy) VALUES (1.5,'Chrysippe, concessum est nihil ad Epicurum. Nam si concederetur, etiamsi.',30,14,14);
INSERT INTO SummaryReport(averageRating,generatedSummary,company,generatedBy,updatedBy) VALUES (4,'Beateque vivendo a Platone disputata sunt, haec.',23,10,10);
INSERT INTO SummaryReport(averageRating,generatedSummary,company,generatedBy,updatedBy) VALUES (1.5,'Impetum fecisse aut in liberos atque in sanguinem suum tam crudelis fuisse, nihil ut.',17,6,6);
INSERT INTO SummaryReport(averageRating,generatedSummary,company,generatedBy,updatedBy) VALUES (4,'Graece ergo praetor Athenis, id quod maluisti, te, cum ad me de virtute misisti. Sed.',49,16,16);
INSERT INTO SummaryReport(averageRating,generatedSummary,company,generatedBy,updatedBy) VALUES (2.5,'Sapienter, honeste iusteque vivatur, nec sapienter, honeste, iuste, nisi iucunde. Neque enim civitas in seditione beata esse potest nec in discordia dominorum domus; quo minus animus a se ipse dissidens secumque discordans gustare partem ullam liquidae voluptatis et liberae potest. Atqui pugnantibus et contrariis.',64,6,6);
INSERT INTO SummaryReport(averageRating,generatedSummary,company,generatedBy,updatedBy) VALUES (4,'Cum id, quod maxime placeat, facere possimus, omnis voluptas assumenda est, omnis dolor repellendus. Temporibus autem quibusdam et aut officiis debitis aut rerum necessitatibus saepe eveniet, ut et voluptates repudiandae sint et molestiae non recusandae. Itaque.',44,40,40);
INSERT INTO SummaryReport(averageRating,generatedSummary,company,generatedBy,updatedBy) VALUES (1.5,'Se dicere iuberet reque ex utraque parte audita pronuntiaret eum non talem videri fuisse in imperio, quales eius maiores fuissent, et.',3,29,29);
INSERT INTO SummaryReport(averageRating,generatedSummary,company,generatedBy,updatedBy) VALUES (1.5,'Enim invenire volumus, non tamquam adversarium aliquem convincere. Accurate autem quondam a L. Torquato, homine omni doctrina erudito, defensa est Epicuri sententia de voluptate.',19,20,20);
INSERT INTO SummaryReport(averageRating,generatedSummary,company,generatedBy,updatedBy) VALUES (1.5,'Ne illud quidem adduci vix possum, ut ea, quae corrigere vult, mihi quidem depravare videatur. Ille atomos quas.',5,29,29);
INSERT INTO SummaryReport(averageRating,generatedSummary,company,generatedBy,updatedBy) VALUES (4.5,'In sententia permanentes, quas ob causas in eorum vita nulla est intercapedo molestiae. Igitur neque stultorum quisquam beatus neque sapientium non beatus. Multoque hoc melius nos.',87,17,17);
INSERT INTO SummaryReport(averageRating,generatedSummary,company,generatedBy,updatedBy) VALUES (2,'Fugiendis ut rationem sequamur monet. Nec enim satis est iudicare.',78,35,35);
INSERT INTO SummaryReport(averageRating,generatedSummary,company,generatedBy,updatedBy) VALUES (3,'Semper impendet, tum superstitio, qua.',43,6,6);
INSERT INTO SummaryReport(averageRating,generatedSummary,company,generatedBy,updatedBy) VALUES (1,'Nihil sane praeter sedulitatem probarent, omnes mihi Epicuri sententiae satis notae sunt. Atque eos, quos nominavi, cum inciderit, ut id meo arbitratu facerem, ante hoc tempus numquam est censes aut in liberos atque in sanguinem suum.',86,14,14);



INSERT INTO Announcement(announcementId,createdBy,announcementText) VALUES (1,104,'Reque ex utraque parte audita pronuntiaret eum non talem videri fuisse in imperio, quales eius maiores fuissent, et in conspectum suum venire vetuit, numquid tibi videtur de voluptatibus suis cogitavisse? Sed ut omittam pericula, labores, dolorem etiam, quem optimus quisque pro patria et pro suis suscipit, ut non dicas, quid non probes. Principio, inquam, in physicis.');
INSERT INTO Announcement(announcementId,createdBy,announcementText) VALUES (2,98,'Quae dixi, sole ipso illustriora et clariora sunt.');
INSERT INTO Announcement(announcementId,createdBy,announcementText) VALUES (3,118,'Nobis sic intelleges eitam, ut ab ea nullo modo poterimus sensuum iudicia defendere. Quicquid porro animo cernimus, id omne oritur a sensibus; qui si omnes atomi declinabunt, nullae umquam cohaerescent, sive aliae declinabunt, aliae suo nutu recte ferentur, primum erit hoc quasi, provincias atomis dare, quae recte, quae oblique ferantur, deinde eadem illa individua et solida.');
INSERT INTO Announcement(announcementId,createdBy,announcementText) VALUES (4,117,'Est, habeo quae velim. An me, inquam, nisi te audire vellem, censes haec dicturum fuisse? Utrum igitur percurri omnem Epicuri disciplinam placet an de una voluptate quaeri, de qua Epicurus quidem ita dicit, omnium rerum, quas.');
INSERT INTO Announcement(announcementId,createdBy,announcementText) VALUES (5,98,'Est cur dubitemus dicere et sapientiam propter voluptates expetendam et dolorem ipsum per se ipsas tam expetendas, quam nostras expeteremus, quo loco videtur quibusdam stabilitas amicitiae vacillare, tuentur tamen eum locum seque facile.');
INSERT INTO Announcement(announcementId,createdBy,announcementText) VALUES (6,106,'Libidinum impetu et a formidinum terrore vindicet et ipsius fortunae modice ferre doceat iniurias et omnis.');
INSERT INTO Announcement(announcementId,createdBy,announcementText) VALUES (7,117,'Autem situm in nobis ut et adversa quasi perpetua oblivione obruamus et.');
INSERT INTO Announcement(announcementId,createdBy,announcementText) VALUES (8,114,'Gravis et doctus adolescens, ei disputationi interesset. Nam cum ad me accedis, saluto: ''chaere,'' inquam, ''Tite!'' lictores, turma omnis chorusque: ''chaere, Tite!'' hinc hostis mi Albucius, hinc.');
INSERT INTO Announcement(announcementId,createdBy,announcementText) VALUES (9,120,'Diis inmortalibus sine ullo metu vera sentit, non dubitat, si ita melius sit, accedere? Statue contra aliquem confectum tantis animi corporisque doloribus, quanti in.');
INSERT INTO Announcement(announcementId,createdBy,announcementText) VALUES (10,97,'Te consule, ipsi se indicaverunt. Quodsi qui satis sibi contra hominum conscientiam saepti esse et muniti videntur, deorum tamen horrent easque ipsas sollicitudines, quibus eorum animi noctesque diesque exeduntur, a diis inmortalibus sine ullo metu vera sentit, non dubitat, si ita melius sit, migrare.');
INSERT INTO Announcement(announcementId,createdBy,announcementText) VALUES (11,111,'Filium morte multavit. -- Si sine causa, nollem me.');
INSERT INTO Announcement(announcementId,createdBy,announcementText) VALUES (12,111,'Quisque pro patria et pro suis suscipit, ut non modo fautrices fidelissimae, sed etiam cogitemus; infinitio ipsa, quam apeirian vocant, tota ab illo est, tum innumerabiles mundi, qui et oriantur et intereant cotidie. Quae etsi mihi nullo modo nec.');
INSERT INTO Announcement(announcementId,createdBy,announcementText) VALUES (13,113,'Ratio, quae plerisque notissima est. Quam a nobis sic intelleges eitam, ut ab ipsis, qui eam disciplinam probant, non soleat.');
INSERT INTO Announcement(announcementId,createdBy,announcementText) VALUES (14,116,'Nam si omnes veri erunt.');
INSERT INTO Announcement(announcementId,createdBy,announcementText) VALUES (15,106,'Animi aut voluptatem aut molestiam plus aut.');
INSERT INTO Announcement(announcementId,createdBy,announcementText) VALUES (16,101,'Semper est in voluptate. Neque.');
INSERT INTO Announcement(announcementId,createdBy,announcementText) VALUES (17,101,'Ea non placeat, tamquam e theatro exeamus. Quibus rebus intellegitur.');
INSERT INTO Announcement(announcementId,createdBy,announcementText) VALUES (18,115,'Centurionum, praeclarorum hominum ac primorum signiferumque, maluisti dici. Graece ergo praetor Athenis.');
INSERT INTO Announcement(announcementId,createdBy,announcementText) VALUES (19,115,'Recte, si voluptas esset bonum, fuisse desideraturam. Idcirco enim non desideraret, quia, quod dolore caret, id in voluptate ponit, quod summum bonum consequamur? Clamat Epicurus, is quem vos nimis voluptatibus esse deditum dicitis; non posse iucunde vivi, nisi sapienter, honeste iusteque vivatur, nec sapienter, honeste, iuste, nisi iucunde.');
INSERT INTO Announcement(announcementId,createdBy,announcementText) VALUES (20,114,'Ut succumbere doloribus eosque humili animo inbecilloque ferre miserum est, ob eamque causam propter voluptatem et dolorem. Ad haec et quae fugiamus refert omnia. Quod quamquam Aristippi est a Chrysippo praetermissum in Stoicis? Legimus tamen Diogenem, Antipatrum, Mnesarchum, Panaetium, multos alios in primisque familiarem nostrum Posidonium. Quid? Theophrastus mediocriterne delectat, cum tractat.');
INSERT INTO Announcement(announcementId,createdBy,announcementText) VALUES (21,85,'Docet, tum denique poterit aliquid cognosci et percipi. Quos qui tollunt et nihil posse percipi dicunt, ii remotis sensibus ne id ipsum quidem expedire possunt, quod disserunt. Praeterea sublata cognitione et scientia tollitur omnis ratio et.');
INSERT INTO Announcement(announcementId,createdBy,announcementText) VALUES (22,87,'Cum iracundia aut pertinacia recte.');
INSERT INTO Announcement(announcementId,createdBy,announcementText) VALUES (23,103,'Reperiri posse, quod coniunctione tali sit aptius. Quibus ex omnibus iudicari potest non modo quid nobis probaretur, sed etiam cogitemus; infinitio ipsa, quam apeirian vocant, tota ab illo.');
INSERT INTO Announcement(announcementId,createdBy,announcementText) VALUES (24,86,'Tot versuum memoria voluptatis affert? Nec mihi.');
INSERT INTO Announcement(announcementId,createdBy,announcementText) VALUES (25,88,'Modo probantur, tamen Democritum laudatum a.');
INSERT INTO Announcement(announcementId,createdBy,announcementText) VALUES (26,87,'Propter amici voluptatem. Quaeque de virtutibus dicta sunt, explicabo. Nemo.');
INSERT INTO Announcement(announcementId,createdBy,announcementText) VALUES (27,117,'Cur dubitemus dicere et sapientiam propter voluptates expetendam et dolorem ipsum per se ipsam causam non multo maiores esse et voluptates et dolores animi quam corporis. Nam corpore nihil nisi praesens et quod adest sentire possumus.');
INSERT INTO Announcement(announcementId,createdBy,announcementText) VALUES (28,92,'Omnium philosophorum sententia tale debet esse, ut ad Orestem pervenias profectus a Theseo. At vero Epicurus una in domo, et ea quidem angusta, quam magnos quantaque amoris conspiratione consentientis tenuit amicorum greges! Quod fit etiam nunc ab Epicureis. Sed.');
INSERT INTO Announcement(announcementId,createdBy,announcementText) VALUES (29,111,'Accuratius explicari; verum enim invenire volumus, non tamquam adversarium aliquem convincere. Accurate autem quondam a L. Torquato, homine omni doctrina erudito, defensa est Epicuri sententia de voluptate, nihil.');
INSERT INTO Announcement(announcementId,createdBy,announcementText) VALUES (30,110,'Si ea, quae sensum moveat, nulla successerit, eoque intellegi potest quanta voluptas sit non dolere.');
INSERT INTO Announcement(announcementId,createdBy,announcementText) VALUES (31,116,'Melius erimus, cum didicerimus quid natura desideret. Tum vero, si stabilem scientiam rerum tenebimus, servata illa, quae quasi saxum Tantalo semper impendet, tum superstitio, qua qui est imbutus.');
INSERT INTO Announcement(announcementId,createdBy,announcementText) VALUES (32,82,'Superstitione, liberamur mortis metu, non conturbamur ignoratione rerum, e qua ipsa horribiles existunt.');
INSERT INTO Announcement(announcementId,createdBy,announcementText) VALUES (33,103,'Graviter ornateque dictas quis non legat? Nisi qui se.');
INSERT INTO Announcement(announcementId,createdBy,announcementText) VALUES (34,100,'Recte, quae oblique ferantur, deinde eadem illa individua et solida corpora ferri deorsum suo pondere ad lineam, hunc naturalem esse omnium corporum motum. Deinde ibidem homo acutus, cum illud ocurreret, si omnia dixi hausta e fonte naturae, si tota oratio nostra omnem sibi fidem sensibus confirmat, id est incorruptis atque integris testibus.');
INSERT INTO Announcement(announcementId,createdBy,announcementText) VALUES (35,112,'In omni munere vitae optimum et verissimum sit, exquirere? An, partus ancillae sitne in fructu habendus, disseretur inter.');
INSERT INTO Announcement(announcementId,createdBy,announcementText) VALUES (36,101,'Tibi non vera videantur. Vide, quantum, inquam, fallare, Torquate. Oratio.');
INSERT INTO Announcement(announcementId,createdBy,announcementText) VALUES (37,101,'Omne certamen est? Tuo vero id quidem, inquam, arbitratu. Sic faciam igitur, inquit.');
INSERT INTO Announcement(announcementId,createdBy,announcementText) VALUES (38,88,'Placebit Latine? Quid? Si nos non interpretum fungimur munere, sed tuemur ea, quae hoc.');
INSERT INTO Announcement(announcementId,createdBy,announcementText) VALUES (39,83,'Ne minus amicos quam se ipsos diligant. Quod et posse fieri intellegimus et saepe disserui, Latinam linguam non modo nullam captet, sed etiam quid a singulis.');
INSERT INTO Announcement(announcementId,createdBy,announcementText) VALUES (40,86,'Posset. Conclusum est enim aut utilior aut ad naturam aut contra sit, a natura proficiscuntur, facile explentur sine ulla iniuria, quae autem inanes sunt, iis parendum non est. Nihil enim.');



INSERT INTO Employer(userId,firstName,lastName,email,role,department,company) VALUES (161,'Killian','Florez','killian.florez@yahoo.com','Sales Representative','Legal',55);
INSERT INTO Employer(userId,firstName,lastName,email,role,department,company) VALUES (162,'Thomasine','Derisley','thomasine.derisley@yahoo.ca','Marketing Specialist','Administration',90);
INSERT INTO Employer(userId,firstName,lastName,email,role,department,company) VALUES (163,'Craggy','Waller-Bridge','craggy.wallerbridge@shaw.ca','Data Analyst','Logistics',60);
INSERT INTO Employer(userId,firstName,lastName,email,role,department,company) VALUES (164,'Araldo','Jaan','araldo.jaan@yahoo.com','Project Coordinator','Production',16);
INSERT INTO Employer(userId,firstName,lastName,email,role,department,company) VALUES (165,'Chrysler','Boij','chrysler.boij@gmail.com','Data Analyst','Marketing',85);
INSERT INTO Employer(userId,firstName,lastName,email,role,department,company) VALUES (166,'Francine','Antonikov','francine.antonikov@gmail.com','Human Resources Specialist','Production',70);
INSERT INTO Employer(userId,firstName,lastName,email,role,department,company) VALUES (167,'Livvyy','Butson','livvyy.butson@hotmail.com','Quality Assurance Engineer','Marketing',15);
INSERT INTO Employer(userId,firstName,lastName,email,role,department,company) VALUES (168,'Tiffy','Auchterlony','tiffy.auchterlony@gmail.com','Marketing Specialist','Sales',10);
INSERT INTO Employer(userId,firstName,lastName,email,role,department,company) VALUES (169,'Virgilio','Lidbetter','virgilio.lidbetter@gmail.com','Project Coordinator','Research and Development',12);
INSERT INTO Employer(userId,firstName,lastName,email,role,department,company) VALUES (170,'Lorine','Moodie','lorine.moodie@yahoo.com','Marketing Specialist','Research and Development',8);
INSERT INTO Employer(userId,firstName,lastName,email,role,department,company) VALUES (171,'Lindsey','Houselee','lindsey.houselee@orange.fr','Administrative Assistant','Production',27);
INSERT INTO Employer(userId,firstName,lastName,email,role,department,company) VALUES (172,'Alfy','Jeckells','alfy.jeckells@yahoo.com','Human Resources Specialist','IT',45);
INSERT INTO Employer(userId,firstName,lastName,email,role,department,company) VALUES (173,'Brittany','Clarabut','brittany.clarabut@yahoo.com','Human Resources Specialist','Sales',69);
INSERT INTO Employer(userId,firstName,lastName,email,role,department,company) VALUES (174,'Deonne','Frontczak','deonne.frontczak@yahoo.com','Data Analyst','Human Resources',2);
INSERT INTO Employer(userId,firstName,lastName,email,role,department,company) VALUES (175,'Sibbie','Tick','sibbie.tick@hotmail.com','Software Developer','Marketing',68);
INSERT INTO Employer(userId,firstName,lastName,email,role,department,company) VALUES (176,'Dominga','Rouzet','dominga.rouzet@gmail.com','Manager','Sales',48);
INSERT INTO Employer(userId,firstName,lastName,email,role,department,company) VALUES (177,'Ingaberg','Dorkins','ingaberg.dorkins@hotmail.com','Project Coordinator','Logistics',71);
INSERT INTO Employer(userId,firstName,lastName,email,role,department,company) VALUES (178,'Lewes','Caplan','lewes.caplan@yahoo.com','Project Coordinator','Research and Development',48);
INSERT INTO Employer(userId,firstName,lastName,email,role,department,company) VALUES (179,'Dacia','Huxton','dacia.huxton@aol.com','Project Coordinator','Legal',83);
INSERT INTO Employer(userId,firstName,lastName,email,role,department,company) VALUES (180,'Hardy','Grenshiels','hardy.grenshiels@hotmail.com','Human Resources Specialist','Legal',72);
INSERT INTO Employer(userId,firstName,lastName,email,role,department,company) VALUES (181,'Melodee','Korb','melodee.korb@hotmail.fr','Sales Representative','Marketing',100);
INSERT INTO Employer(userId,firstName,lastName,email,role,department,company) VALUES (182,'Elwira','Coundley','elwira.coundley@gmail.com','Project Coordinator','Purchasing',51);
INSERT INTO Employer(userId,firstName,lastName,email,role,department,company) VALUES (183,'Courtnay','Vidloc','courtnay.vidloc@yahoo.fr','Project Coordinator','Logistics',63);
INSERT INTO Employer(userId,firstName,lastName,email,role,department,company) VALUES (184,'Sophie','Manhare','sophie.manhare@gmail.com','Administrative Assistant','Sales',87);
INSERT INTO Employer(userId,firstName,lastName,email,role,department,company) VALUES (185,'Jermaine','Vallance','jermaine.vallance@hotmail.com','Marketing Specialist','Sales',92);
INSERT INTO Employer(userId,firstName,lastName,email,role,department,company) VALUES (186,'Kelvin','Howbrook','kelvin.howbrook@yahoo.com','Quality Assurance Engineer','Customer Service',96);
INSERT INTO Employer(userId,firstName,lastName,email,role,department,company) VALUES (187,'Odie','Martellini','odie.martellini@hotmail.com','Sales Representative','Legal',13);
INSERT INTO Employer(userId,firstName,lastName,email,role,department,company) VALUES (188,'Royall','Donnell','royall.donnell@yahoo.com.au','Team Leader','Finance',14);
INSERT INTO Employer(userId,firstName,lastName,email,role,department,company) VALUES (189,'Renie','Lympany','renie.lympany@gmail.com','Sales Representative','Administration',45);
INSERT INTO Employer(userId,firstName,lastName,email,role,department,company) VALUES (190,'Ann-marie','Fawcett','annmarie.fawcett@hotmail.com','Software Developer','IT',5);
INSERT INTO Employer(userId,firstName,lastName,email,role,department,company) VALUES (191,'Leigh','Conley','leigh.conley@yahoo.com','Team Leader','Legal',34);
INSERT INTO Employer(userId,firstName,lastName,email,role,department,company) VALUES (192,'Herby','Rastrick','herby.rastrick@googlemail.com','Sales Representative','Finance',64);
INSERT INTO Employer(userId,firstName,lastName,email,role,department,company) VALUES (193,'Meghann','Hebborn','meghann.hebborn@yahoo.com','Marketing Specialist','Sales',54);
INSERT INTO Employer(userId,firstName,lastName,email,role,department,company) VALUES (194,'Shelagh','Bartkiewicz','shelagh.bartkiewicz@gmail.com','Sales Representative','Customer Service',68);
INSERT INTO Employer(userId,firstName,lastName,email,role,department,company) VALUES (195,'Edik','Pashba','edik.pashba@gmail.com','Marketing Specialist','Marketing',15);
INSERT INTO Employer(userId,firstName,lastName,email,role,department,company) VALUES (196,'Kellyann','McKaile','kellyann.mckaile@wanadoo.fr','Software Developer','Legal',1);
INSERT INTO Employer(userId,firstName,lastName,email,role,department,company) VALUES (197,'Cassey','Ebbage','cassey.ebbage@gmail.com','Project Coordinator','Marketing',52);
INSERT INTO Employer(userId,firstName,lastName,email,role,department,company) VALUES (198,'Rachel','Luck','rachel.luck@yahoo.it','Software Developer','Logistics',72);
INSERT INTO Employer(userId,firstName,lastName,email,role,department,company) VALUES (199,'Annette','Mahoney','annette.mahoney@gmail.com','Project Coordinator','Legal',46);
INSERT INTO Employer(userId,firstName,lastName,email,role,department,company) VALUES (200,'Bobbette','Warde','bobbette.warde@hotmail.com','Sales Representative','Logistics',49);


INSERT INTO Advisor(userId,nuId,firstName,lastName,email,department) VALUES (81,83128,'Kellsie','Pudden','kellsie.pudden@msn.com','Khoury');
INSERT INTO Advisor(userId,nuId,firstName,lastName,email,department) VALUES (82,94067,'Nathan','Lamminam','nathan.lamminam@wanadoo.fr','CAMD');
INSERT INTO Advisor(userId,nuId,firstName,lastName,email,department) VALUES (83,66472,'Merilee','Ritelli','merilee.ritelli@live.com','DMSB');
INSERT INTO Advisor(userId,nuId,firstName,lastName,email,department) VALUES (84,91776,'Gustave','Elsmor','gustave.elsmor@orange.fr','Khoury');
INSERT INTO Advisor(userId,nuId,firstName,lastName,email,department) VALUES (85,39190,'Linn','Shurlock','linn.shurlock@yahoo.com','DMSB');
INSERT INTO Advisor(userId,nuId,firstName,lastName,email,department) VALUES (86,89405,'Idette','Colenutt','idette.colenutt@aol.com','COS');
INSERT INTO Advisor(userId,nuId,firstName,lastName,email,department) VALUES (87,97128,'Sonnie','Romagnosi','sonnie.romagnosi@free.fr','Bouv');
INSERT INTO Advisor(userId,nuId,firstName,lastName,email,department) VALUES (88,83979,'Morganne','MacAllan','morganne.macallan@aol.com','CSSH');
INSERT INTO Advisor(userId,nuId,firstName,lastName,email,department) VALUES (89,11838,'Thaxter','Duckitt','thaxter.duckitt@gmail.com','DMSB');
INSERT INTO Advisor(userId,nuId,firstName,lastName,email,department) VALUES (90,14979,'Jelene','Rodrigo','jelene.rodrigo@gmail.com','CSSH');
INSERT INTO Advisor(userId,nuId,firstName,lastName,email,department) VALUES (91,94510,'Gawain','Orriss','gawain.orriss@aol.com','CAMD');
INSERT INTO Advisor(userId,nuId,firstName,lastName,email,department) VALUES (92,20844,'Abbie','Grigs','abbie.grigs@gmail.com','Bouv');
INSERT INTO Advisor(userId,nuId,firstName,lastName,email,department) VALUES (93,24061,'Julie','Peagram','julie.peagram@gmail.com','CAMD');
INSERT INTO Advisor(userId,nuId,firstName,lastName,email,department) VALUES (94,6216,'Kean','Delmonti','kean.delmonti@yahoo.com','Khoury');
INSERT INTO Advisor(userId,nuId,firstName,lastName,email,department) VALUES (95,84116,'Emile','Cheshir','emile.cheshir@hotmail.com','Khoury');
INSERT INTO Advisor(userId,nuId,firstName,lastName,email,department) VALUES (96,15949,'Marya','Biggerdike','marya.biggerdike@yahoo.co.in','COE');
INSERT INTO Advisor(userId,nuId,firstName,lastName,email,department) VALUES (97,91191,'Erica','Lucio','erica.lucio@hotmail.com','CSSH');
INSERT INTO Advisor(userId,nuId,firstName,lastName,email,department) VALUES (98,2452,'Pryce','Parsand','pryce.parsand@yahoo.com','Khoury');
INSERT INTO Advisor(userId,nuId,firstName,lastName,email,department) VALUES (99,29348,'Malachi','De Freyne','malachi.defreyne@yahoo.com','COS');
INSERT INTO Advisor(userId,nuId,firstName,lastName,email,department) VALUES (100,41905,'Hannis','Deaville','hannis.deaville@gmail.com','Khoury');
INSERT INTO Advisor(userId,nuId,firstName,lastName,email,department) VALUES (101,90254,'Kellen','Buttriss','kellen.buttriss@yahoo.com','Bouv');
INSERT INTO Advisor(userId,nuId,firstName,lastName,email,department) VALUES (102,25010,'Wait','Daffey','wait.daffey@aol.com','Khoury');
INSERT INTO Advisor(userId,nuId,firstName,lastName,email,department) VALUES (103,53331,'Fax','Sennett','fax.sennett@yandex.ru','Khoury');
INSERT INTO Advisor(userId,nuId,firstName,lastName,email,department) VALUES (104,1884,'Winonah','Coucher','winonah.coucher@yahoo.com','CAMD');
INSERT INTO Advisor(userId,nuId,firstName,lastName,email,department) VALUES (105,91738,'Ives','Duncan','ives.duncan@web.de','CAMD');
INSERT INTO Advisor(userId,nuId,firstName,lastName,email,department) VALUES (106,48426,'Carlita','Kynsey','carlita.kynsey@gmail.com','Khoury');
INSERT INTO Advisor(userId,nuId,firstName,lastName,email,department) VALUES (107,88967,'Annabelle','Ferry','annabelle.ferry@yahoo.com','CSSH');
INSERT INTO Advisor(userId,nuId,firstName,lastName,email,department) VALUES (108,92093,'Brandice','Bendon','brandice.bendon@freenet.de','COE');
INSERT INTO Advisor(userId,nuId,firstName,lastName,email,department) VALUES (109,83438,'Barry','Dearnaly','barry.dearnaly@hotmail.com','Khoury');
INSERT INTO Advisor(userId,nuId,firstName,lastName,email,department) VALUES (110,84787,'Wash','Quick','wash.quick@hotmail.com','CAMD');
INSERT INTO Advisor(userId,nuId,firstName,lastName,email,department) VALUES (111,30644,'Dulcie','Edler','dulcie.edler@hotmail.com','COS');
INSERT INTO Advisor(userId,nuId,firstName,lastName,email,department) VALUES (112,7450,'Gates','Spinage','gates.spinage@hotmail.com','COE');
INSERT INTO Advisor(userId,nuId,firstName,lastName,email,department) VALUES (113,45726,'Colette','Airdrie','colette.airdrie@hotmail.com','COS');
INSERT INTO Advisor(userId,nuId,firstName,lastName,email,department) VALUES (114,20573,'Enrico','Haresign','enrico.haresign@hotmail.com','CAMD');
INSERT INTO Advisor(userId,nuId,firstName,lastName,email,department) VALUES (115,12258,'Kelsi','Sotworth','kelsi.sotworth@gmail.com','COE');
INSERT INTO Advisor(userId,nuId,firstName,lastName,email,department) VALUES (116,73622,'Herschel','Shelmerdine','herschel.shelmerdine@hotmail.com','CAMD');
INSERT INTO Advisor(userId,nuId,firstName,lastName,email,department) VALUES (117,29701,'Crysta','Cansdill','crysta.cansdill@aol.com','Khoury');
INSERT INTO Advisor(userId,nuId,firstName,lastName,email,department) VALUES (118,61390,'Bancroft','Harberer','bancroft.harberer@hotmail.com','COE');
INSERT INTO Advisor(userId,nuId,firstName,lastName,email,department) VALUES (119,16914,'Jacklin','Droogan','jacklin.droogan@aol.com','Khoury');
INSERT INTO Advisor(userId,nuId,firstName,lastName,email,department) VALUES (120,73309,'Tiff','Yearsley','tiff.yearsley@yahoo.com','CAMD');




INSERT INTO Student(userId,nuId,firstName,lastName,major,coopLevel,year,advisor) VALUES (41,80613,'Erhard','Busson','Biology',2,2,83);
INSERT INTO Student(userId,nuId,firstName,lastName,major,coopLevel,year,advisor) VALUES (42,46318,'Garrik','Novis','Environmental Science',1,2,98);
INSERT INTO Student(userId,nuId,firstName,lastName,major,coopLevel,year,advisor) VALUES (43,63814,'Gusti','Kilian','Computer Engineering',1,2,105);
INSERT INTO Student(userId,nuId,firstName,lastName,major,coopLevel,year,advisor) VALUES (44,62863,'Betsey','Jurisic','Information Technology',1,4,113);
INSERT INTO Student(userId,nuId,firstName,lastName,major,coopLevel,year,advisor) VALUES (45,73710,'Audry','Guion','Music',1,3,94);
INSERT INTO Student(userId,nuId,firstName,lastName,major,coopLevel,year,advisor) VALUES (46,30837,'Tome','Bagehot','Linguistics',1,2,105);
INSERT INTO Student(userId,nuId,firstName,lastName,major,coopLevel,year,advisor) VALUES (47,11134,'Suzi','Delany','Physics',1,1,86);
INSERT INTO Student(userId,nuId,firstName,lastName,major,coopLevel,year,advisor) VALUES (48,36436,'Kendal','Newell','Business Administration',2,1,101);
INSERT INTO Student(userId,nuId,firstName,lastName,major,coopLevel,year,advisor) VALUES (49,24752,'Glori','Swoffer','Economics',2,3,94);
INSERT INTO Student(userId,nuId,firstName,lastName,major,coopLevel,year,advisor) VALUES (50,52808,'Chrotoem','Billion','Environmental Science',1,1,113);
INSERT INTO Student(userId,nuId,firstName,lastName,major,coopLevel,year,advisor) VALUES (51,83973,'Charlie','Betteney','Chemistry',1,3,97);
INSERT INTO Student(userId,nuId,firstName,lastName,major,coopLevel,year,advisor) VALUES (52,14726,'Camilla','Kyneton','Mathematics',1,3,120);
INSERT INTO Student(userId,nuId,firstName,lastName,major,coopLevel,year,advisor) VALUES (53,10742,'Sarita','Daykin','Chemistry',2,4,109);
INSERT INTO Student(userId,nuId,firstName,lastName,major,coopLevel,year,advisor) VALUES (54,22273,'Svend','Goves','Chemistry',2,4,108);
INSERT INTO Student(userId,nuId,firstName,lastName,major,coopLevel,year,advisor) VALUES (55,71943,'Nollie','Jezard','Education',2,2,118);
INSERT INTO Student(userId,nuId,firstName,lastName,major,coopLevel,year,advisor) VALUES (56,80943,'Alfy','Dmitrievski','Data Science',2,3,94);
INSERT INTO Student(userId,nuId,firstName,lastName,major,coopLevel,year,advisor) VALUES (57,56053,'Kriste','Ranscomb','Marketing',1,3,89);
INSERT INTO Student(userId,nuId,firstName,lastName,major,coopLevel,year,advisor) VALUES (58,92546,'Dulsea','Wisdom','Engineering',1,4,98);
INSERT INTO Student(userId,nuId,firstName,lastName,major,coopLevel,year,advisor) VALUES (59,20329,'Verla','Pattini','Data Science',1,3,115);
INSERT INTO Student(userId,nuId,firstName,lastName,major,coopLevel,year,advisor) VALUES (60,87545,'Conroy','Rubin','Chemistry',2,4,101);
INSERT INTO Student(userId,nuId,firstName,lastName,major,coopLevel,year,advisor) VALUES (61,88395,'Sheffield','Winchester','Marketing',2,3,118);
INSERT INTO Student(userId,nuId,firstName,lastName,major,coopLevel,year,advisor) VALUES (62,99557,'Ferd','Giraudel','Computer Engineering',1,4,101);
INSERT INTO Student(userId,nuId,firstName,lastName,major,coopLevel,year,advisor) VALUES (63,97427,'Gill','Claisse','Chemistry',1,3,93);
INSERT INTO Student(userId,nuId,firstName,lastName,major,coopLevel,year,advisor) VALUES (64,93033,'Willyt','Yakovich','Environmental Science',2,4,110);
INSERT INTO Student(userId,nuId,firstName,lastName,major,coopLevel,year,advisor) VALUES (65,33256,'Der','Brandino','Marketing',1,1,105);
INSERT INTO Student(userId,nuId,firstName,lastName,major,coopLevel,year,advisor) VALUES (66,17482,'Rita','Thecham','Computer Science',1,4,110);
INSERT INTO Student(userId,nuId,firstName,lastName,major,coopLevel,year,advisor) VALUES (67,93543,'Alix','Ibbetson','Environmental Science',1,3,99);
INSERT INTO Student(userId,nuId,firstName,lastName,major,coopLevel,year,advisor) VALUES (68,84151,'Katrinka','Pretsel','Economics',1,1,106);
INSERT INTO Student(userId,nuId,firstName,lastName,major,coopLevel,year,advisor) VALUES (69,27208,'Giselle','Nelane','Information Technology',2,4,94);
INSERT INTO Student(userId,nuId,firstName,lastName,major,coopLevel,year,advisor) VALUES (70,54394,'Wes','Hincks','Psychology',1,4,117);
INSERT INTO Student(userId,nuId,firstName,lastName,major,coopLevel,year,advisor) VALUES (71,52561,'Lennard','Dyett','Economics',1,1,95);
INSERT INTO Student(userId,nuId,firstName,lastName,major,coopLevel,year,advisor) VALUES (72,81739,'Courtenay','Jarrette','Education',2,3,108);
INSERT INTO Student(userId,nuId,firstName,lastName,major,coopLevel,year,advisor) VALUES (73,78251,'Pam','Radwell','Education',1,4,120);
INSERT INTO Student(userId,nuId,firstName,lastName,major,coopLevel,year,advisor) VALUES (74,75633,'Martita','Luciano','Information Technology',1,4,109);
INSERT INTO Student(userId,nuId,firstName,lastName,major,coopLevel,year,advisor) VALUES (75,44794,'Lindsay','Glauber','Computer Engineering',1,2,119);
INSERT INTO Student(userId,nuId,firstName,lastName,major,coopLevel,year,advisor) VALUES (76,11761,'Farleigh','Stoffer','Business Administration',2,2,105);
INSERT INTO Student(userId,nuId,firstName,lastName,major,coopLevel,year,advisor) VALUES (77,78498,'Gracie','Kitching','Finance',1,2,88);
INSERT INTO Student(userId,nuId,firstName,lastName,major,coopLevel,year,advisor) VALUES (78,34202,'Libby','Semper','Computer Science',1,1,97);
INSERT INTO Student(userId,nuId,firstName,lastName,major,coopLevel,year,advisor) VALUES (79,20963,'Keary','Canceller','Psychology',2,4,112);
INSERT INTO Student(userId,nuId,firstName,lastName,major,coopLevel,year,advisor) VALUES (80,85618,'Grayce','Coolican','Biology',1,3,92);




INSERT INTO SystemAdmin(userId,firstName,lastName,email) VALUES (1,'Warde','Christophe','warde.christophe@yahoo.com');
INSERT INTO SystemAdmin(userId,firstName,lastName,email) VALUES (2,'Marin','Redwood','marin.redwood@yahoo.fr');
INSERT INTO SystemAdmin(userId,firstName,lastName,email) VALUES (3,'Morena','Scrauniage','morena.scrauniage@yahoo.com');
INSERT INTO SystemAdmin(userId,firstName,lastName,email) VALUES (4,'Jobina','Fitzroy','jobina.fitzroy@hotmail.co.uk');
INSERT INTO SystemAdmin(userId,firstName,lastName,email) VALUES (5,'Bernardo','Slayford','bernardo.slayford@gmail.com');
INSERT INTO SystemAdmin(userId,firstName,lastName,email) VALUES (6,'Maximilian','Peschke','maximilian.peschke@yahoo.com');
INSERT INTO SystemAdmin(userId,firstName,lastName,email) VALUES (7,'Ailina','Horsefield','ailina.horsefield@hotmail.com');
INSERT INTO SystemAdmin(userId,firstName,lastName,email) VALUES (8,'Evvy','Barense','evvy.barense@hotmail.com');
INSERT INTO SystemAdmin(userId,firstName,lastName,email) VALUES (9,'Winston','Sager','winston.sager@hotmail.com');
INSERT INTO SystemAdmin(userId,firstName,lastName,email) VALUES (10,'Bibi','Merkle','bibi.merkle@hotmail.co.uk');
INSERT INTO SystemAdmin(userId,firstName,lastName,email) VALUES (11,'Auroora','Hebbs','auroora.hebbs@gmail.com');
INSERT INTO SystemAdmin(userId,firstName,lastName,email) VALUES (12,'Isadore','Mantha','isadore.mantha@yahoo.com');
INSERT INTO SystemAdmin(userId,firstName,lastName,email) VALUES (13,'Chickie','Kinney','chickie.kinney@gmail.com');
INSERT INTO SystemAdmin(userId,firstName,lastName,email) VALUES (14,'Drucie','Kingsman','drucie.kingsman@gmail.com');
INSERT INTO SystemAdmin(userId,firstName,lastName,email) VALUES (15,'Verney','Phizackarley','verney.phizackarley@wanadoo.fr');
INSERT INTO SystemAdmin(userId,firstName,lastName,email) VALUES (16,'Averil','Crumpton','averil.crumpton@yahoo.co.in');
INSERT INTO SystemAdmin(userId,firstName,lastName,email) VALUES (17,'Ignacius','Handover','ignacius.handover@gmail.com');
INSERT INTO SystemAdmin(userId,firstName,lastName,email) VALUES (18,'Jakob','Karpushkin','jakob.karpushkin@gmail.com');
INSERT INTO SystemAdmin(userId,firstName,lastName,email) VALUES (19,'Lela','Capstack','lela.capstack@yahoo.co.uk');
INSERT INTO SystemAdmin(userId,firstName,lastName,email) VALUES (20,'Guillema','Curling','guillema.curling@googlemail.com');
INSERT INTO SystemAdmin(userId,firstName,lastName,email) VALUES (21,'Maure','Riach','maure.riach@live.fr');
INSERT INTO SystemAdmin(userId,firstName,lastName,email) VALUES (22,'Barny','Northcote','barny.northcote@hotmail.com');
INSERT INTO SystemAdmin(userId,firstName,lastName,email) VALUES (23,'Pauline','Shannon','pauline.shannon@yahoo.com.br');
INSERT INTO SystemAdmin(userId,firstName,lastName,email) VALUES (24,'Hilly','Axcell','hilly.axcell@gmail.com');
INSERT INTO SystemAdmin(userId,firstName,lastName,email) VALUES (25,'Jaquith','Camell','jaquith.camell@alice.it');
INSERT INTO SystemAdmin(userId,firstName,lastName,email) VALUES (26,'Margeaux','Strange','margeaux.strange@web.de');
INSERT INTO SystemAdmin(userId,firstName,lastName,email) VALUES (27,'Rosa','Courtois','rosa.courtois@gmail.com');
INSERT INTO SystemAdmin(userId,firstName,lastName,email) VALUES (28,'Derk','Pinwill','derk.pinwill@hotmail.co.uk');
INSERT INTO SystemAdmin(userId,firstName,lastName,email) VALUES (29,'Silvia','Tothe','silvia.tothe@yahoo.com');
INSERT INTO SystemAdmin(userId,firstName,lastName,email) VALUES (30,'Peter','Arend','peter.arend@yahoo.com');
INSERT INTO SystemAdmin(userId,firstName,lastName,email) VALUES (31,'Natasha','Timby','natasha.timby@rediffmail.com');
INSERT INTO SystemAdmin(userId,firstName,lastName,email) VALUES (32,'Grace','Loyndon','grace.loyndon@bol.com.br');
INSERT INTO SystemAdmin(userId,firstName,lastName,email) VALUES (33,'Deidre','Jarrel','deidre.jarrel@hotmail.com');
INSERT INTO SystemAdmin(userId,firstName,lastName,email) VALUES (34,'Jerrilyn','Prescott','jerrilyn.prescott@yahoo.com');
INSERT INTO SystemAdmin(userId,firstName,lastName,email) VALUES (35,'Celine','Seckington','celine.seckington@yahoo.fr');
INSERT INTO SystemAdmin(userId,firstName,lastName,email) VALUES (36,'Nellie','Cranmor','nellie.cranmor@gmail.com');
INSERT INTO SystemAdmin(userId,firstName,lastName,email) VALUES (37,'Merrily','Braniff','merrily.braniff@yahoo.com');
INSERT INTO SystemAdmin(userId,firstName,lastName,email) VALUES (38,'Rachel','Rosen','rachel.rosen@yahoo.com');
INSERT INTO SystemAdmin(userId,firstName,lastName,email) VALUES (39,'Brunhilda','Vanderplas','brunhilda.vanderplas@hotmail.com');
INSERT INTO SystemAdmin(userId,firstName,lastName,email) VALUES (40,'Heall','Findlater','heall.findlater@gmail.com');



INSERT INTO Visualization(vizType,filters,company,createdBy,updatedBy) VALUES ('line','Confirmat',34,131,131);
INSERT INTO Visualization(vizType,filters,company,createdBy,updatedBy) VALUES ('table','Illa qua',19,149,149);
INSERT INTO Visualization(vizType,filters,company,createdBy,updatedBy) VALUES ('line','Haec uberiora certe',32,145,145);
INSERT INTO Visualization(vizType,filters,company,createdBy,updatedBy) VALUES ('bubble','Vero molita quippiam',18,158,158);
INSERT INTO Visualization(vizType,filters,company,createdBy,updatedBy) VALUES ('scatter','Culpa qui officia deserunt mollitia',20,121,121);
INSERT INTO Visualization(vizType,filters,company,createdBy,updatedBy) VALUES ('box plot','Est usus Epicurus Qui',26,137,137);
INSERT INTO Visualization(vizType,filters,company,createdBy,updatedBy) VALUES ('funnel','Quaedam et horrida',12,122,122);
INSERT INTO Visualization(vizType,filters,company,createdBy,updatedBy) VALUES ('scatter','Facile ut mihi quidem',27,128,128);
INSERT INTO Visualization(vizType,filters,company,createdBy,updatedBy) VALUES ('bar','Has',35,129,129);
INSERT INTO Visualization(vizType,filters,company,createdBy,updatedBy) VALUES ('gauge','Oratoribus bonis',27,124,124);
INSERT INTO Visualization(vizType,filters,company,createdBy,updatedBy) VALUES ('radar','Voluptas assumenda est omnis dolor',30,142,142);
INSERT INTO Visualization(vizType,filters,company,createdBy,updatedBy) VALUES ('area','In',40,150,150);
INSERT INTO Visualization(vizType,filters,company,createdBy,updatedBy) VALUES ('line','Et',12,148,148);
INSERT INTO Visualization(vizType,filters,company,createdBy,updatedBy) VALUES ('candlestick','Dici ab',30,146,146);
INSERT INTO Visualization(vizType,filters,company,createdBy,updatedBy) VALUES ('donut','Occulta quaedam et quasi involuta',2,126,126);
INSERT INTO Visualization(vizType,filters,company,createdBy,updatedBy) VALUES ('scatter','Id omne oritur',29,131,131);
INSERT INTO Visualization(vizType,filters,company,createdBy,updatedBy) VALUES ('candlestick','Quae',36,121,121);
INSERT INTO Visualization(vizType,filters,company,createdBy,updatedBy) VALUES ('tree map','Video esse',13,126,126);
INSERT INTO Visualization(vizType,filters,company,createdBy,updatedBy) VALUES ('bubble','Molestum est habeo',2,125,125);
INSERT INTO Visualization(vizType,filters,company,createdBy,updatedBy) VALUES ('area','Opus esse',6,136,136);
INSERT INTO Visualization(vizType,filters,company,createdBy,updatedBy) VALUES ('pie','Bene',14,155,155);
INSERT INTO Visualization(vizType,filters,company,createdBy,updatedBy) VALUES ('bar','Quid extremum',11,124,124);
INSERT INTO Visualization(vizType,filters,company,createdBy,updatedBy) VALUES ('tree map','Forte successerit at contra',26,126,126);
INSERT INTO Visualization(vizType,filters,company,createdBy,updatedBy) VALUES ('bubble','Talem videri fuisse in imperio',39,121,121);
INSERT INTO Visualization(vizType,filters,company,createdBy,updatedBy) VALUES ('bubble','Causa haec finxerat',12,148,148);
INSERT INTO Visualization(vizType,filters,company,createdBy,updatedBy) VALUES ('radar','Occulta quaedam et horrida de',26,151,151);
INSERT INTO Visualization(vizType,filters,company,createdBy,updatedBy) VALUES ('pie','Animo aequo e',15,142,142);
INSERT INTO Visualization(vizType,filters,company,createdBy,updatedBy) VALUES ('gauge','Litteris mandamus legere assueverit',19,128,128);
INSERT INTO Visualization(vizType,filters,company,createdBy,updatedBy) VALUES ('gauge','Vel ingenii liberalitati magis conveniunt',14,147,147);
INSERT INTO Visualization(vizType,filters,company,createdBy,updatedBy) VALUES ('bubble','De',22,158,158);
INSERT INTO Visualization(vizType,filters,company,createdBy,updatedBy) VALUES ('radar','Legendi',22,158,158);
INSERT INTO Visualization(vizType,filters,company,createdBy,updatedBy) VALUES ('funnel','Oratione perpetua',13,121,121);
INSERT INTO Visualization(vizType,filters,company,createdBy,updatedBy) VALUES ('heatmap','Numquam tamen',39,121,121);
INSERT INTO Visualization(vizType,filters,company,createdBy,updatedBy) VALUES ('box plot','Docet non quo ignorare vos',21,129,129);
INSERT INTO Visualization(vizType,filters,company,createdBy,updatedBy) VALUES ('box plot','Invenire volumus non tamquam adversarium',32,159,159);
INSERT INTO Visualization(vizType,filters,company,createdBy,updatedBy) VALUES ('donut','Nostrum',7,156,156);
INSERT INTO Visualization(vizType,filters,company,createdBy,updatedBy) VALUES ('tree map','Modo loqueretur intellegere',18,122,122);
INSERT INTO Visualization(vizType,filters,company,createdBy,updatedBy) VALUES ('area','Posse iudicare arbitrarer plura',24,134,134);
INSERT INTO Visualization(vizType,filters,company,createdBy,updatedBy) VALUES ('area','Sunt vituperandae',24,159,159);
INSERT INTO Visualization(vizType,filters,company,createdBy,updatedBy) VALUES ('area','** attulit rem commenticiam',2,155,155);


INSERT INTO Module(moduleName,moduleStatus,createdBy,updatedBy) VALUES ('User Authentication','Inactive',35,35);
INSERT INTO Module(moduleName,moduleStatus,createdBy,updatedBy) VALUES ('Order Processing','Completed',19,19);
INSERT INTO Module(moduleName,moduleStatus,createdBy,updatedBy) VALUES ('User Authentication','Inactive',8,8);
INSERT INTO Module(moduleName,moduleStatus,createdBy,updatedBy) VALUES ('Reporting and Analytics','Inactive',23,23);
INSERT INTO Module(moduleName,moduleStatus,createdBy,updatedBy) VALUES ('Order Processing','Pending',15,15);
INSERT INTO Module(moduleName,moduleStatus,createdBy,updatedBy) VALUES ('Order Processing','Completed',27,27);
INSERT INTO Module(moduleName,moduleStatus,createdBy,updatedBy) VALUES ('API Management','Active',24,24);
INSERT INTO Module(moduleName,moduleStatus,createdBy,updatedBy) VALUES ('Content Management','Pending',31,31);
INSERT INTO Module(moduleName,moduleStatus,createdBy,updatedBy) VALUES ('Payment Gateway Integration','Inactive',13,13);
INSERT INTO Module(moduleName,moduleStatus,createdBy,updatedBy) VALUES ('Inventory Tracking','Active',22,22);
INSERT INTO Module(moduleName,moduleStatus,createdBy,updatedBy) VALUES ('User Management','Active',14,14);
INSERT INTO Module(moduleName,moduleStatus,createdBy,updatedBy) VALUES ('User Management','Active',29,29);
INSERT INTO Module(moduleName,moduleStatus,createdBy,updatedBy) VALUES ('Subscription Management','Archived',31,31);
INSERT INTO Module(moduleName,moduleStatus,createdBy,updatedBy) VALUES ('Content Management','Active',4,4);
INSERT INTO Module(moduleName,moduleStatus,createdBy,updatedBy) VALUES ('Order Processing','Completed',15,15);
INSERT INTO Module(moduleName,moduleStatus,createdBy,updatedBy) VALUES ('Content Management','Inactive',35,35);
INSERT INTO Module(moduleName,moduleStatus,createdBy,updatedBy) VALUES ('Content Management','Failed',27,27);
INSERT INTO Module(moduleName,moduleStatus,createdBy,updatedBy) VALUES ('API Management','Active',14,14);
INSERT INTO Module(moduleName,moduleStatus,createdBy,updatedBy) VALUES ('User Authentication','Inactive',18,18);
INSERT INTO Module(moduleName,moduleStatus,createdBy,updatedBy) VALUES ('Notification System','Active',2,2);
INSERT INTO Module(moduleName,moduleStatus,createdBy,updatedBy) VALUES ('User Management','Pending',19,19);
INSERT INTO Module(moduleName,moduleStatus,createdBy,updatedBy) VALUES ('User Management','Inactive',40,40);
INSERT INTO Module(moduleName,moduleStatus,createdBy,updatedBy) VALUES ('Inventory Tracking','Inactive',5,5);
INSERT INTO Module(moduleName,moduleStatus,createdBy,updatedBy) VALUES ('Order Processing','Inactive',29,29);
INSERT INTO Module(moduleName,moduleStatus,createdBy,updatedBy) VALUES ('Subscription Management','Active',26,26);
INSERT INTO Module(moduleName,moduleStatus,createdBy,updatedBy) VALUES ('User Authentication','Archived',13,13);
INSERT INTO Module(moduleName,moduleStatus,createdBy,updatedBy) VALUES ('Notification System','Inactive',25,25);
INSERT INTO Module(moduleName,moduleStatus,createdBy,updatedBy) VALUES ('User Management','Failed',31,31);
INSERT INTO Module(moduleName,moduleStatus,createdBy,updatedBy) VALUES ('Reporting and Analytics','Active',10,10);
INSERT INTO Module(moduleName,moduleStatus,createdBy,updatedBy) VALUES ('Reporting and Analytics','Failed',18,18);
INSERT INTO Module(moduleName,moduleStatus,createdBy,updatedBy) VALUES ('Payment Gateway Integration','Completed',36,36);
INSERT INTO Module(moduleName,moduleStatus,createdBy,updatedBy) VALUES ('API Management','Failed',17,17);
INSERT INTO Module(moduleName,moduleStatus,createdBy,updatedBy) VALUES ('Order Processing','Completed',32,32);
INSERT INTO Module(moduleName,moduleStatus,createdBy,updatedBy) VALUES ('Order Processing','Pending',9,9);
INSERT INTO Module(moduleName,moduleStatus,createdBy,updatedBy) VALUES ('Order Processing','Archived',32,32);
INSERT INTO Module(moduleName,moduleStatus,createdBy,updatedBy) VALUES ('User Management','Inactive',21,21);
INSERT INTO Module(moduleName,moduleStatus,createdBy,updatedBy) VALUES ('Subscription Management','Inactive',32,32);
INSERT INTO Module(moduleName,moduleStatus,createdBy,updatedBy) VALUES ('Inventory Tracking','Inactive',39,39);
INSERT INTO Module(moduleName,moduleStatus,createdBy,updatedBy) VALUES ('API Management','Active',26,26);
INSERT INTO Module(moduleName,moduleStatus,createdBy,updatedBy) VALUES ('User Management','Completed',27,27);
 

INSERT INTO Company(companyName,size) VALUES ('Ultralife Corporation',6215);
INSERT INTO Company(companyName,size) VALUES ('Nuveen Virginia Quality Municipal Income Fund',7281);
INSERT INTO Company(companyName,size) VALUES ('Amplify Snack Brands, inc.',3300);
INSERT INTO Company(companyName,size) VALUES ('Medovex Corp.',4520);
INSERT INTO Company(companyName,size) VALUES ('Trustmark Corporation',6890);
INSERT INTO Company(companyName,size) VALUES ('Lydall, Inc.',6984);
INSERT INTO Company(companyName,size) VALUES ('Liberty Global plc',6520);
INSERT INTO Company(companyName,size) VALUES ('TriState Capital Holdings, Inc.',2470);
INSERT INTO Company(companyName,size) VALUES ('XG Technology, Inc',6995);
INSERT INTO Company(companyName,size) VALUES ('First Northwest Bancorp',3173);
INSERT INTO Company(companyName,size) VALUES ('Western Asset Global Corporate Defined Opportunity Fund Inc.',8709);
INSERT INTO Company(companyName,size) VALUES ('Global Net Lease, Inc.',1609);
INSERT INTO Company(companyName,size) VALUES ('TICC Capital Corp.',7941);
INSERT INTO Company(companyName,size) VALUES ('iShares 20+ Year Treasury Bond ETF',1092);
INSERT INTO Company(companyName,size) VALUES ('Asta Funding, Inc.',8306);
INSERT INTO Company(companyName,size) VALUES ('Akebia Therapeutics, Inc.',7561);
INSERT INTO Company(companyName,size) VALUES ('Peregrine Pharmaceuticals Inc.',1414);
INSERT INTO Company(companyName,size) VALUES ('PIMCO Income Strategy Fund',1964);
INSERT INTO Company(companyName,size) VALUES ('WisdomTree Western Asset Unconstrained Bond Fund',2849);
INSERT INTO Company(companyName,size) VALUES ('The ONE Group Hospitality, Inc.',4369);
INSERT INTO Company(companyName,size) VALUES ('Ambev S.A.',9047);
INSERT INTO Company(companyName,size) VALUES ('Nutanix, Inc.',4168);
INSERT INTO Company(companyName,size) VALUES ('Oncobiologics, Inc.',2585);
INSERT INTO Company(companyName,size) VALUES ('Kronos Worldwide Inc',5591);
INSERT INTO Company(companyName,size) VALUES ('B&G Foods, Inc.',4379);
INSERT INTO Company(companyName,size) VALUES ('Southern Copper Corporation',6214);
INSERT INTO Company(companyName,size) VALUES ('PolarityTE, Inc.',433);
INSERT INTO Company(companyName,size) VALUES ('Veracyte, Inc.',8989);
INSERT INTO Company(companyName,size) VALUES ('Choice Hotels International, Inc.',1266);
INSERT INTO Company(companyName,size) VALUES ('Corporate Asset Backed Corp CABCO',4449);
INSERT INTO Company(companyName,size) VALUES ('Liberty Media Corporation',4376);
INSERT INTO Company(companyName,size) VALUES ('Univar Inc.',4531);
INSERT INTO Company(companyName,size) VALUES ('Vaalco Energy Inc',4433);
INSERT INTO Company(companyName,size) VALUES ('Colony NorthStar, Inc.',7056);
INSERT INTO Company(companyName,size) VALUES ('Calamos Convertible and High Income Fund',1996);
INSERT INTO Company(companyName,size) VALUES ('Asia Tigers Fund, Inc. (The)',1258);
INSERT INTO Company(companyName,size) VALUES ('VivoPower International PLC',7898);
INSERT INTO Company(companyName,size) VALUES ('Reis, Inc',3536);
INSERT INTO Company(companyName,size) VALUES ('Onvia, Inc.',3048);
INSERT INTO Company(companyName,size) VALUES ('Goldman Sachs MLP Energy Renaissance Fund',7423);


INSERT INTO UserModule(userType,moduleId) VALUES ('Student',37);
INSERT INTO UserModule(userType,moduleId) VALUES ('Employer',21);
INSERT INTO UserModule(userType,moduleId) VALUES ('DataAnalyst',1);
INSERT INTO UserModule(userType,moduleId) VALUES ('Employer',20);
INSERT INTO UserModule(userType,moduleId) VALUES ('SystemAdmin',27);
INSERT INTO UserModule(userType,moduleId) VALUES ('Student',26);
INSERT INTO UserModule(userType,moduleId) VALUES ('SystemAdmin',21);
INSERT INTO UserModule(userType,moduleId) VALUES ('SystemAdmin',31);
INSERT INTO UserModule(userType,moduleId) VALUES ('DataAnalyst',2);
INSERT INTO UserModule(userType,moduleId) VALUES ('Employer',18);
INSERT INTO UserModule(userType,moduleId) VALUES ('DataAnalyst',3);
INSERT INTO UserModule(userType,moduleId) VALUES ('DataAnalyst',4);
INSERT INTO UserModule(userType,moduleId) VALUES ('Student',22);
INSERT INTO UserModule(userType,moduleId) VALUES ('Student',24);
INSERT INTO UserModule(userType,moduleId) VALUES ('Student',28);
INSERT INTO UserModule(userType,moduleId) VALUES ('SystemAdmin',28);
INSERT INTO UserModule(userType,moduleId) VALUES ('SystemAdmin',35);
INSERT INTO UserModule(userType,moduleId) VALUES ('Employer',31);
INSERT INTO UserModule(userType,moduleId) VALUES ('DataAnalyst',5);
INSERT INTO UserModule(userType,moduleId) VALUES ('Employer',13);
INSERT INTO UserModule(userType,moduleId) VALUES ('DataAnalyst',24);
INSERT INTO UserModule(userType,moduleId) VALUES ('Student',15);
INSERT INTO UserModule(userType,moduleId) VALUES ('SystemAdmin',5);
INSERT INTO UserModule(userType,moduleId) VALUES ('Employer',32);
INSERT INTO UserModule(userType,moduleId) VALUES ('DataAnalyst',6);
INSERT INTO UserModule(userType,moduleId) VALUES ('DataAnalyst',7);
INSERT INTO UserModule(userType,moduleId) VALUES ('SystemAdmin',30);
INSERT INTO UserModule(userType,moduleId) VALUES ('Advisor',38);
INSERT INTO UserModule(userType,moduleId) VALUES ('Student',20);
INSERT INTO UserModule(userType,moduleId) VALUES ('SystemAdmin',3);
INSERT INTO UserModule(userType,moduleId) VALUES ('SystemAdmin',34);
INSERT INTO UserModule(userType,moduleId) VALUES ('Advisor',27);
INSERT INTO UserModule(userType,moduleId) VALUES ('DataAnalyst',8);
INSERT INTO UserModule(userType,moduleId) VALUES ('DataAnalyst',9);
INSERT INTO UserModule(userType,moduleId) VALUES ('DataAnalyst',10);
INSERT INTO UserModule(userType,moduleId) VALUES ('Student',29);
INSERT INTO UserModule(userType,moduleId) VALUES ('DataAnalyst',11);
INSERT INTO UserModule(userType,moduleId) VALUES ('Advisor',12);
INSERT INTO UserModule(userType,moduleId) VALUES ('SystemAdmin',38);
INSERT INTO UserModule(userType,moduleId) VALUES ('Student',35);
INSERT INTO UserModule(userType,moduleId) VALUES ('Advisor',16);
INSERT INTO UserModule(userType,moduleId) VALUES ('Advisor',2);
INSERT INTO UserModule(userType,moduleId) VALUES ('Advisor',28);
INSERT INTO UserModule(userType,moduleId) VALUES ('Student',40);
INSERT INTO UserModule(userType,moduleId) VALUES ('Advisor',11);
INSERT INTO UserModule(userType,moduleId) VALUES ('Student',10);
INSERT INTO UserModule(userType,moduleId) VALUES ('Advisor',17);
INSERT INTO UserModule(userType,moduleId) VALUES ('DataAnalyst',12);
INSERT INTO UserModule(userType,moduleId) VALUES ('DataAnalyst',28);
INSERT INTO UserModule(userType,moduleId) VALUES ('Employer',15);
INSERT INTO UserModule(userType,moduleId) VALUES ('DataAnalyst',23);
INSERT INTO UserModule(userType,moduleId) VALUES ('DataAnalyst',13);
INSERT INTO UserModule(userType,moduleId) VALUES ('Advisor',35);
INSERT INTO UserModule(userType,moduleId) VALUES ('SystemAdmin',36);
INSERT INTO UserModule(userType,moduleId) VALUES ('DataAnalyst',14);
INSERT INTO UserModule(userType,moduleId) VALUES ('Student',27);
INSERT INTO UserModule(userType,moduleId) VALUES ('Employer',34);
INSERT INTO UserModule(userType,moduleId) VALUES ('Advisor',26);
INSERT INTO UserModule(userType,moduleId) VALUES ('Student',30);
INSERT INTO UserModule(userType,moduleId) VALUES ('Advisor',29);
INSERT INTO UserModule(userType,moduleId) VALUES ('SystemAdmin',18);
INSERT INTO UserModule(userType,moduleId) VALUES ('Student',36);
INSERT INTO UserModule(userType,moduleId) VALUES ('SystemAdmin',7);
INSERT INTO UserModule(userType,moduleId) VALUES ('Advisor',15);
INSERT INTO UserModule(userType,moduleId) VALUES ('Employer',25);
INSERT INTO UserModule(userType,moduleId) VALUES ('Employer',23);
INSERT INTO UserModule(userType,moduleId) VALUES ('SystemAdmin',26);
INSERT INTO UserModule(userType,moduleId) VALUES ('Student',12);
INSERT INTO UserModule(userType,moduleId) VALUES ('Employer',5);
INSERT INTO UserModule(userType,moduleId) VALUES ('Employer',33);
INSERT INTO UserModule(userType,moduleId) VALUES ('Student',18);
INSERT INTO UserModule(userType,moduleId) VALUES ('Student',34);
INSERT INTO UserModule(userType,moduleId) VALUES ('Advisor',30);
INSERT INTO UserModule(userType,moduleId) VALUES ('DataAnalyst',15);
INSERT INTO UserModule(userType,moduleId) VALUES ('Employer',39);
INSERT INTO UserModule(userType,moduleId) VALUES ('Employer',8);
INSERT INTO UserModule(userType,moduleId) VALUES ('DataAnalyst',16);
INSERT INTO UserModule(userType,moduleId) VALUES ('DataAnalyst',17);
INSERT INTO UserModule(userType,moduleId) VALUES ('Employer',17);
INSERT INTO UserModule(userType,moduleId) VALUES ('SystemAdmin',22);
INSERT INTO UserModule(userType,moduleId) VALUES ('SystemAdmin',11);
INSERT INTO UserModule(userType,moduleId) VALUES ('SystemAdmin',6);
INSERT INTO UserModule(userType,moduleId) VALUES ('Advisor',36);
INSERT INTO UserModule(userType,moduleId) VALUES ('DataAnalyst',29);
INSERT INTO UserModule(userType,moduleId) VALUES ('Employer',40);
INSERT INTO UserModule(userType,moduleId) VALUES ('SystemAdmin',20);
INSERT INTO UserModule(userType,moduleId) VALUES ('SystemAdmin',8);
INSERT INTO UserModule(userType,moduleId) VALUES ('Employer',22);
INSERT INTO UserModule(userType,moduleId) VALUES ('DataAnalyst',37);
INSERT INTO UserModule(userType,moduleId) VALUES ('Advisor',10);
INSERT INTO UserModule(userType,moduleId) VALUES ('Student',39);
INSERT INTO UserModule(userType,moduleId) VALUES ('SystemAdmin',10);
INSERT INTO UserModule(userType,moduleId) VALUES ('Employer',14);
INSERT INTO UserModule(userType,moduleId) VALUES ('Advisor',14);
INSERT INTO UserModule(userType,moduleId) VALUES ('Employer',29);
INSERT INTO UserModule(userType,moduleId) VALUES ('Student',1);
INSERT INTO UserModule(userType,moduleId) VALUES ('Employer',27);
INSERT INTO UserModule(userType,moduleId) VALUES ('SystemAdmin',25);
INSERT INTO UserModule(userType,moduleId) VALUES ('Employer',38);
INSERT INTO UserModule(userType,moduleId) VALUES ('Student',7);


INSERT INTO DataAnalyst(userId,firstName,lastName) VALUES (121,'Ailis','Huggins');
INSERT INTO DataAnalyst(userId,firstName,lastName) VALUES (122,'Cristie','Kittle');
INSERT INTO DataAnalyst(userId,firstName,lastName) VALUES (123,'Barbara','Broderick');
INSERT INTO DataAnalyst(userId,firstName,lastName) VALUES (124,'Lonnie','Lukas');
INSERT INTO DataAnalyst(userId,firstName,lastName) VALUES (125,'Javier','Keen');
INSERT INTO DataAnalyst(userId,firstName,lastName) VALUES (126,'Lorrin','Rosenshine');
INSERT INTO DataAnalyst(userId,firstName,lastName) VALUES (127,'Odelia','Muggeridge');
INSERT INTO DataAnalyst(userId,firstName,lastName) VALUES (128,'Libbi','Dadson');
INSERT INTO DataAnalyst(userId,firstName,lastName) VALUES (129,'Jacinta','Rowsel');
INSERT INTO DataAnalyst(userId,firstName,lastName) VALUES (130,'Hewitt','Stapels');
INSERT INTO DataAnalyst(userId,firstName,lastName) VALUES (131,'Madelene','Curdell');
INSERT INTO DataAnalyst(userId,firstName,lastName) VALUES (132,'Guss','Rennock');
INSERT INTO DataAnalyst(userId,firstName,lastName) VALUES (133,'Bernardo','Rival');
INSERT INTO DataAnalyst(userId,firstName,lastName) VALUES (134,'Dion','Monro');
INSERT INTO DataAnalyst(userId,firstName,lastName) VALUES (135,'Dugald','Pain');
INSERT INTO DataAnalyst(userId,firstName,lastName) VALUES (136,'Carlyn','Satyford');
INSERT INTO DataAnalyst(userId,firstName,lastName) VALUES (137,'Quentin','Broome');
INSERT INTO DataAnalyst(userId,firstName,lastName) VALUES (138,'Joshua','Cotterrill');
INSERT INTO DataAnalyst(userId,firstName,lastName) VALUES (139,'Rodd','Sallowaye');
INSERT INTO DataAnalyst(userId,firstName,lastName) VALUES (140,'Frannie','Andreone');
INSERT INTO DataAnalyst(userId,firstName,lastName) VALUES (141,'Karoline','Coldman');
INSERT INTO DataAnalyst(userId,firstName,lastName) VALUES (142,'Tobit','Fobidge');
INSERT INTO DataAnalyst(userId,firstName,lastName) VALUES (143,'Gene','Osgar');
INSERT INTO DataAnalyst(userId,firstName,lastName) VALUES (144,'Salomon','Schooling');
INSERT INTO DataAnalyst(userId,firstName,lastName) VALUES (145,'Iormina','Marin');
INSERT INTO DataAnalyst(userId,firstName,lastName) VALUES (146,'Kenneth','Bonnesen');
INSERT INTO DataAnalyst(userId,firstName,lastName) VALUES (147,'Earlie','Brogiotti');
INSERT INTO DataAnalyst(userId,firstName,lastName) VALUES (148,'Ronny','Lammie');
INSERT INTO DataAnalyst(userId,firstName,lastName) VALUES (149,'Pall','Tadd');
INSERT INTO DataAnalyst(userId,firstName,lastName) VALUES (150,'Pauly','Sweetzer');
INSERT INTO DataAnalyst(userId,firstName,lastName) VALUES (151,'Barney','Prime');
INSERT INTO DataAnalyst(userId,firstName,lastName) VALUES (152,'Amelia','Marjanski');
INSERT INTO DataAnalyst(userId,firstName,lastName) VALUES (153,'Carley','Porker');
INSERT INTO DataAnalyst(userId,firstName,lastName) VALUES (154,'Pippo','Gueste');
INSERT INTO DataAnalyst(userId,firstName,lastName) VALUES (155,'Riccardo','Tockell');
INSERT INTO DataAnalyst(userId,firstName,lastName) VALUES (156,'Sherrie','Roja');
INSERT INTO DataAnalyst(userId,firstName,lastName) VALUES (157,'Maddy','Klampt');
INSERT INTO DataAnalyst(userId,firstName,lastName) VALUES (158,'Maude','Fiennes');
INSERT INTO DataAnalyst(userId,firstName,lastName) VALUES (159,'Valli','Renahan');
INSERT INTO DataAnalyst(userId,firstName,lastName) VALUES (160,'Giacopo','Girhard');
 



INSERT INTO Favorite(userId,coopId) VALUES (66,3);
INSERT INTO Favorite(userId,coopId) VALUES (53,29);
INSERT INTO Favorite(userId,coopId) VALUES (67,36);
INSERT INTO Favorite(userId,coopId) VALUES (74,38);
INSERT INTO Favorite(userId,coopId) VALUES (72,5);
INSERT INTO Favorite(userId,coopId) VALUES (60,33);
INSERT INTO Favorite(userId,coopId) VALUES (65,1);
INSERT INTO Favorite(userId,coopId) VALUES (56,20);
INSERT INTO Favorite(userId,coopId) VALUES (56,12);
INSERT INTO Favorite(userId,coopId) VALUES (80,7);
INSERT INTO Favorite(userId,coopId) VALUES (46,8);
INSERT INTO Favorite(userId,coopId) VALUES (73,38);
INSERT INTO Favorite(userId,coopId) VALUES (65,7);
INSERT INTO Favorite(userId,coopId) VALUES (62,13);
INSERT INTO Favorite(userId,coopId) VALUES (44,15);
INSERT INTO Favorite(userId,coopId) VALUES (47,21);
INSERT INTO Favorite(userId,coopId) VALUES (70,38);
INSERT INTO Favorite(userId,coopId) VALUES (58,28);
INSERT INTO Favorite(userId,coopId) VALUES (80,2);
INSERT INTO Favorite(userId,coopId) VALUES (51,17);
INSERT INTO Favorite(userId,coopId) VALUES (55,9);
INSERT INTO Favorite(userId,coopId) VALUES (56,39);
INSERT INTO Favorite(userId,coopId) VALUES (69,3);
INSERT INTO Favorite(userId,coopId) VALUES (60,14);
INSERT INTO Favorite(userId,coopId) VALUES (73,20);
INSERT INTO Favorite(userId,coopId) VALUES (74,29);
INSERT INTO Favorite(userId,coopId) VALUES (69,36);
INSERT INTO Favorite(userId,coopId) VALUES (58,2);
INSERT INTO Favorite(userId,coopId) VALUES (79,29);
INSERT INTO Favorite(userId,coopId) VALUES (69,23);
INSERT INTO Favorite(userId,coopId) VALUES (65,12);
INSERT INTO Favorite(userId,coopId) VALUES (70,37);
INSERT INTO Favorite(userId,coopId) VALUES (54,20);
INSERT INTO Favorite(userId,coopId) VALUES (64,18);
INSERT INTO Favorite(userId,coopId) VALUES (67,5);
INSERT INTO Favorite(userId,coopId) VALUES (79,13);
INSERT INTO Favorite(userId,coopId) VALUES (43,2);
INSERT INTO Favorite(userId,coopId) VALUES (71,37);
INSERT INTO Favorite(userId,coopId) VALUES (61,26);
INSERT INTO Favorite(userId,coopId) VALUES (44,36);
INSERT INTO Favorite(userId,coopId) VALUES (42,12);
INSERT INTO Favorite(userId,coopId) VALUES (56,29);
INSERT INTO Favorite(userId,coopId) VALUES (61,25);
INSERT INTO Favorite(userId,coopId) VALUES (55,6);
INSERT INTO Favorite(userId,coopId) VALUES (47,34);
INSERT INTO Favorite(userId,coopId) VALUES (46,37);
INSERT INTO Favorite(userId,coopId) VALUES (62,5);
INSERT INTO Favorite(userId,coopId) VALUES (41,3);
INSERT INTO Favorite(userId,coopId) VALUES (56,2);
INSERT INTO Favorite(userId,coopId) VALUES (52,10);
INSERT INTO Favorite(userId,coopId) VALUES (45,29);
INSERT INTO Favorite(userId,coopId) VALUES (68,7);
INSERT INTO Favorite(userId,coopId) VALUES (58,3);
INSERT INTO Favorite(userId,coopId) VALUES (41,22);
INSERT INTO Favorite(userId,coopId) VALUES (66,13);
INSERT INTO Favorite(userId,coopId) VALUES (63,38);
INSERT INTO Favorite(userId,coopId) VALUES (45,15);
INSERT INTO Favorite(userId,coopId) VALUES (60,16);
INSERT INTO Favorite(userId,coopId) VALUES (79,36);
INSERT INTO Favorite(userId,coopId) VALUES (47,31);
INSERT INTO Favorite(userId,coopId) VALUES (74,6);
INSERT INTO Favorite(userId,coopId) VALUES (41,39);
INSERT INTO Favorite(userId,coopId) VALUES (75,16);
INSERT INTO Favorite(userId,coopId) VALUES (42,9);
INSERT INTO Favorite(userId,coopId) VALUES (60,32);
INSERT INTO Favorite(userId,coopId) VALUES (56,40);
INSERT INTO Favorite(userId,coopId) VALUES (45,2);
INSERT INTO Favorite(userId,coopId) VALUES (49,24);
INSERT INTO Favorite(userId,coopId) VALUES (46,24);
INSERT INTO Favorite(userId,coopId) VALUES (58,7);
INSERT INTO Favorite(userId,coopId) VALUES (71,36);
INSERT INTO Favorite(userId,coopId) VALUES (51,39);
INSERT INTO Favorite(userId,coopId) VALUES (78,20);
INSERT INTO Favorite(userId,coopId) VALUES (52,27);
INSERT INTO Favorite(userId,coopId) VALUES (64,27);
INSERT INTO Favorite(userId,coopId) VALUES (57,16);
INSERT INTO Favorite(userId,coopId) VALUES (77,18);
INSERT INTO Favorite(userId,coopId) VALUES (61,10);
INSERT INTO Favorite(userId,coopId) VALUES (52,12);
INSERT INTO Favorite(userId,coopId) VALUES (69,38);
INSERT INTO Favorite(userId,coopId) VALUES (80,39);
INSERT INTO Favorite(userId,coopId) VALUES (72,31);
INSERT INTO Favorite(userId,coopId) VALUES (62,7);
INSERT INTO Favorite(userId,coopId) VALUES (50,22);
INSERT INTO Favorite(userId,coopId) VALUES (44,2);
INSERT INTO Favorite(userId,coopId) VALUES (60,34);
INSERT INTO Favorite(userId,coopId) VALUES (75,23);
INSERT INTO Favorite(userId,coopId) VALUES (62,39);
INSERT INTO Favorite(userId,coopId) VALUES (59,39);
INSERT INTO Favorite(userId,coopId) VALUES (68,37);
INSERT INTO Favorite(userId,coopId) VALUES (45,27);
INSERT INTO Favorite(userId,coopId) VALUES (69,34);
INSERT INTO Favorite(userId,coopId) VALUES (60,38);
INSERT INTO Favorite(userId,coopId) VALUES (67,16);
INSERT INTO Favorite(userId,coopId) VALUES (71,23);
INSERT INTO Favorite(userId,coopId) VALUES (52,3);
INSERT INTO Favorite(userId,coopId) VALUES (51,38);
INSERT INTO Favorite(userId,coopId) VALUES (67,15);
INSERT INTO Favorite(userId,coopId) VALUES (69,19);
INSERT INTO Favorite(userId,coopId) VALUES (45,38);




