SET @OLD_UNIQUE_CHECKS=@@UNIQUE_CHECKS, UNIQUE_CHECKS=0;
SET @OLD_FOREIGN_KEY_CHECKS=@@FOREIGN_KEY_CHECKS, FOREIGN_KEY_CHECKS=0;

USE `nu-clear-database`;


-- Dumping data for table 'User'
INSERT INTO `User` (`userId`, `userType`) VALUES (1, 'SystemAdmin');
INSERT INTO `User` (`userId`, `userType`) VALUES (2, 'SystemAdmin');
INSERT INTO `User` (`userId`, `userType`) VALUES (3, 'SystemAdmin');
INSERT INTO `User` (`userId`, `userType`) VALUES (4, 'SystemAdmin');
INSERT INTO `User` (`userId`, `userType`) VALUES (5, 'SystemAdmin');
INSERT INTO `User` (`userId`, `userType`) VALUES (6, 'SystemAdmin');
INSERT INTO `User` (`userId`, `userType`) VALUES (7, 'SystemAdmin');
INSERT INTO `User` (`userId`, `userType`) VALUES (8, 'SystemAdmin');
INSERT INTO `User` (`userId`, `userType`) VALUES (9, 'SystemAdmin');
INSERT INTO `User` (`userId`, `userType`) VALUES (10, 'SystemAdmin');
INSERT INTO `User` (`userId`, `userType`) VALUES (11, 'SystemAdmin');
INSERT INTO `User` (`userId`, `userType`) VALUES (12, 'SystemAdmin');
INSERT INTO `User` (`userId`, `userType`) VALUES (13, 'SystemAdmin');
INSERT INTO `User` (`userId`, `userType`) VALUES (14, 'SystemAdmin');
INSERT INTO `User` (`userId`, `userType`) VALUES (15, 'SystemAdmin');
INSERT INTO `User` (`userId`, `userType`) VALUES (16, 'SystemAdmin');
INSERT INTO `User` (`userId`, `userType`) VALUES (17, 'SystemAdmin');
INSERT INTO `User` (`userId`, `userType`) VALUES (18, 'SystemAdmin');
INSERT INTO `User` (`userId`, `userType`) VALUES (19, 'SystemAdmin');
INSERT INTO `User` (`userId`, `userType`) VALUES (20, 'SystemAdmin');
INSERT INTO `User` (`userId`, `userType`) VALUES (21, 'SystemAdmin');
INSERT INTO `User` (`userId`, `userType`) VALUES (22, 'SystemAdmin');
INSERT INTO `User` (`userId`, `userType`) VALUES (23, 'SystemAdmin');
INSERT INTO `User` (`userId`, `userType`) VALUES (24, 'SystemAdmin');
INSERT INTO `User` (`userId`, `userType`) VALUES (25, 'SystemAdmin');
INSERT INTO `User` (`userId`, `userType`) VALUES (26, 'SystemAdmin');
INSERT INTO `User` (`userId`, `userType`) VALUES (27, 'SystemAdmin');
INSERT INTO `User` (`userId`, `userType`) VALUES (28, 'SystemAdmin');
INSERT INTO `User` (`userId`, `userType`) VALUES (29, 'SystemAdmin');
INSERT INTO `User` (`userId`, `userType`) VALUES (30, 'SystemAdmin');
INSERT INTO `User` (`userId`, `userType`) VALUES (31, 'Student');
INSERT INTO `User` (`userId`, `userType`) VALUES (32, 'Student');
INSERT INTO `User` (`userId`, `userType`) VALUES (33, 'Student');
INSERT INTO `User` (`userId`, `userType`) VALUES (34, 'Student');
INSERT INTO `User` (`userId`, `userType`) VALUES (35, 'Student');
INSERT INTO `User` (`userId`, `userType`) VALUES (36, 'Student');
INSERT INTO `User` (`userId`, `userType`) VALUES (37, 'Student');
INSERT INTO `User` (`userId`, `userType`) VALUES (38, 'Student');
INSERT INTO `User` (`userId`, `userType`) VALUES (39, 'Student');
INSERT INTO `User` (`userId`, `userType`) VALUES (40, 'Student');
INSERT INTO `User` (`userId`, `userType`) VALUES (41, 'Student');
INSERT INTO `User` (`userId`, `userType`) VALUES (42, 'Student');
INSERT INTO `User` (`userId`, `userType`) VALUES (43, 'Student');
INSERT INTO `User` (`userId`, `userType`) VALUES (44, 'Student');
INSERT INTO `User` (`userId`, `userType`) VALUES (45, 'Student');
INSERT INTO `User` (`userId`, `userType`) VALUES (46, 'Student');
INSERT INTO `User` (`userId`, `userType`) VALUES (47, 'Student');
INSERT INTO `User` (`userId`, `userType`) VALUES (48, 'Student');
INSERT INTO `User` (`userId`, `userType`) VALUES (49, 'Student');
INSERT INTO `User` (`userId`, `userType`) VALUES (50, 'Student');
INSERT INTO `User` (`userId`, `userType`) VALUES (51, 'Student');
INSERT INTO `User` (`userId`, `userType`) VALUES (52, 'Student');
INSERT INTO `User` (`userId`, `userType`) VALUES (53, 'Student');
INSERT INTO `User` (`userId`, `userType`) VALUES (54, 'Student');
INSERT INTO `User` (`userId`, `userType`) VALUES (55, 'Student');
INSERT INTO `User` (`userId`, `userType`) VALUES (56, 'Student');
INSERT INTO `User` (`userId`, `userType`) VALUES (57, 'Student');
INSERT INTO `User` (`userId`, `userType`) VALUES (58, 'Student');
INSERT INTO `User` (`userId`, `userType`) VALUES (59, 'Student');
INSERT INTO `User` (`userId`, `userType`) VALUES (60, 'Student');
INSERT INTO `User` (`userId`, `userType`) VALUES (61, 'Advisor');
INSERT INTO `User` (`userId`, `userType`) VALUES (62, 'Advisor');
INSERT INTO `User` (`userId`, `userType`) VALUES (63, 'Advisor');
INSERT INTO `User` (`userId`, `userType`) VALUES (64, 'Advisor');
INSERT INTO `User` (`userId`, `userType`) VALUES (65, 'Advisor');
INSERT INTO `User` (`userId`, `userType`) VALUES (66, 'Advisor');
INSERT INTO `User` (`userId`, `userType`) VALUES (67, 'Advisor');
INSERT INTO `User` (`userId`, `userType`) VALUES (68, 'Advisor');
INSERT INTO `User` (`userId`, `userType`) VALUES (69, 'Advisor');
INSERT INTO `User` (`userId`, `userType`) VALUES (70, 'Advisor');
INSERT INTO `User` (`userId`, `userType`) VALUES (71, 'Advisor');
INSERT INTO `User` (`userId`, `userType`) VALUES (72, 'Advisor');
INSERT INTO `User` (`userId`, `userType`) VALUES (73, 'Advisor');
INSERT INTO `User` (`userId`, `userType`) VALUES (74, 'Advisor');
INSERT INTO `User` (`userId`, `userType`) VALUES (75, 'Advisor');
INSERT INTO `User` (`userId`, `userType`) VALUES (76, 'Advisor');
INSERT INTO `User` (`userId`, `userType`) VALUES (77, 'Advisor');
INSERT INTO `User` (`userId`, `userType`) VALUES (78, 'Advisor');
INSERT INTO `User` (`userId`, `userType`) VALUES (79, 'Advisor');
INSERT INTO `User` (`userId`, `userType`) VALUES (80, 'Advisor');
INSERT INTO `User` (`userId`, `userType`) VALUES (81, 'Advisor');
INSERT INTO `User` (`userId`, `userType`) VALUES (82, 'Advisor');
INSERT INTO `User` (`userId`, `userType`) VALUES (83, 'Advisor');
INSERT INTO `User` (`userId`, `userType`) VALUES (84, 'Advisor');
INSERT INTO `User` (`userId`, `userType`) VALUES (85, 'Advisor');
INSERT INTO `User` (`userId`, `userType`) VALUES (86, 'Advisor');
INSERT INTO `User` (`userId`, `userType`) VALUES (87, 'Advisor');
INSERT INTO `User` (`userId`, `userType`) VALUES (88, 'Advisor');
INSERT INTO `User` (`userId`, `userType`) VALUES (89, 'Advisor');
INSERT INTO `User` (`userId`, `userType`) VALUES (90, 'Advisor');
INSERT INTO `User` (`userId`, `userType`) VALUES (91, 'Data Analyst');
INSERT INTO `User` (`userId`, `userType`) VALUES (92, 'Data Analyst');
INSERT INTO `User` (`userId`, `userType`) VALUES (93, 'Data Analyst');
INSERT INTO `User` (`userId`, `userType`) VALUES (94, 'Data Analyst');
INSERT INTO `User` (`userId`, `userType`) VALUES (95, 'Data Analyst');
INSERT INTO `User` (`userId`, `userType`) VALUES (96, 'Data Analyst');
INSERT INTO `User` (`userId`, `userType`) VALUES (97, 'Data Analyst');
INSERT INTO `User` (`userId`, `userType`) VALUES (98, 'Data Analyst');
INSERT INTO `User` (`userId`, `userType`) VALUES (99, 'Data Analyst');
INSERT INTO `User` (`userId`, `userType`) VALUES (100, 'Data Analyst');
INSERT INTO `User` (`userId`, `userType`) VALUES (101, 'Data Analyst');
INSERT INTO `User` (`userId`, `userType`) VALUES (102, 'Data Analyst');
INSERT INTO `User` (`userId`, `userType`) VALUES (103, 'Data Analyst');
INSERT INTO `User` (`userId`, `userType`) VALUES (104, 'Data Analyst');
INSERT INTO `User` (`userId`, `userType`) VALUES (105, 'Data Analyst');
INSERT INTO `User` (`userId`, `userType`) VALUES (106, 'Data Analyst');
INSERT INTO `User` (`userId`, `userType`) VALUES (107, 'Data Analyst');
INSERT INTO `User` (`userId`, `userType`) VALUES (108, 'Data Analyst');
INSERT INTO `User` (`userId`, `userType`) VALUES (109, 'Data Analyst');
INSERT INTO `User` (`userId`, `userType`) VALUES (110, 'Data Analyst');
INSERT INTO `User` (`userId`, `userType`) VALUES (111, 'Data Analyst');
INSERT INTO `User` (`userId`, `userType`) VALUES (112, 'Data Analyst');
INSERT INTO `User` (`userId`, `userType`) VALUES (113, 'Data Analyst');
INSERT INTO `User` (`userId`, `userType`) VALUES (114, 'Data Analyst');
INSERT INTO `User` (`userId`, `userType`) VALUES (115, 'Data Analyst');
INSERT INTO `User` (`userId`, `userType`) VALUES (116, 'Data Analyst');
INSERT INTO `User` (`userId`, `userType`) VALUES (117, 'Data Analyst');
INSERT INTO `User` (`userId`, `userType`) VALUES (118, 'Data Analyst');
INSERT INTO `User` (`userId`, `userType`) VALUES (119, 'Data Analyst');
INSERT INTO `User` (`userId`, `userType`) VALUES (120, 'Data Analyst');
INSERT INTO `User` (`userId`, `userType`) VALUES (121, 'Employer');
INSERT INTO `User` (`userId`, `userType`) VALUES (122, 'Employer');
INSERT INTO `User` (`userId`, `userType`) VALUES (123, 'Employer');
INSERT INTO `User` (`userId`, `userType`) VALUES (124, 'Employer');
INSERT INTO `User` (`userId`, `userType`) VALUES (125, 'Employer');
INSERT INTO `User` (`userId`, `userType`) VALUES (126, 'Employer');
INSERT INTO `User` (`userId`, `userType`) VALUES (127, 'Employer');
INSERT INTO `User` (`userId`, `userType`) VALUES (128, 'Employer');
INSERT INTO `User` (`userId`, `userType`) VALUES (129, 'Employer');
INSERT INTO `User` (`userId`, `userType`) VALUES (130, 'Employer');
INSERT INTO `User` (`userId`, `userType`) VALUES (131, 'Employer');
INSERT INTO `User` (`userId`, `userType`) VALUES (132, 'Employer');
INSERT INTO `User` (`userId`, `userType`) VALUES (133, 'Employer');
INSERT INTO `User` (`userId`, `userType`) VALUES (134, 'Employer');
INSERT INTO `User` (`userId`, `userType`) VALUES (135, 'Employer');
INSERT INTO `User` (`userId`, `userType`) VALUES (136, 'Employer');
INSERT INTO `User` (`userId`, `userType`) VALUES (137, 'Employer');
INSERT INTO `User` (`userId`, `userType`) VALUES (138, 'Employer');
INSERT INTO `User` (`userId`, `userType`) VALUES (139, 'Employer');
INSERT INTO `User` (`userId`, `userType`) VALUES (140, 'Employer');
INSERT INTO `User` (`userId`, `userType`) VALUES (141, 'Employer');
INSERT INTO `User` (`userId`, `userType`) VALUES (142, 'Employer');
INSERT INTO `User` (`userId`, `userType`) VALUES (143, 'Employer');
INSERT INTO `User` (`userId`, `userType`) VALUES (144, 'Employer');
INSERT INTO `User` (`userId`, `userType`) VALUES (145, 'Employer');
INSERT INTO `User` (`userId`, `userType`) VALUES (146, 'Employer');
INSERT INTO `User` (`userId`, `userType`) VALUES (147, 'Employer');
INSERT INTO `User` (`userId`, `userType`) VALUES (148, 'Employer');
INSERT INTO `User` (`userId`, `userType`) VALUES (149, 'Employer');
INSERT INTO `User` (`userId`, `userType`) VALUES (150, 'Employer');
--150 records


-- Dumping data for table 'SystemAdmin'
INSERT INTO SystemAdmin(userId,firstName,lastName,email) VALUES (1,'Malorie','Saterweyte','malorie.saterweyte@yahoo.co.uk');
INSERT INTO SystemAdmin(userId,firstName,lastName,email) VALUES (2,'Kaitlyn','Ruprecht','kaitlyn.ruprecht@hotmail.com');
INSERT INTO SystemAdmin(userId,firstName,lastName,email) VALUES (3,'Doe','Woollam','doe.woollam@hotmail.com');
INSERT INTO SystemAdmin(userId,firstName,lastName,email) VALUES (4,'Vivian','McWhirter','vivian.mcwhirter@hotmail.com');
INSERT INTO SystemAdmin(userId,firstName,lastName,email) VALUES (5,'Ernesta','Helversen','ernesta.helversen@yahoo.com.br');
INSERT INTO SystemAdmin(userId,firstName,lastName,email) VALUES (6,'Yancy','Scrowson','yancy.scrowson@aol.com');
INSERT INTO SystemAdmin(userId,firstName,lastName,email) VALUES (7,'Marley','Wenham','marley.wenham@yahoo.co.jp');
INSERT INTO SystemAdmin(userId,firstName,lastName,email) VALUES (8,'Faunie','Haveline','faunie.haveline@yahoo.com');
INSERT INTO SystemAdmin(userId,firstName,lastName,email) VALUES (9,'Gusella','Dunsford','gusella.dunsford@hotmail.com');
INSERT INTO SystemAdmin(userId,firstName,lastName,email) VALUES (10,'Westbrook','Hague','westbrook.hague@sfr.fr');
INSERT INTO SystemAdmin(userId,firstName,lastName,email) VALUES (11,'Mattie','MacCrachen','mattie.maccrachen@yahoo.fr');
INSERT INTO SystemAdmin(userId,firstName,lastName,email) VALUES (12,'Tye','Leggis','tye.leggis@hotmail.com');
INSERT INTO SystemAdmin(userId,firstName,lastName,email) VALUES (13,'Charmane','McIlhatton','charmane.mcilhatton@gmail.com');
INSERT INTO SystemAdmin(userId,firstName,lastName,email) VALUES (14,'Robinett','Reek','robinett.reek@hotmail.com');
INSERT INTO SystemAdmin(userId,firstName,lastName,email) VALUES (15,'Elsi','Winterborne','elsi.winterborne@rediffmail.com');
INSERT INTO SystemAdmin(userId,firstName,lastName,email) VALUES (16,'Laural','Liversley','laural.liversley@yahoo.com');
INSERT INTO SystemAdmin(userId,firstName,lastName,email) VALUES (17,'Emlynne','McLoughlin','emlynne.mcloughlin@gmail.com');
INSERT INTO SystemAdmin(userId,firstName,lastName,email) VALUES (18,'Geraldine','Byron','geraldine.byron@gmail.com');
INSERT INTO SystemAdmin(userId,firstName,lastName,email) VALUES (19,'Omar','Dukesbury','omar.dukesbury@yahoo.co.in');
INSERT INTO SystemAdmin(userId,firstName,lastName,email) VALUES (20,'Mariele','Mitchelson','mariele.mitchelson@msn.com');
INSERT INTO SystemAdmin(userId,firstName,lastName,email) VALUES (21,'Edlin','Silly','edlin.silly@hotmail.com');
INSERT INTO SystemAdmin(userId,firstName,lastName,email) VALUES (22,'Frasco','Millen','frasco.millen@yahoo.com');
INSERT INTO SystemAdmin(userId,firstName,lastName,email) VALUES (23,'Sal','Scorey','sal.scorey@uol.com.br');
INSERT INTO SystemAdmin(userId,firstName,lastName,email) VALUES (24,'Cherish','Bathersby','cherish.bathersby@hotmail.com');
INSERT INTO SystemAdmin(userId,firstName,lastName,email) VALUES (25,'Pall','Ourtic','pall.ourtic@gmail.com');
INSERT INTO SystemAdmin(userId,firstName,lastName,email) VALUES (26,'Philis','Rudiger','philis.rudiger@aol.com');
INSERT INTO SystemAdmin(userId,firstName,lastName,email) VALUES (27,'Marcellina','Cathel','marcellina.cathel@sympatico.ca');
INSERT INTO SystemAdmin(userId,firstName,lastName,email) VALUES (28,'Daisi','Proom','daisi.proom@yahoo.com');
INSERT INTO SystemAdmin(userId,firstName,lastName,email) VALUES (29,'Darill','Gerdes','darill.gerdes@rambler.ru');
INSERT INTO SystemAdmin(userId,firstName,lastName,email) VALUES (30,'Tailor','Oneile','tailor.oneile@gmail.com');
-- 30 records

-- Dumping data for table 'Student'
INSERT INTO Student(nuId,userId,firstName,lastName,major,coopLevel,year,advisor) VALUES (2228991,31,'Boot','Basillon','History',2,2,123458);
INSERT INTO Student(nuId,userId,firstName,lastName,major,coopLevel,year,advisor) VALUES (2228992,32,'Selie','Tythacott','Art',2,1,123466);
INSERT INTO Student(nuId,userId,firstName,lastName,major,coopLevel,year,advisor) VALUES (2228993,33,'Margy','Phinnis','Information Technology',2,2,123483);
INSERT INTO Student(nuId,userId,firstName,lastName,major,coopLevel,year,advisor) VALUES (2228994,34,'Annissa','Schrieves','Engineering',1,3,123472);
INSERT INTO Student(nuId,userId,firstName,lastName,major,coopLevel,year,advisor) VALUES (2228995,35,'Lilias','Normanvill','Engineering',1,1,123474);
INSERT INTO Student(nuId,userId,firstName,lastName,major,coopLevel,year,advisor) VALUES (2228996,36,'Gallagher','Scotting','Business Administration',1,1,123457);
INSERT INTO Student(nuId,userId,firstName,lastName,major,coopLevel,year,advisor) VALUES (2228997,37,'Codi','McGibbon','Political Science',1,3,123479);
INSERT INTO Student(nuId,userId,firstName,lastName,major,coopLevel,year,advisor) VALUES (2228998,38,'Clemente','Jimmison','Computer Science',1,3,123462);
INSERT INTO Student(nuId,userId,firstName,lastName,major,coopLevel,year,advisor) VALUES (2228999,39,'Estrellita','Robel','Psychology',2,4,123479);
INSERT INTO Student(nuId,userId,firstName,lastName,major,coopLevel,year,advisor) VALUES (2229000,40,'Emiline','Blas','History',2,1,123471);
INSERT INTO Student(nuId,userId,firstName,lastName,major,coopLevel,year,advisor) VALUES (2229001,41,'Rutledge','Blaby','Psychology',1,3,123460);
INSERT INTO Student(nuId,userId,firstName,lastName,major,coopLevel,year,advisor) VALUES (2229002,42,'Henderson','Meehan','Political Science',1,1,123464);
INSERT INTO Student(nuId,userId,firstName,lastName,major,coopLevel,year,advisor) VALUES (2229003,43,'Mendel','Nosworthy','Political Science',2,3,123459);
INSERT INTO Student(nuId,userId,firstName,lastName,major,coopLevel,year,advisor) VALUES (2229004,44,'Anderea','McLeary','History',1,2,123463);
INSERT INTO Student(nuId,userId,firstName,lastName,major,coopLevel,year,advisor) VALUES (2229005,45,'Flint','Benez','Chemistry',2,3,123475);
INSERT INTO Student(nuId,userId,firstName,lastName,major,coopLevel,year,advisor) VALUES (2229006,46,'Kalvin','Dwelly','Mathematics',2,1,123462);
INSERT INTO Student(nuId,userId,firstName,lastName,major,coopLevel,year,advisor) VALUES (2229007,47,'Marlon','Jackman','Nursing',1,1,123481);
INSERT INTO Student(nuId,userId,firstName,lastName,major,coopLevel,year,advisor) VALUES (2229008,48,'Eliot','Curran','Engineering',1,3,123480);
INSERT INTO Student(nuId,userId,firstName,lastName,major,coopLevel,year,advisor) VALUES (2229009,49,'Giulia','Cartlidge','Physics',1,1,123475);
INSERT INTO Student(nuId,userId,firstName,lastName,major,coopLevel,year,advisor) VALUES (2229010,50,'Winnifred','De Rye Barrett','Sociology',1,3,123458);
INSERT INTO Student(nuId,userId,firstName,lastName,major,coopLevel,year,advisor) VALUES (2229011,51,'Hasheem','Haversham','Political Science',2,3,123479);
INSERT INTO Student(nuId,userId,firstName,lastName,major,coopLevel,year,advisor) VALUES (2229012,52,'Jami','Speck','Engineering',2,1,123462);
INSERT INTO Student(nuId,userId,firstName,lastName,major,coopLevel,year,advisor) VALUES (2229013,53,'Darnall','Vella','Psychology',1,4,123484);
INSERT INTO Student(nuId,userId,firstName,lastName,major,coopLevel,year,advisor) VALUES (2229014,54,'Jordana','Bulcock','Physics',1,2,123470);
INSERT INTO Student(nuId,userId,firstName,lastName,major,coopLevel,year,advisor) VALUES (2229015,55,'Leandra','Nelles','Biology',1,4,123460);
INSERT INTO Student(nuId,userId,firstName,lastName,major,coopLevel,year,advisor) VALUES (2229016,56,'Granthem','Romagosa','Mathematics',1,4,123466);
INSERT INTO Student(nuId,userId,firstName,lastName,major,coopLevel,year,advisor) VALUES (2229017,57,'Forbes','Cathie','Psychology',1,4,123470);
INSERT INTO Student(nuId,userId,firstName,lastName,major,coopLevel,year,advisor) VALUES (2229018,58,'Laurens','Yaus','Information Technology',2,3,123470);
INSERT INTO Student(nuId,userId,firstName,lastName,major,coopLevel,year,advisor) VALUES (2229019,59,'Francene','Nortcliffe','Political Science',1,1,123456);
INSERT INTO Student(nuId,userId,firstName,lastName,major,coopLevel,year,advisor) VALUES (2229020,60,'Issi','Renfrew','History',2,2,123457);
-- 30 records


--Dumping data for table 'Advisor'
INSERT INTO Advisor(nuId,userId,firstName,lastName,email,department) VALUES (123456,61,'Lonnie','Dowdall','lonnie.dowdall@yahoo.com','College of Professional Studies');
INSERT INTO Advisor(nuId,userId,firstName,lastName,email,department) VALUES (123457,62,'Denney','Brambill','denney.brambill@gmail.com','Bouvé College of Health Sciences');
INSERT INTO Advisor(nuId,userId,firstName,lastName,email,department) VALUES (123458,63,'Gael','Cescoti','gael.cescoti@hotmail.com','College of Engineering');
INSERT INTO Advisor(nuId,userId,firstName,lastName,email,department) VALUES (123459,64,'Felice','Ilsley','felice.ilsley@gmail.com','College of Social Sciences and Humanities');
INSERT INTO Advisor(nuId,userId,firstName,lastName,email,department) VALUES (123460,65,'Cornelle','Million','cornelle.million@yahoo.com','Khoury College of Computer Sciences');
INSERT INTO Advisor(nuId,userId,firstName,lastName,email,department) VALUES (123461,66,'Rabi','Lovstrom','rabi.lovstrom@aol.com','Bouvé College of Health Sciences');
INSERT INTO Advisor(nuId,userId,firstName,lastName,email,department) VALUES (123462,67,'Rycca','Zylbermann','rycca.zylbermann@hotmail.com','Bouvé College of Health Sciences');
INSERT INTO Advisor(nuId,userId,firstName,lastName,email,department) VALUES (123463,68,'Helsa','Totman','helsa.totman@gmail.com','College of Professional Studies');
INSERT INTO Advisor(nuId,userId,firstName,lastName,email,department) VALUES (123464,69,'Kare','Okey','kare.okey@gmail.com','D''Amore-McKim School of Business');
INSERT INTO Advisor(nuId,userId,firstName,lastName,email,department) VALUES (123465,70,'Arlyn','Plumm','arlyn.plumm@hotmail.com','Bouvé College of Health Sciences');
INSERT INTO Advisor(nuId,userId,firstName,lastName,email,department) VALUES (123466,71,'Christel','Livzey','christel.livzey@gmail.com','College of Professional Studies');
INSERT INTO Advisor(nuId,userId,firstName,lastName,email,department) VALUES (123467,72,'Cherise','Jore','cherise.jore@aol.com','D''Amore-McKim School of Business');
INSERT INTO Advisor(nuId,userId,firstName,lastName,email,department) VALUES (123468,73,'Adolpho','Craw','adolpho.craw@hotmail.com','College of Social Sciences and Humanities');
INSERT INTO Advisor(nuId,userId,firstName,lastName,email,department) VALUES (123469,74,'Mason','Usborn','mason.usborn@yahoo.com','College of Social Sciences and Humanities');
INSERT INTO Advisor(nuId,userId,firstName,lastName,email,department) VALUES (123470,75,'Hesther','Charleston','hesther.charleston@yandex.ru','Bouvé College of Health Sciences');
INSERT INTO Advisor(nuId,userId,firstName,lastName,email,department) VALUES (123471,76,'Carmon','Lewing','carmon.lewing@aol.com','College of Social Sciences and Humanities');
INSERT INTO Advisor(nuId,userId,firstName,lastName,email,department) VALUES (123472,77,'Kendrick','Lennon','kendrick.lennon@hotmail.com','College of Engineering');
INSERT INTO Advisor(nuId,userId,firstName,lastName,email,department) VALUES (123473,78,'Kamillah','Dumpleton','kamillah.dumpleton@aol.com','College of Arts, Media and Design');
INSERT INTO Advisor(nuId,userId,firstName,lastName,email,department) VALUES (123474,79,'Jeane','Lanfere','jeane.lanfere@hotmail.com','College of Engineering');
INSERT INTO Advisor(nuId,userId,firstName,lastName,email,department) VALUES (123475,80,'Cyndi','Delgaty','cyndi.delgaty@hotmail.com','College of Engineering');
INSERT INTO Advisor(nuId,userId,firstName,lastName,email,department) VALUES (123476,81,'Arda','Redit','arda.redit@live.com','Khoury College of Computer Sciences');
INSERT INTO Advisor(nuId,userId,firstName,lastName,email,department) VALUES (123477,82,'Jilly','Spring','jilly.spring@ymail.com','College of Arts, Media and Design');
INSERT INTO Advisor(nuId,userId,firstName,lastName,email,department) VALUES (123478,83,'Nanny','Pawelec','nanny.pawelec@web.de','College of Social Sciences and Humanities');
INSERT INTO Advisor(nuId,userId,firstName,lastName,email,department) VALUES (123479,84,'Nelie','Shuttell','nelie.shuttell@yahoo.com','College of Professional Studies');
INSERT INTO Advisor(nuId,userId,firstName,lastName,email,department) VALUES (123480,85,'Cristie','Luto','cristie.luto@hotmail.com','D''Amore-McKim School of Business');
INSERT INTO Advisor(nuId,userId,firstName,lastName,email,department) VALUES (123481,86,'Diane','Parres','diane.parres@yahoo.com','College of Professional Studies');
INSERT INTO Advisor(nuId,userId,firstName,lastName,email,department) VALUES (123482,87,'Alastair','Pawden','alastair.pawden@yandex.ru','College of Arts, Media and Design');
INSERT INTO Advisor(nuId,userId,firstName,lastName,email,department) VALUES (123483,88,'Trstram','Gircke','trstram.gircke@yahoo.com.br','College of Social Sciences and Humanities');
INSERT INTO Advisor(nuId,userId,firstName,lastName,email,department) VALUES (123484,89,'Nicki','Jest','nicki.jest@yahoo.com','College of Social Sciences and Humanities');
INSERT INTO Advisor(nuId,userId,firstName,lastName,email,department) VALUES (123485,90,'Bobbee','Marquese','bobbee.marquese@hotmail.com','College of Social Sciences and Humanities');
-- 30 records


-- Dumping data for table 'Data Analyst'
INSERT INTO DataAnalyst(userId,firstName,lastName) VALUES (91,'Rafael','Fontin');
INSERT INTO DataAnalyst(userId,firstName,lastName) VALUES (92,'Juliane','Rittmeyer');
INSERT INTO DataAnalyst(userId,firstName,lastName) VALUES (93,'Alard','Piggrem');
INSERT INTO DataAnalyst(userId,firstName,lastName) VALUES (94,'Evey','Aucoate');
INSERT INTO DataAnalyst(userId,firstName,lastName) VALUES (95,'Sasha','Ahlin');
INSERT INTO DataAnalyst(userId,firstName,lastName) VALUES (96,'Gaultiero','Uc');
INSERT INTO DataAnalyst(userId,firstName,lastName) VALUES (97,'Piggy','Mercer');
INSERT INTO DataAnalyst(userId,firstName,lastName) VALUES (98,'Clerissa','Craster');
INSERT INTO DataAnalyst(userId,firstName,lastName) VALUES (99,'Ellyn','Clifft');
INSERT INTO DataAnalyst(userId,firstName,lastName) VALUES (100,'Etheline','Marvin');
INSERT INTO DataAnalyst(userId,firstName,lastName) VALUES (101,'Ebenezer','Shine');
INSERT INTO DataAnalyst(userId,firstName,lastName) VALUES (102,'Becky','Bristo');
INSERT INTO DataAnalyst(userId,firstName,lastName) VALUES (103,'Rolando','Littlechild');
INSERT INTO DataAnalyst(userId,firstName,lastName) VALUES (104,'Sibeal','Cordoba');
INSERT INTO DataAnalyst(userId,firstName,lastName) VALUES (105,'Merola','Meggison');
INSERT INTO DataAnalyst(userId,firstName,lastName) VALUES (106,'Torie','Ramard');
INSERT INTO DataAnalyst(userId,firstName,lastName) VALUES (107,'Payton','Kemston');
INSERT INTO DataAnalyst(userId,firstName,lastName) VALUES (108,'Chucho','Garrattley');
INSERT INTO DataAnalyst(userId,firstName,lastName) VALUES (109,'Hilliard','Cartmail');
INSERT INTO DataAnalyst(userId,firstName,lastName) VALUES (110,'Sara','Vallintine');
INSERT INTO DataAnalyst(userId,firstName,lastName) VALUES (111,'Candida','Sichardt');
INSERT INTO DataAnalyst(userId,firstName,lastName) VALUES (112,'Mirabel','Whitby');
INSERT INTO DataAnalyst(userId,firstName,lastName) VALUES (113,'Petra','Allsepp');
INSERT INTO DataAnalyst(userId,firstName,lastName) VALUES (114,'Genny','Rosekilly');
INSERT INTO DataAnalyst(userId,firstName,lastName) VALUES (115,'Mortimer','Wetton');
INSERT INTO DataAnalyst(userId,firstName,lastName) VALUES (116,'Marjie','Calway');
INSERT INTO DataAnalyst(userId,firstName,lastName) VALUES (117,'Wileen','Gilsthorpe');
INSERT INTO DataAnalyst(userId,firstName,lastName) VALUES (118,'Kristian','Billsberry');
INSERT INTO DataAnalyst(userId,firstName,lastName) VALUES (119,'Shaun','Gartin');
INSERT INTO DataAnalyst(userId,firstName,lastName) VALUES (120,'Gina','Cours');
-- 30 records
 

-- Dumping data for table 'Employer'
INSERT INTO Employer(userId,firstName,lastName,email,role,department,company) VALUES (121,'Yank','Hemeret','yank.hemeret@yahoo.com','Human Resources Specialist','Customer Service',3);
INSERT INTO Employer(userId,firstName,lastName,email,role,department,company) VALUES (122,'Elke','McLeary','elke.mcleary@hotmail.com','Marketing Specialist','Research and Development',12);
INSERT INTO Employer(userId,firstName,lastName,email,role,department,company) VALUES (123,'Emiline','Ankers','emiline.ankers@hotmail.com','Quality Assurance Engineer','Administration',4);
INSERT INTO Employer(userId,firstName,lastName,email,role,department,company) VALUES (124,'Ansel','Mousby','ansel.mousby@orange.fr','Project Coordinator','Customer Service',30);
INSERT INTO Employer(userId,firstName,lastName,email,role,department,company) VALUES (125,'Gale','Olczyk','gale.olczyk@gmail.com','Quality Assurance Engineer','Research and Development',25);
INSERT INTO Employer(userId,firstName,lastName,email,role,department,company) VALUES (126,'Louella','Tregaskis','louella.tregaskis@gmail.com','Manager','Customer Service',9);
INSERT INTO Employer(userId,firstName,lastName,email,role,department,company) VALUES (127,'Buddy','Behagg','buddy.behagg@hotmail.com','Marketing Specialist','Customer Service',22);
INSERT INTO Employer(userId,firstName,lastName,email,role,department,company) VALUES (128,'Cass','Nicolson','cass.nicolson@hotmail.com','Data Analyst','Research and Development',8);
INSERT INTO Employer(userId,firstName,lastName,email,role,department,company) VALUES (129,'Evey','Elwin','evey.elwin@yahoo.com','Project Coordinator','Human Resources',18);
INSERT INTO Employer(userId,firstName,lastName,email,role,department,company) VALUES (130,'Jeramie','Larroway','jeramie.larroway@gmail.com','Software Developer','Administration',10);
INSERT INTO Employer(userId,firstName,lastName,email,role,department,company) VALUES (131,'Shaine','Chennells','shaine.chennells@yahoo.com','Human Resources Specialist','Sales',2);
INSERT INTO Employer(userId,firstName,lastName,email,role,department,company) VALUES (132,'Lanny','Merchant','lanny.merchant@orange.fr','Sales Representative','Production',16);
INSERT INTO Employer(userId,firstName,lastName,email,role,department,company) VALUES (133,'Stillmann','Sherry','stillmann.sherry@yahoo.com','Project Coordinator','Marketing',23);
INSERT INTO Employer(userId,firstName,lastName,email,role,department,company) VALUES (134,'Simone','Greatland','simone.greatland@hotmail.com','Marketing Specialist','Sales',19);
INSERT INTO Employer(userId,firstName,lastName,email,role,department,company) VALUES (135,'Trever','Roake','trever.roake@live.co.uk','Quality Assurance Engineer','Legal',27);
INSERT INTO Employer(userId,firstName,lastName,email,role,department,company) VALUES (136,'Matthus','Gimenez','matthus.gimenez@hotmail.com','Administrative Assistant','Legal',4);
INSERT INTO Employer(userId,firstName,lastName,email,role,department,company) VALUES (137,'Haslett','Bulmer','haslett.bulmer@charter.net','Data Analyst','Marketing',14);
INSERT INTO Employer(userId,firstName,lastName,email,role,department,company) VALUES (138,'Berkie','Coil','berkie.coil@yahoo.com','Sales Representative','Legal',16);
INSERT INTO Employer(userId,firstName,lastName,email,role,department,company) VALUES (139,'Phil','Muckian','phil.muckian@gmail.com','Sales Representative','Logistics',14);
INSERT INTO Employer(userId,firstName,lastName,email,role,department,company) VALUES (140,'Jeanie','Kensett','jeanie.kensett@live.nl','Team Leader','Customer Service',30);
INSERT INTO Employer(userId,firstName,lastName,email,role,department,company) VALUES (141,'Farleigh','Tonkin','farleigh.tonkin@gmail.com','Software Developer','Purchasing',28);
INSERT INTO Employer(userId,firstName,lastName,email,role,department,company) VALUES (142,'Perkin','Vankin','perkin.vankin@hotmail.com','Administrative Assistant','Legal',20);
INSERT INTO Employer(userId,firstName,lastName,email,role,department,company) VALUES (143,'Christophorus','McGeechan','christophorus.mcgeechan@yahoo.co.uk','Manager','IT',24);
INSERT INTO Employer(userId,firstName,lastName,email,role,department,company) VALUES (144,'Jarrett','Habbal','jarrett.habbal@hotmail.com','Data Analyst','Production',25);
INSERT INTO Employer(userId,firstName,lastName,email,role,department,company) VALUES (145,'Izabel','Philipeaux','izabel.philipeaux@aol.com','Marketing Specialist','Legal',4);
INSERT INTO Employer(userId,firstName,lastName,email,role,department,company) VALUES (146,'Kathryne','Barbosa','kathryne.barbosa@hotmail.com','Software Developer','IT',5);
INSERT INTO Employer(userId,firstName,lastName,email,role,department,company) VALUES (147,'Briana','Finnigan','briana.finnigan@tiscali.it','Team Leader','Purchasing',7);
INSERT INTO Employer(userId,firstName,lastName,email,role,department,company) VALUES (148,'Cobby','Troak','cobby.troak@hotmail.co.uk','Software Developer','Legal',21);
INSERT INTO Employer(userId,firstName,lastName,email,role,department,company) VALUES (149,'Jules','Pawling','jules.pawling@yahoo.com','Sales Representative','Finance',19);
INSERT INTO Employer(userId,firstName,lastName,email,role,department,company) VALUES (150,'Celka','Cancellor','celka.cancellor@gmail.com','Marketing Specialist','Administration',28);
-- 30 records


-- Dumping data for table 'Company'
INSERT INTO Company(companyId,companyName,size) VALUES (1,'Visionary Ideas Group',8712);
INSERT INTO Company(companyId,companyName,size) VALUES (2,'Data Dynamics Corp.',3504);
INSERT INTO Company(companyId,companyName,size) VALUES (3,'Advanced Manufacturing Solutions',3234);
INSERT INTO Company(companyId,companyName,size) VALUES (4,'Sustainable Ventures',1017);
INSERT INTO Company(companyId,companyName,size) VALUES (5,'Creative Solutions Ltd.',7967);
INSERT INTO Company(companyId,companyName,size) VALUES (6,'Quantum Systems Co.',674);
INSERT INTO Company(companyId,companyName,size) VALUES (7,'Advanced Manufacturing Solutions',9776);
INSERT INTO Company(companyId,companyName,size) VALUES (8,'Sustainable Ventures',5505);
INSERT INTO Company(companyId,companyName,size) VALUES (9,'Visionary Ideas Group',969);
INSERT INTO Company(companyId,companyName,size) VALUES (10,'Data Dynamics Corp.',39);
INSERT INTO Company(companyId,companyName,size) VALUES (11,'NextGen Technologies',9575);
INSERT INTO Company(companyId,companyName,size) VALUES (12,'Eco-Friendly Products LLC',3374);
INSERT INTO Company(companyId,companyName,size) VALUES (13,'Tech Innovations LLC',766);
INSERT INTO Company(companyId,companyName,size) VALUES (14,'Data Dynamics Corp.',7183);
INSERT INTO Company(companyId,companyName,size) VALUES (15,'Quantum Systems Co.',6531);
INSERT INTO Company(companyId,companyName,size) VALUES (16,'Eco-Friendly Products LLC',5334);
INSERT INTO Company(companyId,companyName,size) VALUES (17,'NextGen Technologies',7039);
INSERT INTO Company(companyId,companyName,size) VALUES (18,'Global Enterprises Inc.',533);
INSERT INTO Company(companyId,companyName,size) VALUES (19,'Quantum Systems Co.',5283);
INSERT INTO Company(companyId,companyName,size) VALUES (20,'Visionary Ideas Group',6574);
INSERT INTO Company(companyId,companyName,size) VALUES (21,'NextGen Technologies',5198);
INSERT INTO Company(companyId,companyName,size) VALUES (22,'Global Enterprises Inc.',6358);
INSERT INTO Company(companyId,companyName,size) VALUES (23,'Visionary Ideas Group',6245);
INSERT INTO Company(companyId,companyName,size) VALUES (24,'Creative Solutions Ltd.',3034);
INSERT INTO Company(companyId,companyName,size) VALUES (25,'Advanced Manufacturing Solutions',3007);
INSERT INTO Company(companyId,companyName,size) VALUES (26,'Global Enterprises Inc.',6939);
INSERT INTO Company(companyId,companyName,size) VALUES (27,'Visionary Ideas Group',2753);
INSERT INTO Company(companyId,companyName,size) VALUES (28,'Global Enterprises Inc.',376);
INSERT INTO Company(companyId,companyName,size) VALUES (29,'Global Enterprises Inc.',2524);
INSERT INTO Company(companyId,companyName,size) VALUES (30,'Data Dynamics Corp.',1009);
-- 30 records


-- Dumping data for table 'Coop'
INSERT INTO Coop(jobId,locationCity,locationState,locationCountry,title,description,company) VALUES (1,'Cambridge','Massachusetts','United States','Mechanical Engineer Intern','Levis in gravitate brevis soleat esse ut eius magnitudinem celeritas',1);
INSERT INTO Coop(jobId,locationCity,locationState,locationCountry,title,description,company) VALUES (2,'Fayetteville','North Carolina','United States','Graphic Designer Intern','Vacillare tuentur tamen eum locum seque facile ut mihi videtur',2);
INSERT INTO Coop(jobId,locationCity,locationState,locationCountry,title,description,company) VALUES (3,'San Francisco','California','United States','Backend Developer Intern','Ut nulli propter eas consequantur dolores et',3);
INSERT INTO Coop(jobId,locationCity,locationState,locationCountry,title,description,company) VALUES (4,'Minneapolis','Minnesota','United States','Data Scientist Intern','Hoc commune vitium illae Epicuri propriae ruinae censet enim',4);
INSERT INTO Coop(jobId,locationCity,locationState,locationCountry,title,description,company) VALUES (5,'Washington','District of Columbia','United States','Systems Engineer Intern','Non existimant oportere nimium nos causae confidere sed',5);
INSERT INTO Coop(jobId,locationCity,locationState,locationCountry,title,description,company) VALUES (6,'Denver','Colorado','United States','Game Developer Intern','Credere aliquid esse minimum quod profecto numquam putavisset si a Polyaeno',6);
INSERT INTO Coop(jobId,locationCity,locationState,locationCountry,title,description,company) VALUES (7,'Roanoke','Virginia','United States','Graphic Designer Intern','Et eos quasi concordia quadam placet ac leniat Temperantia',7);
INSERT INTO Coop(jobId,locationCity,locationState,locationCountry,title,description,company) VALUES (8,'Las Vegas','Nevada','United States','Data Engineer Intern','Minus legimus quam hoc idem Graecum quae',8);
INSERT INTO Coop(jobId,locationCity,locationState,locationCountry,title,description,company) VALUES (9,'Salt Lake City','Utah','United States','Civil Engineer Intern','Sane -- ''At si voluptas summum sit bonum affirmatis nullam omnino fore De qua',9);
INSERT INTO Coop(jobId,locationCity,locationState,locationCountry,title,description,company) VALUES (10,'Phoenix','Arizona','United States','Mobile App Developer Intern','Sed ex eo perciperet corpore voluptatem aut cum Latinis tertio consulatu',10);
INSERT INTO Coop(jobId,locationCity,locationState,locationCountry,title,description,company) VALUES (11,'Buffalo','New York','United States','Game Developer Intern','Omnem perturbari videmus errore et inscientia sapientiamque esse solam quae nos',11);
INSERT INTO Coop(jobId,locationCity,locationState,locationCountry,title,description,company) VALUES (12,'Muskegon','Michigan','United States','Data Scientist Intern','Fuisse desideraturam Idcirco enim non desideraret quia quod dolore caret id in hominum',12);
INSERT INTO Coop(jobId,locationCity,locationState,locationCountry,title,description,company) VALUES (13,'Los Angeles','California','United States','Full Stack Developer Intern','Vim tantam habent ut non modo non inopem ut vulgo putarent sed',13);
INSERT INTO Coop(jobId,locationCity,locationState,locationCountry,title,description,company) VALUES (14,'North Port','Florida','United States','Business Analyst Intern','Venire ut abhorreant a Latinis quod inciderint',14);
INSERT INTO Coop(jobId,locationCity,locationState,locationCountry,title,description,company) VALUES (15,'Denver','Colorado','United States','Visual Designer Intern','Cogitemus infinitio ipsa quam apeirian vocant tota ab illo',15);
INSERT INTO Coop(jobId,locationCity,locationState,locationCountry,title,description,company) VALUES (16,'Indianapolis','Indiana','United States','QA Engineer Intern','Intellegere quid diceret Aliena dixit in',16);
INSERT INTO Coop(jobId,locationCity,locationState,locationCountry,title,description,company) VALUES (17,'Indianapolis','Indiana','United States','Frontend Developer Intern','Nisi dolorem de quibus neque depravate iudicant neque corrupte nonne',17);
INSERT INTO Coop(jobId,locationCity,locationState,locationCountry,title,description,company) VALUES (18,'Garden Grove','California','United States','Operations Intern','Semper desperantes aut malivoli invidi difficiles lucifugi maledici',18);
INSERT INTO Coop(jobId,locationCity,locationState,locationCountry,title,description,company) VALUES (19,'Memphis','Tennessee','United States','Sales Intern','Individua propter soliditatem censet in infinito inani in quo a populo Romano',19);
INSERT INTO Coop(jobId,locationCity,locationState,locationCountry,title,description,company) VALUES (20,'Tampa','Florida','United States','Backend Developer Intern','Vitae optimum et verissimum sit exquirere An partus ancillae sitne in',20);
INSERT INTO Coop(jobId,locationCity,locationState,locationCountry,title,description,company) VALUES (21,'Richmond','Virginia','United States','Robotics Engineer Intern','Corporis voluptatibus et doloribus -- itaque concedo quod modo dicebas cadere causa',21);
INSERT INTO Coop(jobId,locationCity,locationState,locationCountry,title,description,company) VALUES (22,'San Jose','California','United States','Electrical Engineer Intern','Enim cupio quid non probes Principio inquam in physicis quibus maxime',22);
INSERT INTO Coop(jobId,locationCity,locationState,locationCountry,title,description,company) VALUES (23,'Atlanta','Georgia','United States','AI Research Intern','Iucunditatem vitae tenere possumus neque vero ipsam amicitiam tueri nisi aeque',23);
INSERT INTO Coop(jobId,locationCity,locationState,locationCountry,title,description,company) VALUES (24,'Appleton','Wisconsin','United States','Visual Designer Intern','Dici possunt Ut enim sapientiam temperantiam fortitudinem copulatas esse docui',24);
INSERT INTO Coop(jobId,locationCity,locationState,locationCountry,title,description,company) VALUES (25,'Nashville','Tennessee','United States','DevOps Engineer Intern','Voluptate velit esse cillum dolore eu fugiat nulla pariatur Excepteur sint',25);
INSERT INTO Coop(jobId,locationCity,locationState,locationCountry,title,description,company) VALUES (26,'Charleston','South Carolina','United States','Graphic Designer Intern','Animal simul atque natum sit voluptatem appetere eaque',26);
INSERT INTO Coop(jobId,locationCity,locationState,locationCountry,title,description,company) VALUES (27,'Sacramento','California','United States','Sales Intern','Omnisque puerilis est delectatio aut se ut Plato in',27);
INSERT INTO Coop(jobId,locationCity,locationState,locationCountry,title,description,company) VALUES (28,'Honolulu','Hawaii','United States','Full Stack Developer Intern','In Cumanum salutandi causa uterque venisset pauca primo inter nos ea',28);
INSERT INTO Coop(jobId,locationCity,locationState,locationCountry,title,description,company) VALUES (29,'Spring','Texas','United States','Game Developer Intern','Familiarem nostrum Posidonium Quid Theophrastus mediocriterne delectat cum tractat locos',29);
INSERT INTO Coop(jobId,locationCity,locationState,locationCountry,title,description,company) VALUES (30,'Little Rock','Arkansas','United States','Graphic Designer Intern','Minus animo aequo e vita cum ea non',30);
--30 records

#
# Dumping data for table ''
#
  

# _ records
 
#
# Dumping data for table ''
#


# _ records

#
# Dumping data for table ''
#

#  _ records

#
# Dumping data for table ''
#

# _ records

#
# Dumping data for table ''
# 

# _ records

#
# Dumping data for table ''
#



#
# Dumping data for table ''
#


# 4 records

#
# Dumping data for table ''
#


# _ records

#
# Dumping data for table ''
#


# _ records

#
# Dumping data for table ''
#


# _ records

#
# Dumping data for table ''
#


# _ records

#
# Dumping data for table 'suppliers'
#

# _ records

SET FOREIGN_KEY_CHECKS=@OLD_FOREIGN_KEY_CHECKS;
SET UNIQUE_CHECKS=@OLD_UNIQUE_CHECKS; 