#
# Converted from MS Access 2010 Northwind database (northwind.accdb) using
# Bullzip MS Access to MySQL Version 5.1.242. http://www.bullzip.com
#
# CHANGES MADE AFTER INITIAL CONVERSION
# * column and row names in CamelCase converted to lower_case_with_underscore
# * space and slash ("/") in table and column names replaced with _underscore_
# * id column names converted to "id"
# * foreign key column names converted to xxx_id
# * variables of type TIMESTAMP converted to DATETIME to avoid TIMESTAMP
#   range limitation (1997 - 2038 UTC), and other limitations.
# * unique and foreign key checks disabled while loading data
#
#------------------------------------------------------------------
#

SET @OLD_UNIQUE_CHECKS=@@UNIQUE_CHECKS, UNIQUE_CHECKS=0;
SET @OLD_FOREIGN_KEY_CHECKS=@@FOREIGN_KEY_CHECKS, FOREIGN_KEY_CHECKS=0;

USE `nu-clear-database`;

#
# Dumping data for table 'user'
#

# _ records

#
# Dumping data for table 'systemAdmin'
#

# _ records

#
# Dumping data for table 'employees'
#

INSERT INTO `employees` (`id`, `company`, `last_name`, `first_name`, `email_address`, `job_title`, `business_phone`, `home_phone`, `mobile_phone`, `fax_number`, `address`, `city`, `state_province`, `zip_postal_code`, `country_region`, `web_page`, `notes`, `attachments`) VALUES (1, 'Northwind Traders', 'Freehafer', 'Nancy', 'nancy@northwindtraders.com', 'Sales Representative', '(123)555-0100', '(123)555-0102', NULL, '(123)555-0103', '123 1st Avenue', 'Seattle', 'WA', '99999', 'USA', '#http://northwindtraders.com#', NULL, '');
INSERT INTO `employees` (`id`, `company`, `last_name`, `first_name`, `email_address`, `job_title`, `business_phone`, `home_phone`, `mobile_phone`, `fax_number`, `address`, `city`, `state_province`, `zip_postal_code`, `country_region`, `web_page`, `notes`, `attachments`) VALUES (2, 'Northwind Traders', 'Cencini', 'Andrew', 'andrew@northwindtraders.com', 'Vice President, Sales', '(123)555-0100', '(123)555-0102', NULL, '(123)555-0103', '123 2nd Avenue', 'Bellevue', 'WA', '99999', 'USA', 'http://northwindtraders.com#http://northwindtraders.com/#', 'Joined the company as a sales representative, was promoted to sales manager and was then named vice president of sales.', '');
INSERT INTO `employees` (`id`, `company`, `last_name`, `first_name`, `email_address`, `job_title`, `business_phone`, `home_phone`, `mobile_phone`, `fax_number`, `address`, `city`, `state_province`, `zip_postal_code`, `country_region`, `web_page`, `notes`, `attachments`) VALUES (3, 'Northwind Traders', 'Kotas', 'Jan', 'jan@northwindtraders.com', 'Sales Representative', '(123)555-0100', '(123)555-0102', NULL, '(123)555-0103', '123 3rd Avenue', 'Redmond', 'WA', '99999', 'USA', 'http://northwindtraders.com#http://northwindtraders.com/#', 'Was hired as a sales associate and was promoted to sales representative.', '');
INSERT INTO `employees` (`id`, `company`, `last_name`, `first_name`, `email_address`, `job_title`, `business_phone`, `home_phone`, `mobile_phone`, `fax_number`, `address`, `city`, `state_province`, `zip_postal_code`, `country_region`, `web_page`, `notes`, `attachments`) VALUES (4, 'Northwind Traders', 'Sergienko', 'Mariya', 'mariya@northwindtraders.com', 'Sales Representative', '(123)555-0100', '(123)555-0102', NULL, '(123)555-0103', '123 4th Avenue', 'Kirkland', 'WA', '99999', 'USA', 'http://northwindtraders.com#http://northwindtraders.com/#', NULL, '');
INSERT INTO `employees` (`id`, `company`, `last_name`, `first_name`, `email_address`, `job_title`, `business_phone`, `home_phone`, `mobile_phone`, `fax_number`, `address`, `city`, `state_province`, `zip_postal_code`, `country_region`, `web_page`, `notes`, `attachments`) VALUES (5, 'Northwind Traders', 'Thorpe', 'Steven', 'steven@northwindtraders.com', 'Sales Manager', '(123)555-0100', '(123)555-0102', NULL, '(123)555-0103', '123 5th Avenue', 'Seattle', 'WA', '99999', 'USA', 'http://northwindtraders.com#http://northwindtraders.com/#', 'Joined the company as a sales representative and was promoted to sales manager.  Fluent in French.', '');
INSERT INTO `employees` (`id`, `company`, `last_name`, `first_name`, `email_address`, `job_title`, `business_phone`, `home_phone`, `mobile_phone`, `fax_number`, `address`, `city`, `state_province`, `zip_postal_code`, `country_region`, `web_page`, `notes`, `attachments`) VALUES (6, 'Northwind Traders', 'Neipper', 'Michael', 'michael@northwindtraders.com', 'Sales Representative', '(123)555-0100', '(123)555-0102', NULL, '(123)555-0103', '123 6th Avenue', 'Redmond', 'WA', '99999', 'USA', 'http://northwindtraders.com#http://northwindtraders.com/#', 'Fluent in Japanese and can read and write French, Portuguese, and Spanish.', '');
INSERT INTO `employees` (`id`, `company`, `last_name`, `first_name`, `email_address`, `job_title`, `business_phone`, `home_phone`, `mobile_phone`, `fax_number`, `address`, `city`, `state_province`, `zip_postal_code`, `country_region`, `web_page`, `notes`, `attachments`) VALUES (7, 'Northwind Traders', 'Zare', 'Robert', 'robert@northwindtraders.com', 'Sales Representative', '(123)555-0100', '(123)555-0102', NULL, '(123)555-0103', '123 7th Avenue', 'Seattle', 'WA', '99999', 'USA', 'http://northwindtraders.com#http://northwindtraders.com/#', NULL, '');
INSERT INTO `employees` (`id`, `company`, `last_name`, `first_name`, `email_address`, `job_title`, `business_phone`, `home_phone`, `mobile_phone`, `fax_number`, `address`, `city`, `state_province`, `zip_postal_code`, `country_region`, `web_page`, `notes`, `attachments`) VALUES (8, 'Northwind Traders', 'Giussani', 'Laura', 'laura@northwindtraders.com', 'Sales Coordinator', '(123)555-0100', '(123)555-0102', NULL, '(123)555-0103', '123 8th Avenue', 'Redmond', 'WA', '99999', 'USA', 'http://northwindtraders.com#http://northwindtraders.com/#', 'Reads and writes French.', '');
INSERT INTO `employees` (`id`, `company`, `last_name`, `first_name`, `email_address`, `job_title`, `business_phone`, `home_phone`, `mobile_phone`, `fax_number`, `address`, `city`, `state_province`, `zip_postal_code`, `country_region`, `web_page`, `notes`, `attachments`) VALUES (9, 'Northwind Traders', 'Hellung-Larsen', 'Anne', 'anne@northwindtraders.com', 'Sales Representative', '(123)555-0100', '(123)555-0102', NULL, '(123)555-0103', '123 9th Avenue', 'Seattle', 'WA', '99999', 'USA', 'http://northwindtraders.com#http://northwindtraders.com/#', 'Fluent in French and German.', '');
# 9 records

#
# Dumping data for table 'inventory_transaction_types'
#

INSERT INTO `inventory_transaction_types` (`id`, `type_name`) VALUES (1, 'Purchased');
INSERT INTO `inventory_transaction_types` (`id`, `type_name`) VALUES (2, 'Sold');
INSERT INTO `inventory_transaction_types` (`id`, `type_name`) VALUES (3, 'On Hold');
INSERT INTO `inventory_transaction_types` (`id`, `type_name`) VALUES (4, 'Waste');
# 4 records

#
# Dumping data for table 'inventory_transactions'
#


# 102 records

#
# Dumping data for table 'invoices'
#


# 35 records

#
# Dumping data for table 'order_details'
#


# 58 records

#
# Dumping data for table 'order_details_status'
#


# 6 records

#
# Dumping data for table 'orders'
#

INSERT INTO `orders` (`id`, `employee_id`, `customer_id`, `order_date`, `shipped_date`, `shipper_id`, `ship_name`, `ship_address`, `ship_city`, `ship_state_province`, `ship_zip_postal_code`, `ship_country_region`, `shipping_fee`, `taxes`, `payment_type`, `paid_date`, `notes`, `tax_rate`, `tax_status_id`, `status_id`) VALUES (30, 9, 27, '2006-01-15 00:00:00', '2006-01-22 00:00:00', 2, 'Karen Toh', '789 27th Street', 'Las Vegas', 'NV', '99999', 'USA', 200, 0, 'Check', '2006-01-15 00:00:00', NULL, 0, NULL, 3);
INSERT INTO `orders` (`id`, `employee_id`, `customer_id`, `order_date`, `shipped_date`, `shipper_id`, `ship_name`, `ship_address`, `ship_city`, `ship_state_province`, `ship_zip_postal_code`, `ship_country_region`, `shipping_fee`, `taxes`, `payment_type`, `paid_date`, `notes`, `tax_rate`, `tax_status_id`, `status_id`) VALUES (31, 3, 4, '2006-01-20 00:00:00', '2006-01-22 00:00:00', 1, 'Christina Lee', '123 4th Street', 'New York', 'NY', '99999', 'USA', 5, 0, 'Credit Card', '2006-01-20 00:00:00', NULL, 0, NULL, 3);
INSERT INTO `orders` (`id`, `employee_id`, `customer_id`, `order_date`, `shipped_date`, `shipper_id`, `ship_name`, `ship_address`, `ship_city`, `ship_state_province`, `ship_zip_postal_code`, `ship_country_region`, `shipping_fee`, `taxes`, `payment_type`, `paid_date`, `notes`, `tax_rate`, `tax_status_id`, `status_id`) VALUES (32, 4, 12, '2006-01-22 00:00:00', '2006-01-22 00:00:00', 2, 'John Edwards', '123 12th Street', 'Las Vegas', 'NV', '99999', 'USA', 5, 0, 'Credit Card', '2006-01-22 00:00:00', NULL, 0, NULL, 3);
INSERT INTO `orders` (`id`, `employee_id`, `customer_id`, `order_date`, `shipped_date`, `shipper_id`, `ship_name`, `ship_address`, `ship_city`, `ship_state_province`, `ship_zip_postal_code`, `ship_country_region`, `shipping_fee`, `taxes`, `payment_type`, `paid_date`, `notes`, `tax_rate`, `tax_status_id`, `status_id`) VALUES (33, 6, 8, '2006-01-30 00:00:00', '2006-01-31 00:00:00', 3, 'Elizabeth Andersen', '123 8th Street', 'Portland', 'OR', '99999', 'USA', 50, 0, 'Credit Card', '2006-01-30 00:00:00', NULL, 0, NULL, 3);
INSERT INTO `orders` (`id`, `employee_id`, `customer_id`, `order_date`, `shipped_date`, `shipper_id`, `ship_name`, `ship_address`, `ship_city`, `ship_state_province`, `ship_zip_postal_code`, `ship_country_region`, `shipping_fee`, `taxes`, `payment_type`, `paid_date`, `notes`, `tax_rate`, `tax_status_id`, `status_id`) VALUES (34, 9, 4, '2006-02-06 00:00:00', '2006-02-07 00:00:00', 3, 'Christina Lee', '123 4th Street', 'New York', 'NY', '99999', 'USA', 4, 0, 'Check', '2006-02-06 00:00:00', NULL, 0, NULL, 3);
INSERT INTO `orders` (`id`, `employee_id`, `customer_id`, `order_date`, `shipped_date`, `shipper_id`, `ship_name`, `ship_address`, `ship_city`, `ship_state_province`, `ship_zip_postal_code`, `ship_country_region`, `shipping_fee`, `taxes`, `payment_type`, `paid_date`, `notes`, `tax_rate`, `tax_status_id`, `status_id`) VALUES (35, 3, 29, '2006-02-10 00:00:00', '2006-02-12 00:00:00', 2, 'Soo Jung Lee', '789 29th Street', 'Denver', 'CO', '99999', 'USA', 7, 0, 'Check', '2006-02-10 00:00:00', NULL, 0, NULL, 3);
INSERT INTO `orders` (`id`, `employee_id`, `customer_id`, `order_date`, `shipped_date`, `shipper_id`, `ship_name`, `ship_address`, `ship_city`, `ship_state_province`, `ship_zip_postal_code`, `ship_country_region`, `shipping_fee`, `taxes`, `payment_type`, `paid_date`, `notes`, `tax_rate`, `tax_status_id`, `status_id`) VALUES (36, 4, 3, '2006-02-23 00:00:00', '2006-02-25 00:00:00', 2, 'Thomas Axen', '123 3rd Street', 'Los Angelas', 'CA', '99999', 'USA', 7, 0, 'Cash', '2006-02-23 00:00:00', NULL, 0, NULL, 3);
INSERT INTO `orders` (`id`, `employee_id`, `customer_id`, `order_date`, `shipped_date`, `shipper_id`, `ship_name`, `ship_address`, `ship_city`, `ship_state_province`, `ship_zip_postal_code`, `ship_country_region`, `shipping_fee`, `taxes`, `payment_type`, `paid_date`, `notes`, `tax_rate`, `tax_status_id`, `status_id`) VALUES (37, 8, 6, '2006-03-06 00:00:00', '2006-03-09 00:00:00', 2, 'Francisco Pérez-Olaeta', '123 6th Street', 'Milwaukee', 'WI', '99999', 'USA', 12, 0, 'Credit Card', '2006-03-06 00:00:00', NULL, 0, NULL, 3);
INSERT INTO `orders` (`id`, `employee_id`, `customer_id`, `order_date`, `shipped_date`, `shipper_id`, `ship_name`, `ship_address`, `ship_city`, `ship_state_province`, `ship_zip_postal_code`, `ship_country_region`, `shipping_fee`, `taxes`, `payment_type`, `paid_date`, `notes`, `tax_rate`, `tax_status_id`, `status_id`) VALUES (38, 9, 28, '2006-03-10 00:00:00', '2006-03-11 00:00:00', 3, 'Amritansh Raghav', '789 28th Street', 'Memphis', 'TN', '99999', 'USA', 10, 0, 'Check', '2006-03-10 00:00:00', NULL, 0, NULL, 3);
INSERT INTO `orders` (`id`, `employee_id`, `customer_id`, `order_date`, `shipped_date`, `shipper_id`, `ship_name`, `ship_address`, `ship_city`, `ship_state_province`, `ship_zip_postal_code`, `ship_country_region`, `shipping_fee`, `taxes`, `payment_type`, `paid_date`, `notes`, `tax_rate`, `tax_status_id`, `status_id`) VALUES (39, 3, 8, '2006-03-22 00:00:00', '2006-03-24 00:00:00', 3, 'Elizabeth Andersen', '123 8th Street', 'Portland', 'OR', '99999', 'USA', 5, 0, 'Check', '2006-03-22 00:00:00', NULL, 0, NULL, 3);
INSERT INTO `orders` (`id`, `employee_id`, `customer_id`, `order_date`, `shipped_date`, `shipper_id`, `ship_name`, `ship_address`, `ship_city`, `ship_state_province`, `ship_zip_postal_code`, `ship_country_region`, `shipping_fee`, `taxes`, `payment_type`, `paid_date`, `notes`, `tax_rate`, `tax_status_id`, `status_id`) VALUES (40, 4, 10, '2006-03-24 00:00:00', '2006-03-24 00:00:00', 2, 'Roland Wacker', '123 10th Street', 'Chicago', 'IL', '99999', 'USA', 9, 0, 'Credit Card', '2006-03-24 00:00:00', NULL, 0, NULL, 3);
INSERT INTO `orders` (`id`, `employee_id`, `customer_id`, `order_date`, `shipped_date`, `shipper_id`, `ship_name`, `ship_address`, `ship_city`, `ship_state_province`, `ship_zip_postal_code`, `ship_country_region`, `shipping_fee`, `taxes`, `payment_type`, `paid_date`, `notes`, `tax_rate`, `tax_status_id`, `status_id`) VALUES (41, 1, 7, '2006-03-24 00:00:00', NULL, NULL, 'Ming-Yang Xie', '123 7th Street', 'Boise', 'ID', '99999', 'USA', 0, 0, NULL, NULL, NULL, 0, NULL, 0);
INSERT INTO `orders` (`id`, `employee_id`, `customer_id`, `order_date`, `shipped_date`, `shipper_id`, `ship_name`, `ship_address`, `ship_city`, `ship_state_province`, `ship_zip_postal_code`, `ship_country_region`, `shipping_fee`, `taxes`, `payment_type`, `paid_date`, `notes`, `tax_rate`, `tax_status_id`, `status_id`) VALUES (42, 1, 10, '2006-03-24 00:00:00', '2006-04-07 00:00:00', 1, 'Roland Wacker', '123 10th Street', 'Chicago', 'IL', '99999', 'USA', 0, 0, NULL, NULL, NULL, 0, NULL, 2);
INSERT INTO `orders` (`id`, `employee_id`, `customer_id`, `order_date`, `shipped_date`, `shipper_id`, `ship_name`, `ship_address`, `ship_city`, `ship_state_province`, `ship_zip_postal_code`, `ship_country_region`, `shipping_fee`, `taxes`, `payment_type`, `paid_date`, `notes`, `tax_rate`, `tax_status_id`, `status_id`) VALUES (43, 1, 11, '2006-03-24 00:00:00', NULL, 3, 'Peter Krschne', '123 11th Street', 'Miami', 'FL', '99999', 'USA', 0, 0, NULL, NULL, NULL, 0, NULL, 0);
INSERT INTO `orders` (`id`, `employee_id`, `customer_id`, `order_date`, `shipped_date`, `shipper_id`, `ship_name`, `ship_address`, `ship_city`, `ship_state_province`, `ship_zip_postal_code`, `ship_country_region`, `shipping_fee`, `taxes`, `payment_type`, `paid_date`, `notes`, `tax_rate`, `tax_status_id`, `status_id`) VALUES (44, 1, 1, '2006-03-24 00:00:00', NULL, NULL, 'Anna Bedecs', '123 1st Street', 'Seattle', 'WA', '99999', 'USA', 0, 0, NULL, NULL, NULL, 0, NULL, 0);
INSERT INTO `orders` (`id`, `employee_id`, `customer_id`, `order_date`, `shipped_date`, `shipper_id`, `ship_name`, `ship_address`, `ship_city`, `ship_state_province`, `ship_zip_postal_code`, `ship_country_region`, `shipping_fee`, `taxes`, `payment_type`, `paid_date`, `notes`, `tax_rate`, `tax_status_id`, `status_id`) VALUES (45, 1, 28, '2006-04-07 00:00:00', '2006-04-07 00:00:00', 3, 'Amritansh Raghav', '789 28th Street', 'Memphis', 'TN', '99999', 'USA', 40, 0, 'Credit Card', '2006-04-07 00:00:00', NULL, 0, NULL, 3);
INSERT INTO `orders` (`id`, `employee_id`, `customer_id`, `order_date`, `shipped_date`, `shipper_id`, `ship_name`, `ship_address`, `ship_city`, `ship_state_province`, `ship_zip_postal_code`, `ship_country_region`, `shipping_fee`, `taxes`, `payment_type`, `paid_date`, `notes`, `tax_rate`, `tax_status_id`, `status_id`) VALUES (46, 7, 9, '2006-04-05 00:00:00', '2006-04-05 00:00:00', 1, 'Sven Mortensen', '123 9th Street', 'Salt Lake City', 'UT', '99999', 'USA', 100, 0, 'Check', '2006-04-05 00:00:00', NULL, 0, NULL, 3);
INSERT INTO `orders` (`id`, `employee_id`, `customer_id`, `order_date`, `shipped_date`, `shipper_id`, `ship_name`, `ship_address`, `ship_city`, `ship_state_province`, `ship_zip_postal_code`, `ship_country_region`, `shipping_fee`, `taxes`, `payment_type`, `paid_date`, `notes`, `tax_rate`, `tax_status_id`, `status_id`) VALUES (47, 6, 6, '2006-04-08 00:00:00', '2006-04-08 00:00:00', 2, 'Francisco Pérez-Olaeta', '123 6th Street', 'Milwaukee', 'WI', '99999', 'USA', 300, 0, 'Credit Card', '2006-04-08 00:00:00', NULL, 0, NULL, 3);
INSERT INTO `orders` (`id`, `employee_id`, `customer_id`, `order_date`, `shipped_date`, `shipper_id`, `ship_name`, `ship_address`, `ship_city`, `ship_state_province`, `ship_zip_postal_code`, `ship_country_region`, `shipping_fee`, `taxes`, `payment_type`, `paid_date`, `notes`, `tax_rate`, `tax_status_id`, `status_id`) VALUES (48, 4, 8, '2006-04-05 00:00:00', '2006-04-05 00:00:00', 2, 'Elizabeth Andersen', '123 8th Street', 'Portland', 'OR', '99999', 'USA', 50, 0, 'Check', '2006-04-05 00:00:00', NULL, 0, NULL, 3);
INSERT INTO `orders` (`id`, `employee_id`, `customer_id`, `order_date`, `shipped_date`, `shipper_id`, `ship_name`, `ship_address`, `ship_city`, `ship_state_province`, `ship_zip_postal_code`, `ship_country_region`, `shipping_fee`, `taxes`, `payment_type`, `paid_date`, `notes`, `tax_rate`, `tax_status_id`, `status_id`) VALUES (50, 9, 25, '2006-04-05 00:00:00', '2006-04-05 00:00:00', 1, 'John Rodman', '789 25th Street', 'Chicago', 'IL', '99999', 'USA', 5, 0, 'Cash', '2006-04-05 00:00:00', NULL, 0, NULL, 3);
INSERT INTO `orders` (`id`, `employee_id`, `customer_id`, `order_date`, `shipped_date`, `shipper_id`, `ship_name`, `ship_address`, `ship_city`, `ship_state_province`, `ship_zip_postal_code`, `ship_country_region`, `shipping_fee`, `taxes`, `payment_type`, `paid_date`, `notes`, `tax_rate`, `tax_status_id`, `status_id`) VALUES (51, 9, 26, '2006-04-05 00:00:00', '2006-04-05 00:00:00', 3, 'Run Liu', '789 26th Street', 'Miami', 'FL', '99999', 'USA', 60, 0, 'Credit Card', '2006-04-05 00:00:00', NULL, 0, NULL, 3);
INSERT INTO `orders` (`id`, `employee_id`, `customer_id`, `order_date`, `shipped_date`, `shipper_id`, `ship_name`, `ship_address`, `ship_city`, `ship_state_province`, `ship_zip_postal_code`, `ship_country_region`, `shipping_fee`, `taxes`, `payment_type`, `paid_date`, `notes`, `tax_rate`, `tax_status_id`, `status_id`) VALUES (55, 1, 29, '2006-04-05 00:00:00', '2006-04-05 00:00:00', 2, 'Soo Jung Lee', '789 29th Street', 'Denver', 'CO', '99999', 'USA', 200, 0, 'Check', '2006-04-05 00:00:00', NULL, 0, NULL, 3);
INSERT INTO `orders` (`id`, `employee_id`, `customer_id`, `order_date`, `shipped_date`, `shipper_id`, `ship_name`, `ship_address`, `ship_city`, `ship_state_province`, `ship_zip_postal_code`, `ship_country_region`, `shipping_fee`, `taxes`, `payment_type`, `paid_date`, `notes`, `tax_rate`, `tax_status_id`, `status_id`) VALUES (56, 2, 6, '2006-04-03 00:00:00', '2006-04-03 00:00:00', 3, 'Francisco Pérez-Olaeta', '123 6th Street', 'Milwaukee', 'WI', '99999', 'USA', 0, 0, 'Check', '2006-04-03 00:00:00', NULL, 0, NULL, 3);
INSERT INTO `orders` (`id`, `employee_id`, `customer_id`, `order_date`, `shipped_date`, `shipper_id`, `ship_name`, `ship_address`, `ship_city`, `ship_state_province`, `ship_zip_postal_code`, `ship_country_region`, `shipping_fee`, `taxes`, `payment_type`, `paid_date`, `notes`, `tax_rate`, `tax_status_id`, `status_id`) VALUES (57, 9, 27, '2006-04-22 00:00:00', '2006-04-22 00:00:00', 2, 'Karen Toh', '789 27th Street', 'Las Vegas', 'NV', '99999', 'USA', 200, 0, 'Check', '2006-04-22 00:00:00', NULL, 0, NULL, 0);
INSERT INTO `orders` (`id`, `employee_id`, `customer_id`, `order_date`, `shipped_date`, `shipper_id`, `ship_name`, `ship_address`, `ship_city`, `ship_state_province`, `ship_zip_postal_code`, `ship_country_region`, `shipping_fee`, `taxes`, `payment_type`, `paid_date`, `notes`, `tax_rate`, `tax_status_id`, `status_id`) VALUES (58, 3, 4, '2006-04-22 00:00:00', '2006-04-22 00:00:00', 1, 'Christina Lee', '123 4th Street', 'New York', 'NY', '99999', 'USA', 5, 0, 'Credit Card', '2006-04-22 00:00:00', NULL, 0, NULL, 3);
INSERT INTO `orders` (`id`, `employee_id`, `customer_id`, `order_date`, `shipped_date`, `shipper_id`, `ship_name`, `ship_address`, `ship_city`, `ship_state_province`, `ship_zip_postal_code`, `ship_country_region`, `shipping_fee`, `taxes`, `payment_type`, `paid_date`, `notes`, `tax_rate`, `tax_status_id`, `status_id`) VALUES (59, 4, 12, '2006-04-22 00:00:00', '2006-04-22 00:00:00', 2, 'John Edwards', '123 12th Street', 'Las Vegas', 'NV', '99999', 'USA', 5, 0, 'Credit Card', '2006-04-22 00:00:00', NULL, 0, NULL, 0);
INSERT INTO `orders` (`id`, `employee_id`, `customer_id`, `order_date`, `shipped_date`, `shipper_id`, `ship_name`, `ship_address`, `ship_city`, `ship_state_province`, `ship_zip_postal_code`, `ship_country_region`, `shipping_fee`, `taxes`, `payment_type`, `paid_date`, `notes`, `tax_rate`, `tax_status_id`, `status_id`) VALUES (60, 6, 8, '2006-04-30 00:00:00', '2006-04-30 00:00:00', 3, 'Elizabeth Andersen', '123 8th Street', 'Portland', 'OR', '99999', 'USA', 50, 0, 'Credit Card', '2006-04-30 00:00:00', NULL, 0, NULL, 3);
INSERT INTO `orders` (`id`, `employee_id`, `customer_id`, `order_date`, `shipped_date`, `shipper_id`, `ship_name`, `ship_address`, `ship_city`, `ship_state_province`, `ship_zip_postal_code`, `ship_country_region`, `shipping_fee`, `taxes`, `payment_type`, `paid_date`, `notes`, `tax_rate`, `tax_status_id`, `status_id`) VALUES (61, 9, 4, '2006-04-07 00:00:00', '2006-04-07 00:00:00', 3, 'Christina Lee', '123 4th Street', 'New York', 'NY', '99999', 'USA', 4, 0, 'Check', '2006-04-07 00:00:00', NULL, 0, NULL, 0);
INSERT INTO `orders` (`id`, `employee_id`, `customer_id`, `order_date`, `shipped_date`, `shipper_id`, `ship_name`, `ship_address`, `ship_city`, `ship_state_province`, `ship_zip_postal_code`, `ship_country_region`, `shipping_fee`, `taxes`, `payment_type`, `paid_date`, `notes`, `tax_rate`, `tax_status_id`, `status_id`) VALUES (62, 3, 29, '2006-04-12 00:00:00', '2006-04-12 00:00:00', 2, 'Soo Jung Lee', '789 29th Street', 'Denver', 'CO', '99999', 'USA', 7, 0, 'Check', '2006-04-12 00:00:00', NULL, 0, NULL, 0);
INSERT INTO `orders` (`id`, `employee_id`, `customer_id`, `order_date`, `shipped_date`, `shipper_id`, `ship_name`, `ship_address`, `ship_city`, `ship_state_province`, `ship_zip_postal_code`, `ship_country_region`, `shipping_fee`, `taxes`, `payment_type`, `paid_date`, `notes`, `tax_rate`, `tax_status_id`, `status_id`) VALUES (63, 4, 3, '2006-04-25 00:00:00', '2006-04-25 00:00:00', 2, 'Thomas Axen', '123 3rd Street', 'Los Angelas', 'CA', '99999', 'USA', 7, 0, 'Cash', '2006-04-25 00:00:00', NULL, 0, NULL, 3);
INSERT INTO `orders` (`id`, `employee_id`, `customer_id`, `order_date`, `shipped_date`, `shipper_id`, `ship_name`, `ship_address`, `ship_city`, `ship_state_province`, `ship_zip_postal_code`, `ship_country_region`, `shipping_fee`, `taxes`, `payment_type`, `paid_date`, `notes`, `tax_rate`, `tax_status_id`, `status_id`) VALUES (64, 8, 6, '2006-05-09 00:00:00', '2006-05-09 00:00:00', 2, 'Francisco Pérez-Olaeta', '123 6th Street', 'Milwaukee', 'WI', '99999', 'USA', 12, 0, 'Credit Card', '2006-05-09 00:00:00', NULL, 0, NULL, 0);
INSERT INTO `orders` (`id`, `employee_id`, `customer_id`, `order_date`, `shipped_date`, `shipper_id`, `ship_name`, `ship_address`, `ship_city`, `ship_state_province`, `ship_zip_postal_code`, `ship_country_region`, `shipping_fee`, `taxes`, `payment_type`, `paid_date`, `notes`, `tax_rate`, `tax_status_id`, `status_id`) VALUES (65, 9, 28, '2006-05-11 00:00:00', '2006-05-11 00:00:00', 3, 'Amritansh Raghav', '789 28th Street', 'Memphis', 'TN', '99999', 'USA', 10, 0, 'Check', '2006-05-11 00:00:00', NULL, 0, NULL, 0);
INSERT INTO `orders` (`id`, `employee_id`, `customer_id`, `order_date`, `shipped_date`, `shipper_id`, `ship_name`, `ship_address`, `ship_city`, `ship_state_province`, `ship_zip_postal_code`, `ship_country_region`, `shipping_fee`, `taxes`, `payment_type`, `paid_date`, `notes`, `tax_rate`, `tax_status_id`, `status_id`) VALUES (66, 3, 8, '2006-05-24 00:00:00', '2006-05-24 00:00:00', 3, 'Elizabeth Andersen', '123 8th Street', 'Portland', 'OR', '99999', 'USA', 5, 0, 'Check', '2006-05-24 00:00:00', NULL, 0, NULL, 0);
INSERT INTO `orders` (`id`, `employee_id`, `customer_id`, `order_date`, `shipped_date`, `shipper_id`, `ship_name`, `ship_address`, `ship_city`, `ship_state_province`, `ship_zip_postal_code`, `ship_country_region`, `shipping_fee`, `taxes`, `payment_type`, `paid_date`, `notes`, `tax_rate`, `tax_status_id`, `status_id`) VALUES (67, 4, 10, '2006-05-24 00:00:00', '2006-05-24 00:00:00', 2, 'Roland Wacker', '123 10th Street', 'Chicago', 'IL', '99999', 'USA', 9, 0, 'Credit Card', '2006-05-24 00:00:00', NULL, 0, NULL, 3);
INSERT INTO `orders` (`id`, `employee_id`, `customer_id`, `order_date`, `shipped_date`, `shipper_id`, `ship_name`, `ship_address`, `ship_city`, `ship_state_province`, `ship_zip_postal_code`, `ship_country_region`, `shipping_fee`, `taxes`, `payment_type`, `paid_date`, `notes`, `tax_rate`, `tax_status_id`, `status_id`) VALUES (68, 1, 7, '2006-05-24 00:00:00', NULL, NULL, 'Ming-Yang Xie', '123 7th Street', 'Boise', 'ID', '99999', 'USA', 0, 0, NULL, NULL, NULL, 0, NULL, 0);
INSERT INTO `orders` (`id`, `employee_id`, `customer_id`, `order_date`, `shipped_date`, `shipper_id`, `ship_name`, `ship_address`, `ship_city`, `ship_state_province`, `ship_zip_postal_code`, `ship_country_region`, `shipping_fee`, `taxes`, `payment_type`, `paid_date`, `notes`, `tax_rate`, `tax_status_id`, `status_id`) VALUES (69, 1, 10, '2006-05-24 00:00:00', NULL, 1, 'Roland Wacker', '123 10th Street', 'Chicago', 'IL', '99999', 'USA', 0, 0, NULL, NULL, NULL, 0, NULL, 0);
INSERT INTO `orders` (`id`, `employee_id`, `customer_id`, `order_date`, `shipped_date`, `shipper_id`, `ship_name`, `ship_address`, `ship_city`, `ship_state_province`, `ship_zip_postal_code`, `ship_country_region`, `shipping_fee`, `taxes`, `payment_type`, `paid_date`, `notes`, `tax_rate`, `tax_status_id`, `status_id`) VALUES (70, 1, 11, '2006-05-24 00:00:00', NULL, 3, 'Peter Krschne', '123 11th Street', 'Miami', 'FL', '99999', 'USA', 0, 0, NULL, NULL, NULL, 0, NULL, 0);
INSERT INTO `orders` (`id`, `employee_id`, `customer_id`, `order_date`, `shipped_date`, `shipper_id`, `ship_name`, `ship_address`, `ship_city`, `ship_state_province`, `ship_zip_postal_code`, `ship_country_region`, `shipping_fee`, `taxes`, `payment_type`, `paid_date`, `notes`, `tax_rate`, `tax_status_id`, `status_id`) VALUES (71, 1, 1, '2006-05-24 00:00:00', NULL, 3, 'Anna Bedecs', '123 1st Street', 'Seattle', 'WA', '99999', 'USA', 0, 0, NULL, NULL, NULL, 0, NULL, 0);
INSERT INTO `orders` (`id`, `employee_id`, `customer_id`, `order_date`, `shipped_date`, `shipper_id`, `ship_name`, `ship_address`, `ship_city`, `ship_state_province`, `ship_zip_postal_code`, `ship_country_region`, `shipping_fee`, `taxes`, `payment_type`, `paid_date`, `notes`, `tax_rate`, `tax_status_id`, `status_id`) VALUES (72, 1, 28, '2006-06-07 00:00:00', '2006-06-07 00:00:00', 3, 'Amritansh Raghav', '789 28th Street', 'Memphis', 'TN', '99999', 'USA', 40, 0, 'Credit Card', '2006-06-07 00:00:00', NULL, 0, NULL, 3);
INSERT INTO `orders` (`id`, `employee_id`, `customer_id`, `order_date`, `shipped_date`, `shipper_id`, `ship_name`, `ship_address`, `ship_city`, `ship_state_province`, `ship_zip_postal_code`, `ship_country_region`, `shipping_fee`, `taxes`, `payment_type`, `paid_date`, `notes`, `tax_rate`, `tax_status_id`, `status_id`) VALUES (73, 7, 9, '2006-06-05 00:00:00', '2006-06-05 00:00:00', 1, 'Sven Mortensen', '123 9th Street', 'Salt Lake City', 'UT', '99999', 'USA', 100, 0, 'Check', '2006-06-05 00:00:00', NULL, 0, NULL, 3);
INSERT INTO `orders` (`id`, `employee_id`, `customer_id`, `order_date`, `shipped_date`, `shipper_id`, `ship_name`, `ship_address`, `ship_city`, `ship_state_province`, `ship_zip_postal_code`, `ship_country_region`, `shipping_fee`, `taxes`, `payment_type`, `paid_date`, `notes`, `tax_rate`, `tax_status_id`, `status_id`) VALUES (74, 6, 6, '2006-06-08 00:00:00', '2006-06-08 00:00:00', 2, 'Francisco Pérez-Olaeta', '123 6th Street', 'Milwaukee', 'WI', '99999', 'USA', 300, 0, 'Credit Card', '2006-06-08 00:00:00', NULL, 0, NULL, 3);
INSERT INTO `orders` (`id`, `employee_id`, `customer_id`, `order_date`, `shipped_date`, `shipper_id`, `ship_name`, `ship_address`, `ship_city`, `ship_state_province`, `ship_zip_postal_code`, `ship_country_region`, `shipping_fee`, `taxes`, `payment_type`, `paid_date`, `notes`, `tax_rate`, `tax_status_id`, `status_id`) VALUES (75, 4, 8, '2006-06-05 00:00:00', '2006-06-05 00:00:00', 2, 'Elizabeth Andersen', '123 8th Street', 'Portland', 'OR', '99999', 'USA', 50, 0, 'Check', '2006-06-05 00:00:00', NULL, 0, NULL, 3);
INSERT INTO `orders` (`id`, `employee_id`, `customer_id`, `order_date`, `shipped_date`, `shipper_id`, `ship_name`, `ship_address`, `ship_city`, `ship_state_province`, `ship_zip_postal_code`, `ship_country_region`, `shipping_fee`, `taxes`, `payment_type`, `paid_date`, `notes`, `tax_rate`, `tax_status_id`, `status_id`) VALUES (76, 9, 25, '2006-06-05 00:00:00', '2006-06-05 00:00:00', 1, 'John Rodman', '789 25th Street', 'Chicago', 'IL', '99999', 'USA', 5, 0, 'Cash', '2006-06-05 00:00:00', NULL, 0, NULL, 3);
INSERT INTO `orders` (`id`, `employee_id`, `customer_id`, `order_date`, `shipped_date`, `shipper_id`, `ship_name`, `ship_address`, `ship_city`, `ship_state_province`, `ship_zip_postal_code`, `ship_country_region`, `shipping_fee`, `taxes`, `payment_type`, `paid_date`, `notes`, `tax_rate`, `tax_status_id`, `status_id`) VALUES (77, 9, 26, '2006-06-05 00:00:00', '2006-06-05 00:00:00', 3, 'Run Liu', '789 26th Street', 'Miami', 'FL', '99999', 'USA', 60, 0, 'Credit Card', '2006-06-05 00:00:00', NULL, 0, NULL, 3);
INSERT INTO `orders` (`id`, `employee_id`, `customer_id`, `order_date`, `shipped_date`, `shipper_id`, `ship_name`, `ship_address`, `ship_city`, `ship_state_province`, `ship_zip_postal_code`, `ship_country_region`, `shipping_fee`, `taxes`, `payment_type`, `paid_date`, `notes`, `tax_rate`, `tax_status_id`, `status_id`) VALUES (78, 1, 29, '2006-06-05 00:00:00', '2006-06-05 00:00:00', 2, 'Soo Jung Lee', '789 29th Street', 'Denver', 'CO', '99999', 'USA', 200, 0, 'Check', '2006-06-05 00:00:00', NULL, 0, NULL, 3);
INSERT INTO `orders` (`id`, `employee_id`, `customer_id`, `order_date`, `shipped_date`, `shipper_id`, `ship_name`, `ship_address`, `ship_city`, `ship_state_province`, `ship_zip_postal_code`, `ship_country_region`, `shipping_fee`, `taxes`, `payment_type`, `paid_date`, `notes`, `tax_rate`, `tax_status_id`, `status_id`) VALUES (79, 2, 6, '2006-06-23 00:00:00', '2006-06-23 00:00:00', 3, 'Francisco Pérez-Olaeta', '123 6th Street', 'Milwaukee', 'WI', '99999', 'USA', 0, 0, 'Check', '2006-06-23 00:00:00', NULL, 0, NULL, 3);
INSERT INTO `orders` (`id`, `employee_id`, `customer_id`, `order_date`, `shipped_date`, `shipper_id`, `ship_name`, `ship_address`, `ship_city`, `ship_state_province`, `ship_zip_postal_code`, `ship_country_region`, `shipping_fee`, `taxes`, `payment_type`, `paid_date`, `notes`, `tax_rate`, `tax_status_id`, `status_id`) VALUES (80, 2, 4, '2006-04-25 17:03:55', NULL, NULL, 'Christina Lee', '123 4th Street', 'New York', 'NY', '99999', 'USA', 0, 0, NULL, NULL, NULL, 0, NULL, 0);
INSERT INTO `orders` (`id`, `employee_id`, `customer_id`, `order_date`, `shipped_date`, `shipper_id`, `ship_name`, `ship_address`, `ship_city`, `ship_state_province`, `ship_zip_postal_code`, `ship_country_region`, `shipping_fee`, `taxes`, `payment_type`, `paid_date`, `notes`, `tax_rate`, `tax_status_id`, `status_id`) VALUES (81, 2, 3, '2006-04-25 17:26:53', NULL, NULL, 'Thomas Axen', '123 3rd Street', 'Los Angelas', 'CA', '99999', 'USA', 0, 0, NULL, NULL, NULL, 0, NULL, 0);
# 48 records

#
# Dumping data for table 'orders_status'
#

INSERT INTO `orders_status` (`id`, `status_name`) VALUES (0, 'New');
INSERT INTO `orders_status` (`id`, `status_name`) VALUES (1, 'Invoiced');
INSERT INTO `orders_status` (`id`, `status_name`) VALUES (2, 'Shipped');
INSERT INTO `orders_status` (`id`, `status_name`) VALUES (3, 'Closed');
# 4 records

#
# Dumping data for table 'orders_tax_status'
#

INSERT INTO `orders_tax_status` (`id`, `tax_status_name`) VALUES (0, 'Tax Exempt');
INSERT INTO `orders_tax_status` (`id`, `tax_status_name`) VALUES (1, 'Taxable');
# 2 records

#
# Dumping data for table 'privileges'
#

INSERT INTO `privileges` (`id`, `privilege_name`) VALUES (2, 'Purchase Approvals');
# 1 records

#
# Dumping data for table 'products'
# 

INSERT INTO `products` (`supplier_ids`, `id`, `product_code`, `product_name`, `description`, `standard_cost`, `list_price`, `reorder_level`, `target_level`, `quantity_per_unit`, `discontinued`, `minimum_reorder_quantity`, `category`, `attachments`) VALUES ('4', 1, 'NWTB-1', 'Northwind Traders Chai', NULL, 13.5, 18, 10, 40, '10 boxes x 20 bags', 0, 10, 'Beverages', '');
INSERT INTO `products` (`supplier_ids`, `id`, `product_code`, `product_name`, `description`, `standard_cost`, `list_price`, `reorder_level`, `target_level`, `quantity_per_unit`, `discontinued`, `minimum_reorder_quantity`, `category`, `attachments`) VALUES ('10', 3, 'NWTCO-3', 'Northwind Traders Syrup', NULL, 7.5, 10, 25, 100, '12 - 550 ml bottles', 0, 25, 'Condiments', '');
INSERT INTO `products` (`supplier_ids`, `id`, `product_code`, `product_name`, `description`, `standard_cost`, `list_price`, `reorder_level`, `target_level`, `quantity_per_unit`, `discontinued`, `minimum_reorder_quantity`, `category`, `attachments`) VALUES ('10', 4, 'NWTCO-4', 'Northwind Traders Cajun Seasoning', NULL, 16.5, 22, 10, 40, '48 - 6 oz jars', 0, 10, 'Condiments', '');
INSERT INTO `products` (`supplier_ids`, `id`, `product_code`, `product_name`, `description`, `standard_cost`, `list_price`, `reorder_level`, `target_level`, `quantity_per_unit`, `discontinued`, `minimum_reorder_quantity`, `category`, `attachments`) VALUES ('10', 5, 'NWTO-5', 'Northwind Traders Olive Oil', NULL, 16.0125, 21.35, 10, 40, '36 boxes', 0, 10, 'Oil', '');
INSERT INTO `products` (`supplier_ids`, `id`, `product_code`, `product_name`, `description`, `standard_cost`, `list_price`, `reorder_level`, `target_level`, `quantity_per_unit`, `discontinued`, `minimum_reorder_quantity`, `category`, `attachments`) VALUES ('2;6', 6, 'NWTJP-6', 'Northwind Traders Boysenberry Spread', NULL, 18.75, 25, 25, 100, '12 - 8 oz jars', 0, 25, 'Jams, Preserves', '');
INSERT INTO `products` (`supplier_ids`, `id`, `product_code`, `product_name`, `description`, `standard_cost`, `list_price`, `reorder_level`, `target_level`, `quantity_per_unit`, `discontinued`, `minimum_reorder_quantity`, `category`, `attachments`) VALUES ('2', 7, 'NWTDFN-7', 'Northwind Traders Dried Pears', NULL, 22.5, 30, 10, 40, '12 - 1 lb pkgs.', 0, 10, 'Dried Fruit & Nuts', '');
INSERT INTO `products` (`supplier_ids`, `id`, `product_code`, `product_name`, `description`, `standard_cost`, `list_price`, `reorder_level`, `target_level`, `quantity_per_unit`, `discontinued`, `minimum_reorder_quantity`, `category`, `attachments`) VALUES ('8', 8, 'NWTS-8', 'Northwind Traders Curry Sauce', NULL, 30, 40, 10, 40, '12 - 12 oz jars', 0, 10, 'Sauces', '');
INSERT INTO `products` (`supplier_ids`, `id`, `product_code`, `product_name`, `description`, `standard_cost`, `list_price`, `reorder_level`, `target_level`, `quantity_per_unit`, `discontinued`, `minimum_reorder_quantity`, `category`, `attachments`) VALUES ('2;6', 14, 'NWTDFN-14', 'Northwind Traders Walnuts', NULL, 17.4375, 23.25, 10, 40, '40 - 100 g pkgs.', 0, 10, 'Dried Fruit & Nuts', '');
INSERT INTO `products` (`supplier_ids`, `id`, `product_code`, `product_name`, `description`, `standard_cost`, `list_price`, `reorder_level`, `target_level`, `quantity_per_unit`, `discontinued`, `minimum_reorder_quantity`, `category`, `attachments`) VALUES ('6', 17, 'NWTCFV-17', 'Northwind Traders Fruit Cocktail', NULL, 29.25, 39, 10, 40, '15.25 OZ', 0, 10, 'Canned Fruit & Vegetables', '');
INSERT INTO `products` (`supplier_ids`, `id`, `product_code`, `product_name`, `description`, `standard_cost`, `list_price`, `reorder_level`, `target_level`, `quantity_per_unit`, `discontinued`, `minimum_reorder_quantity`, `category`, `attachments`) VALUES ('1', 19, 'NWTBGM-19', 'Northwind Traders Chocolate Biscuits Mix', NULL, 6.9, 9.2, 5, 20, '10 boxes x 12 pieces', 0, 5, 'Baked Goods & Mixes', '');
INSERT INTO `products` (`supplier_ids`, `id`, `product_code`, `product_name`, `description`, `standard_cost`, `list_price`, `reorder_level`, `target_level`, `quantity_per_unit`, `discontinued`, `minimum_reorder_quantity`, `category`, `attachments`) VALUES ('2;6', 20, 'NWTJP-6', 'Northwind Traders Marmalade', NULL, 60.75, 81, 10, 40, '30 gift boxes', 0, 10, 'Jams, Preserves', '');
INSERT INTO `products` (`supplier_ids`, `id`, `product_code`, `product_name`, `description`, `standard_cost`, `list_price`, `reorder_level`, `target_level`, `quantity_per_unit`, `discontinued`, `minimum_reorder_quantity`, `category`, `attachments`) VALUES ('1', 21, 'NWTBGM-21', 'Northwind Traders Scones', NULL, 7.5, 10, 5, 20, '24 pkgs. x 4 pieces', 0, 5, 'Baked Goods & Mixes', '');
INSERT INTO `products` (`supplier_ids`, `id`, `product_code`, `product_name`, `description`, `standard_cost`, `list_price`, `reorder_level`, `target_level`, `quantity_per_unit`, `discontinued`, `minimum_reorder_quantity`, `category`, `attachments`) VALUES ('4', 34, 'NWTB-34', 'Northwind Traders Beer', NULL, 10.5, 14, 15, 60, '24 - 12 oz bottles', 0, 15, 'Beverages', '');
INSERT INTO `products` (`supplier_ids`, `id`, `product_code`, `product_name`, `description`, `standard_cost`, `list_price`, `reorder_level`, `target_level`, `quantity_per_unit`, `discontinued`, `minimum_reorder_quantity`, `category`, `attachments`) VALUES ('7', 40, 'NWTCM-40', 'Northwind Traders Crab Meat', NULL, 13.8, 18.4, 30, 120, '24 - 4 oz tins', 0, 30, 'Canned Meat', '');
INSERT INTO `products` (`supplier_ids`, `id`, `product_code`, `product_name`, `description`, `standard_cost`, `list_price`, `reorder_level`, `target_level`, `quantity_per_unit`, `discontinued`, `minimum_reorder_quantity`, `category`, `attachments`) VALUES ('6', 41, 'NWTSO-41', 'Northwind Traders Clam Chowder', NULL, 7.2375, 9.65, 10, 40, '12 - 12 oz cans', 0, 10, 'Soups', '');
INSERT INTO `products` (`supplier_ids`, `id`, `product_code`, `product_name`, `description`, `standard_cost`, `list_price`, `reorder_level`, `target_level`, `quantity_per_unit`, `discontinued`, `minimum_reorder_quantity`, `category`, `attachments`) VALUES ('3;4', 43, 'NWTB-43', 'Northwind Traders Coffee', NULL, 34.5, 46, 25, 100, '16 - 500 g tins', 0, 25, 'Beverages', '');
INSERT INTO `products` (`supplier_ids`, `id`, `product_code`, `product_name`, `description`, `standard_cost`, `list_price`, `reorder_level`, `target_level`, `quantity_per_unit`, `discontinued`, `minimum_reorder_quantity`, `category`, `attachments`) VALUES ('10', 48, 'NWTCA-48', 'Northwind Traders Chocolate', NULL, 9.5625, 12.75, 25, 100, '10 pkgs', 0, 25, 'Candy', '');
INSERT INTO `products` (`supplier_ids`, `id`, `product_code`, `product_name`, `description`, `standard_cost`, `list_price`, `reorder_level`, `target_level`, `quantity_per_unit`, `discontinued`, `minimum_reorder_quantity`, `category`, `attachments`) VALUES ('2', 51, 'NWTDFN-51', 'Northwind Traders Dried Apples', NULL, 39.75, 53, 10, 40, '50 - 300 g pkgs.', 0, 10, 'Dried Fruit & Nuts', '');
INSERT INTO `products` (`supplier_ids`, `id`, `product_code`, `product_name`, `description`, `standard_cost`, `list_price`, `reorder_level`, `target_level`, `quantity_per_unit`, `discontinued`, `minimum_reorder_quantity`, `category`, `attachments`) VALUES ('1', 52, 'NWTG-52', 'Northwind Traders Long Grain Rice', NULL, 5.25, 7, 25, 100, '16 - 2 kg boxes', 0, 25, 'Grains', '');
INSERT INTO `products` (`supplier_ids`, `id`, `product_code`, `product_name`, `description`, `standard_cost`, `list_price`, `reorder_level`, `target_level`, `quantity_per_unit`, `discontinued`, `minimum_reorder_quantity`, `category`, `attachments`) VALUES ('1', 56, 'NWTP-56', 'Northwind Traders Gnocchi', NULL, 28.5, 38, 30, 120, '24 - 250 g pkgs.', 0, 30, 'Pasta', '');
INSERT INTO `products` (`supplier_ids`, `id`, `product_code`, `product_name`, `description`, `standard_cost`, `list_price`, `reorder_level`, `target_level`, `quantity_per_unit`, `discontinued`, `minimum_reorder_quantity`, `category`, `attachments`) VALUES ('1', 57, 'NWTP-57', 'Northwind Traders Ravioli', NULL, 14.625, 19.5, 20, 80, '24 - 250 g pkgs.', 0, 20, 'Pasta', '');
INSERT INTO `products` (`supplier_ids`, `id`, `product_code`, `product_name`, `description`, `standard_cost`, `list_price`, `reorder_level`, `target_level`, `quantity_per_unit`, `discontinued`, `minimum_reorder_quantity`, `category`, `attachments`) VALUES ('8', 65, 'NWTS-65', 'Northwind Traders Hot Pepper Sauce', NULL, 15.7875, 21.05, 10, 40, '32 - 8 oz bottles', 0, 10, 'Sauces', '');
INSERT INTO `products` (`supplier_ids`, `id`, `product_code`, `product_name`, `description`, `standard_cost`, `list_price`, `reorder_level`, `target_level`, `quantity_per_unit`, `discontinued`, `minimum_reorder_quantity`, `category`, `attachments`) VALUES ('8', 66, 'NWTS-66', 'Northwind Traders Tomato Sauce', NULL, 12.75, 17, 20, 80, '24 - 8 oz jars', 0, 20, 'Sauces', '');
INSERT INTO `products` (`supplier_ids`, `id`, `product_code`, `product_name`, `description`, `standard_cost`, `list_price`, `reorder_level`, `target_level`, `quantity_per_unit`, `discontinued`, `minimum_reorder_quantity`, `category`, `attachments`) VALUES ('5', 72, 'NWTD-72', 'Northwind Traders Mozzarella', NULL, 26.1, 34.8, 10, 40, '24 - 200 g pkgs.', 0, 10, 'Dairy products', '');
INSERT INTO `products` (`supplier_ids`, `id`, `product_code`, `product_name`, `description`, `standard_cost`, `list_price`, `reorder_level`, `target_level`, `quantity_per_unit`, `discontinued`, `minimum_reorder_quantity`, `category`, `attachments`) VALUES ('2;6', 74, 'NWTDFN-74', 'Northwind Traders Almonds', NULL, 7.5, 10, 5, 20, '5 kg pkg.', 0, 5, 'Dried Fruit & Nuts', '');
INSERT INTO `products` (`supplier_ids`, `id`, `product_code`, `product_name`, `description`, `standard_cost`, `list_price`, `reorder_level`, `target_level`, `quantity_per_unit`, `discontinued`, `minimum_reorder_quantity`, `category`, `attachments`) VALUES ('10', 77, 'NWTCO-77', 'Northwind Traders Mustard', NULL, 9.75, 13, 15, 60, '12 boxes', 0, 15, 'Condiments', '');
INSERT INTO `products` (`supplier_ids`, `id`, `product_code`, `product_name`, `description`, `standard_cost`, `list_price`, `reorder_level`, `target_level`, `quantity_per_unit`, `discontinued`, `minimum_reorder_quantity`, `category`, `attachments`) VALUES ('2', 80, 'NWTDFN-80', 'Northwind Traders Dried Plums', NULL, 3, 3.5, 50, 75, '1 lb bag', 0, 25, 'Dried Fruit & Nuts', '');
INSERT INTO `products` (`supplier_ids`, `id`, `product_code`, `product_name`, `description`, `standard_cost`, `list_price`, `reorder_level`, `target_level`, `quantity_per_unit`, `discontinued`, `minimum_reorder_quantity`, `category`, `attachments`) VALUES ('3', 81, 'NWTB-81', 'Northwind Traders Green Tea', NULL, 2, 2.99, 100, 125, '20 bags per box', 0, 25, 'Beverages', '');
INSERT INTO `products` (`supplier_ids`, `id`, `product_code`, `product_name`, `description`, `standard_cost`, `list_price`, `reorder_level`, `target_level`, `quantity_per_unit`, `discontinued`, `minimum_reorder_quantity`, `category`, `attachments`) VALUES ('1', 82, 'NWTC-82', 'Northwind Traders Granola', NULL, 2, 4, 20, 100, NULL, 0, NULL, 'Cereal', '');
INSERT INTO `products` (`supplier_ids`, `id`, `product_code`, `product_name`, `description`, `standard_cost`, `list_price`, `reorder_level`, `target_level`, `quantity_per_unit`, `discontinued`, `minimum_reorder_quantity`, `category`, `attachments`) VALUES ('9', 83, 'NWTCS-83', 'Northwind Traders Potato Chips', NULL, .5, 1.8, 30, 200, NULL, 0, NULL, 'Chips, Snacks', '');
INSERT INTO `products` (`supplier_ids`, `id`, `product_code`, `product_name`, `description`, `standard_cost`, `list_price`, `reorder_level`, `target_level`, `quantity_per_unit`, `discontinued`, `minimum_reorder_quantity`, `category`, `attachments`) VALUES ('1', 85, 'NWTBGM-85', 'Northwind Traders Brownie Mix', NULL, 9, 12.49, 10, 20, '3 boxes', 0, 5, 'Baked Goods & Mixes', '');
INSERT INTO `products` (`supplier_ids`, `id`, `product_code`, `product_name`, `description`, `standard_cost`, `list_price`, `reorder_level`, `target_level`, `quantity_per_unit`, `discontinued`, `minimum_reorder_quantity`, `category`, `attachments`) VALUES ('1', 86, 'NWTBGM-86', 'Northwind Traders Cake Mix', NULL, 10.5, 15.99, 10, 20, '4 boxes', 0, 5, 'Baked Goods & Mixes', '');
INSERT INTO `products` (`supplier_ids`, `id`, `product_code`, `product_name`, `description`, `standard_cost`, `list_price`, `reorder_level`, `target_level`, `quantity_per_unit`, `discontinued`, `minimum_reorder_quantity`, `category`, `attachments`) VALUES ('7', 87, 'NWTB-87', 'Northwind Traders Tea', NULL, 2, 4, 20, 50, '100 count per box', 0, NULL, 'Beverages', '');
INSERT INTO `products` (`supplier_ids`, `id`, `product_code`, `product_name`, `description`, `standard_cost`, `list_price`, `reorder_level`, `target_level`, `quantity_per_unit`, `discontinued`, `minimum_reorder_quantity`, `category`, `attachments`) VALUES ('6', 88, 'NWTCFV-88', 'Northwind Traders Pears', NULL, 1, 1.3, 10, 40, '15.25 OZ', 0, NULL, 'Canned Fruit & Vegetables', '');
INSERT INTO `products` (`supplier_ids`, `id`, `product_code`, `product_name`, `description`, `standard_cost`, `list_price`, `reorder_level`, `target_level`, `quantity_per_unit`, `discontinued`, `minimum_reorder_quantity`, `category`, `attachments`) VALUES ('6', 89, 'NWTCFV-89', 'Northwind Traders Peaches', NULL, 1, 1.5, 10, 40, '15.25 OZ', 0, NULL, 'Canned Fruit & Vegetables', '');
INSERT INTO `products` (`supplier_ids`, `id`, `product_code`, `product_name`, `description`, `standard_cost`, `list_price`, `reorder_level`, `target_level`, `quantity_per_unit`, `discontinued`, `minimum_reorder_quantity`, `category`, `attachments`) VALUES ('6', 90, 'NWTCFV-90', 'Northwind Traders Pineapple', NULL, 1, 1.8, 10, 40, '15.25 OZ', 0, NULL, 'Canned Fruit & Vegetables', '');
INSERT INTO `products` (`supplier_ids`, `id`, `product_code`, `product_name`, `description`, `standard_cost`, `list_price`, `reorder_level`, `target_level`, `quantity_per_unit`, `discontinued`, `minimum_reorder_quantity`, `category`, `attachments`) VALUES ('6', 91, 'NWTCFV-91', 'Northwind Traders Cherry Pie Filling', NULL, 1, 2, 10, 40, '15.25 OZ', 0, NULL, 'Canned Fruit & Vegetables', '');
INSERT INTO `products` (`supplier_ids`, `id`, `product_code`, `product_name`, `description`, `standard_cost`, `list_price`, `reorder_level`, `target_level`, `quantity_per_unit`, `discontinued`, `minimum_reorder_quantity`, `category`, `attachments`) VALUES ('6', 92, 'NWTCFV-92', 'Northwind Traders Green Beans', NULL, 1, 1.2, 10, 40, '14.5 OZ', 0, NULL, 'Canned Fruit & Vegetables', '');
INSERT INTO `products` (`supplier_ids`, `id`, `product_code`, `product_name`, `description`, `standard_cost`, `list_price`, `reorder_level`, `target_level`, `quantity_per_unit`, `discontinued`, `minimum_reorder_quantity`, `category`, `attachments`) VALUES ('6', 93, 'NWTCFV-93', 'Northwind Traders Corn', NULL, 1, 1.2, 10, 40, '14.5 OZ', 0, NULL, 'Canned Fruit & Vegetables', '');
INSERT INTO `products` (`supplier_ids`, `id`, `product_code`, `product_name`, `description`, `standard_cost`, `list_price`, `reorder_level`, `target_level`, `quantity_per_unit`, `discontinued`, `minimum_reorder_quantity`, `category`, `attachments`) VALUES ('6', 94, 'NWTCFV-94', 'Northwind Traders Peas', NULL, 1, 1.5, 10, 40, '14.5 OZ', 0, NULL, 'Canned Fruit & Vegetables', '');
INSERT INTO `products` (`supplier_ids`, `id`, `product_code`, `product_name`, `description`, `standard_cost`, `list_price`, `reorder_level`, `target_level`, `quantity_per_unit`, `discontinued`, `minimum_reorder_quantity`, `category`, `attachments`) VALUES ('7', 95, 'NWTCM-95', 'Northwind Traders Tuna Fish', NULL, .5, 2, 30, 50, '5 oz', 0, NULL, 'Canned Meat', '');
INSERT INTO `products` (`supplier_ids`, `id`, `product_code`, `product_name`, `description`, `standard_cost`, `list_price`, `reorder_level`, `target_level`, `quantity_per_unit`, `discontinued`, `minimum_reorder_quantity`, `category`, `attachments`) VALUES ('7', 96, 'NWTCM-96', 'Northwind Traders Smoked Salmon', NULL, 2, 4, 30, 50, '5 oz', 0, NULL, 'Canned Meat', '');
INSERT INTO `products` (`supplier_ids`, `id`, `product_code`, `product_name`, `description`, `standard_cost`, `list_price`, `reorder_level`, `target_level`, `quantity_per_unit`, `discontinued`, `minimum_reorder_quantity`, `category`, `attachments`) VALUES ('1', 97, 'NWTC-82', 'Northwind Traders Hot Cereal', NULL, 3, 5, 50, 200, NULL, 0, NULL, 'Cereal', '');
INSERT INTO `products` (`supplier_ids`, `id`, `product_code`, `product_name`, `description`, `standard_cost`, `list_price`, `reorder_level`, `target_level`, `quantity_per_unit`, `discontinued`, `minimum_reorder_quantity`, `category`, `attachments`) VALUES ('6', 98, 'NWTSO-98', 'Northwind Traders Vegetable Soup', NULL, 1, 1.89, 100, 200, NULL, 0, NULL, 'Soups', '');
INSERT INTO `products` (`supplier_ids`, `id`, `product_code`, `product_name`, `description`, `standard_cost`, `list_price`, `reorder_level`, `target_level`, `quantity_per_unit`, `discontinued`, `minimum_reorder_quantity`, `category`, `attachments`) VALUES ('6', 99, 'NWTSO-99', 'Northwind Traders Chicken Soup', NULL, 1, 1.95, 100, 200, NULL, 0, NULL, 'Soups', '');
# 45 records

#
# Dumping data for table 'purchase_order_details'
#



#
# Dumping data for table 'purchase_order_status'
#


# 4 records

#
# Dumping data for table 'purchase_orders'
#


# 28 records

#
# Dumping data for table 'sales_reports'
#


# 5 records

#
# Dumping data for table 'shippers'
#

INSERT INTO `shippers` (`id`, `company`, `last_name`, `first_name`, `email_address`, `job_title`, `business_phone`, `home_phone`, `mobile_phone`, `fax_number`, `address`, `city`, `state_province`, `zip_postal_code`, `country_region`, `web_page`, `notes`, `attachments`) VALUES (1, 'Shipping Company A', NULL, NULL, NULL, NULL, NULL, NULL, NULL, NULL, '123 Any Street', 'Memphis', 'TN', '99999', 'USA', NULL, NULL, '');
INSERT INTO `shippers` (`id`, `company`, `last_name`, `first_name`, `email_address`, `job_title`, `business_phone`, `home_phone`, `mobile_phone`, `fax_number`, `address`, `city`, `state_province`, `zip_postal_code`, `country_region`, `web_page`, `notes`, `attachments`) VALUES (2, 'Shipping Company B', NULL, NULL, NULL, NULL, NULL, NULL, NULL, NULL, '123 Any Street', 'Memphis', 'TN', '99999', 'USA', NULL, NULL, '');
INSERT INTO `shippers` (`id`, `company`, `last_name`, `first_name`, `email_address`, `job_title`, `business_phone`, `home_phone`, `mobile_phone`, `fax_number`, `address`, `city`, `state_province`, `zip_postal_code`, `country_region`, `web_page`, `notes`, `attachments`) VALUES (3, 'Shipping Company C', NULL, NULL, NULL, NULL, NULL, NULL, NULL, NULL, '123 Any Street', 'Memphis', 'TN', '99999', 'USA', NULL, NULL, '');
# 3 records

#
# Dumping data for table 'strings'
#

INSERT INTO `strings` (`string_id`, `string_data`) VALUES (2, 'Northwind Traders');
INSERT INTO `strings` (`string_id`, `string_data`) VALUES (3, 'Cannot remove posted inventory!');
INSERT INTO `strings` (`string_id`, `string_data`) VALUES (4, 'Back ordered product filled for Order #|');
INSERT INTO `strings` (`string_id`, `string_data`) VALUES (5, 'Discounted price below cost!');
INSERT INTO `strings` (`string_id`, `string_data`) VALUES (6, 'Insufficient inventory.');
INSERT INTO `strings` (`string_id`, `string_data`) VALUES (7, 'Insufficient inventory. Do you want to create a purchase order?');
INSERT INTO `strings` (`string_id`, `string_data`) VALUES (8, 'Purchase orders were successfully created for | products');
INSERT INTO `strings` (`string_id`, `string_data`) VALUES (9, 'There are no products below their respective reorder levels');
INSERT INTO `strings` (`string_id`, `string_data`) VALUES (10, 'Must specify customer name!');
INSERT INTO `strings` (`string_id`, `string_data`) VALUES (11, 'Restocking will generate purchase orders for all products below desired inventory levels.  Do you want to continue?');
INSERT INTO `strings` (`string_id`, `string_data`) VALUES (12, 'Cannot create purchase order.  No suppliers listed for specified product');
INSERT INTO `strings` (`string_id`, `string_data`) VALUES (13, 'Discounted price is below cost!');
INSERT INTO `strings` (`string_id`, `string_data`) VALUES (14, 'Do you want to continue?');
INSERT INTO `strings` (`string_id`, `string_data`) VALUES (15, 'Order is already invoiced. Do you want to print the invoice?');
INSERT INTO `strings` (`string_id`, `string_data`) VALUES (16, 'Order does not contain any line items');
INSERT INTO `strings` (`string_id`, `string_data`) VALUES (17, 'Cannot create invoice!  Inventory has not been allocated for each specified product.');
INSERT INTO `strings` (`string_id`, `string_data`) VALUES (18, 'Sorry, there are no sales in the specified time period');
INSERT INTO `strings` (`string_id`, `string_data`) VALUES (19, 'Product successfully restocked.');
INSERT INTO `strings` (`string_id`, `string_data`) VALUES (21, 'Product does not need restocking! Product is already at desired inventory level.');
INSERT INTO `strings` (`string_id`, `string_data`) VALUES (22, 'Product restocking failed!');
INSERT INTO `strings` (`string_id`, `string_data`) VALUES (23, 'Invalid login specified!');
INSERT INTO `strings` (`string_id`, `string_data`) VALUES (24, 'Must first select reported!');
INSERT INTO `strings` (`string_id`, `string_data`) VALUES (25, 'Changing supplier will remove purchase line items, continue?');
INSERT INTO `strings` (`string_id`, `string_data`) VALUES (26, 'Purchase orders were successfully submitted for | products.  Do you want to view the restocking report?');
INSERT INTO `strings` (`string_id`, `string_data`) VALUES (27, 'There was an error attempting to restock inventory levels.');
INSERT INTO `strings` (`string_id`, `string_data`) VALUES (28, '| product(s) were successfully restocked.  Do you want to view the restocking report?');
INSERT INTO `strings` (`string_id`, `string_data`) VALUES (29, 'You cannot remove purchase line items already posted to inventory!');
INSERT INTO `strings` (`string_id`, `string_data`) VALUES (30, 'There was an error removing one or more purchase line items.');
INSERT INTO `strings` (`string_id`, `string_data`) VALUES (31, 'You cannot modify quantity for purchased product already received or posted to inventory.');
INSERT INTO `strings` (`string_id`, `string_data`) VALUES (32, 'You cannot modify price for purchased product already received or posted to inventory.');
INSERT INTO `strings` (`string_id`, `string_data`) VALUES (33, 'Product has been successfully posted to inventory.');
INSERT INTO `strings` (`string_id`, `string_data`) VALUES (34, 'Sorry, product cannot be successfully posted to inventory.');
INSERT INTO `strings` (`string_id`, `string_data`) VALUES (35, 'There are orders with this product on back order.  Would you like to fill them now?');
INSERT INTO `strings` (`string_id`, `string_data`) VALUES (36, 'Cannot post product to inventory without specifying received date!');
INSERT INTO `strings` (`string_id`, `string_data`) VALUES (37, 'Do you want to post received product to inventory?');
INSERT INTO `strings` (`string_id`, `string_data`) VALUES (38, 'Initialize purchase, orders, and inventory data?');
INSERT INTO `strings` (`string_id`, `string_data`) VALUES (39, 'Must first specify employee name!');
INSERT INTO `strings` (`string_id`, `string_data`) VALUES (40, 'Specified user must be logged in to approve purchase!');
INSERT INTO `strings` (`string_id`, `string_data`) VALUES (41, 'Purchase order must contain completed line items before it can be approved');
INSERT INTO `strings` (`string_id`, `string_data`) VALUES (42, 'Sorry, you do not have permission to approve purchases.');
INSERT INTO `strings` (`string_id`, `string_data`) VALUES (43, 'Purchase successfully approved');
INSERT INTO `strings` (`string_id`, `string_data`) VALUES (44, 'Purchase cannot be approved');
INSERT INTO `strings` (`string_id`, `string_data`) VALUES (45, 'Purchase successfully submitted for approval');
INSERT INTO `strings` (`string_id`, `string_data`) VALUES (46, 'Purchase cannot be submitted for approval');
INSERT INTO `strings` (`string_id`, `string_data`) VALUES (47, 'Sorry, purchase order does not contain line items');
INSERT INTO `strings` (`string_id`, `string_data`) VALUES (48, 'Do you want to cancel this order?');
INSERT INTO `strings` (`string_id`, `string_data`) VALUES (49, 'Canceling an order will permanently delete the order.  Are you sure you want to cancel?');
INSERT INTO `strings` (`string_id`, `string_data`) VALUES (100, 'Your order was successfully canceled.');
INSERT INTO `strings` (`string_id`, `string_data`) VALUES (101, 'Cannot cancel an order that has items received and posted to inventory.');
INSERT INTO `strings` (`string_id`, `string_data`) VALUES (102, 'There was an error trying to cancel this order.');
INSERT INTO `strings` (`string_id`, `string_data`) VALUES (103, 'The invoice for this order has not yet been created.');
INSERT INTO `strings` (`string_id`, `string_data`) VALUES (104, 'Shipping information is not complete.  Please specify all shipping information and try again.');
INSERT INTO `strings` (`string_id`, `string_data`) VALUES (105, 'Cannot mark as shipped.  Order must first be invoiced!');
INSERT INTO `strings` (`string_id`, `string_data`) VALUES (106, 'Cannot cancel an order that has already shipped!');
INSERT INTO `strings` (`string_id`, `string_data`) VALUES (107, 'Must first specify salesperson!');
INSERT INTO `strings` (`string_id`, `string_data`) VALUES (108, 'Order is now marked closed.');
INSERT INTO `strings` (`string_id`, `string_data`) VALUES (109, 'Order must first be marked shipped before closing.');
INSERT INTO `strings` (`string_id`, `string_data`) VALUES (110, 'Must first specify payment information!');
INSERT INTO `strings` (`string_id`, `string_data`) VALUES (111, 'There was an error attempting to restock inventory levels.  | product(s) were successfully restocked.');
INSERT INTO `strings` (`string_id`, `string_data`) VALUES (112, 'You must supply a Unit Cost.');
INSERT INTO `strings` (`string_id`, `string_data`) VALUES (113, 'Fill back ordered product, Order #|');
INSERT INTO `strings` (`string_id`, `string_data`) VALUES (114, 'Purchase generated based on Order #|');
# 62 records

#
# Dumping data for table 'suppliers'
#

INSERT INTO `suppliers` (`id`, `company`, `last_name`, `first_name`, `email_address`, `job_title`, `business_phone`, `home_phone`, `mobile_phone`, `fax_number`, `address`, `city`, `state_province`, `zip_postal_code`, `country_region`, `web_page`, `notes`, `attachments`) VALUES (1, 'Supplier A', 'Andersen', 'Elizabeth A.', NULL, 'Sales Manager', NULL, NULL, NULL, NULL, NULL, NULL, NULL, NULL, NULL, NULL, NULL, '');
INSERT INTO `suppliers` (`id`, `company`, `last_name`, `first_name`, `email_address`, `job_title`, `business_phone`, `home_phone`, `mobile_phone`, `fax_number`, `address`, `city`, `state_province`, `zip_postal_code`, `country_region`, `web_page`, `notes`, `attachments`) VALUES (2, 'Supplier B', 'Weiler', 'Cornelia', NULL, 'Sales Manager', NULL, NULL, NULL, NULL, NULL, NULL, NULL, NULL, NULL, NULL, NULL, '');
INSERT INTO `suppliers` (`id`, `company`, `last_name`, `first_name`, `email_address`, `job_title`, `business_phone`, `home_phone`, `mobile_phone`, `fax_number`, `address`, `city`, `state_province`, `zip_postal_code`, `country_region`, `web_page`, `notes`, `attachments`) VALUES (3, 'Supplier C', 'Kelley', 'Madeleine', NULL, 'Sales Representative', NULL, NULL, NULL, NULL, NULL, NULL, NULL, NULL, NULL, NULL, NULL, '');
INSERT INTO `suppliers` (`id`, `company`, `last_name`, `first_name`, `email_address`, `job_title`, `business_phone`, `home_phone`, `mobile_phone`, `fax_number`, `address`, `city`, `state_province`, `zip_postal_code`, `country_region`, `web_page`, `notes`, `attachments`) VALUES (4, 'Supplier D', 'Sato', 'Naoki', NULL, 'Marketing Manager', NULL, NULL, NULL, NULL, NULL, NULL, NULL, NULL, NULL, NULL, NULL, '');
INSERT INTO `suppliers` (`id`, `company`, `last_name`, `first_name`, `email_address`, `job_title`, `business_phone`, `home_phone`, `mobile_phone`, `fax_number`, `address`, `city`, `state_province`, `zip_postal_code`, `country_region`, `web_page`, `notes`, `attachments`) VALUES (5, 'Supplier E', 'Hernandez-Echevarria', 'Amaya', NULL, 'Sales Manager', NULL, NULL, NULL, NULL, NULL, NULL, NULL, NULL, NULL, NULL, NULL, '');
INSERT INTO `suppliers` (`id`, `company`, `last_name`, `first_name`, `email_address`, `job_title`, `business_phone`, `home_phone`, `mobile_phone`, `fax_number`, `address`, `city`, `state_province`, `zip_postal_code`, `country_region`, `web_page`, `notes`, `attachments`) VALUES (6, 'Supplier F', 'Hayakawa', 'Satomi', NULL, 'Marketing Assistant', NULL, NULL, NULL, NULL, NULL, NULL, NULL, NULL, NULL, NULL, NULL, '');
INSERT INTO `suppliers` (`id`, `company`, `last_name`, `first_name`, `email_address`, `job_title`, `business_phone`, `home_phone`, `mobile_phone`, `fax_number`, `address`, `city`, `state_province`, `zip_postal_code`, `country_region`, `web_page`, `notes`, `attachments`) VALUES (7, 'Supplier G', 'Glasson', 'Stuart', NULL, 'Marketing Manager', NULL, NULL, NULL, NULL, NULL, NULL, NULL, NULL, NULL, NULL, NULL, '');
INSERT INTO `suppliers` (`id`, `company`, `last_name`, `first_name`, `email_address`, `job_title`, `business_phone`, `home_phone`, `mobile_phone`, `fax_number`, `address`, `city`, `state_province`, `zip_postal_code`, `country_region`, `web_page`, `notes`, `attachments`) VALUES (8, 'Supplier H', 'Dunton', 'Bryn Paul', NULL, 'Sales Representative', NULL, NULL, NULL, NULL, NULL, NULL, NULL, NULL, NULL, NULL, NULL, '');
INSERT INTO `suppliers` (`id`, `company`, `last_name`, `first_name`, `email_address`, `job_title`, `business_phone`, `home_phone`, `mobile_phone`, `fax_number`, `address`, `city`, `state_province`, `zip_postal_code`, `country_region`, `web_page`, `notes`, `attachments`) VALUES (9, 'Supplier I', 'Sandberg', 'Mikael', NULL, 'Sales Manager', NULL, NULL, NULL, NULL, NULL, NULL, NULL, NULL, NULL, NULL, NULL, '');
INSERT INTO `suppliers` (`id`, `company`, `last_name`, `first_name`, `email_address`, `job_title`, `business_phone`, `home_phone`, `mobile_phone`, `fax_number`, `address`, `city`, `state_province`, `zip_postal_code`, `country_region`, `web_page`, `notes`, `attachments`) VALUES (10, 'Supplier J', 'Sousa', 'Luis', NULL, 'Sales Manager', NULL, NULL, NULL, NULL, NULL, NULL, NULL, NULL, NULL, NULL, NULL, '');
# 10 records

SET FOREIGN_KEY_CHECKS=@OLD_FOREIGN_KEY_CHECKS;
SET UNIQUE_CHECKS=@OLD_UNIQUE_CHECKS;